order_id,order_date,ship_date,ship_mode,customer_id,segment,region,product_id,category,sub_category,quantity,unit_price,discount,sales,profit
ORD-000001,2026-01-31,2026-02-04,Standard Class,CUST-00467,Corporate,South,PROD-0001,Technology,Machines,7,56.98,0.2,319.09,64.0
ORD-000002,2023-05-11,2023-05-17,Standard Class,CUST-00277,Home Office,South,PROD-0002,Furniture,Furnishings,1,277.3,0.0,277.3,32.16
ORD-000003,2024-04-19,2024-04-22,Standard Class,CUST-00687,Consumer,South,PROD-0003,Office Supplies,Art,3,347.3,0.5,520.95,69.49
ORD-000004,2024-10-08,2024-10-13,Standard Class,CUST-00777,Home Office,South,PROD-0004,Office Supplies,Paper,10,92.42,0.1,831.78,99.88
ORD-000005,2024-05-23,2024-05-30,Second Class,CUST-00390,Consumer,South,PROD-0005,Furniture,Chairs,6,494.31,0.0,2965.86,1141.24
ORD-000006,2024-12-30,2025-01-03,First Class,CUST-00456,Corporate,South,PROD-0006,Technology,Accessories,7,471.15,0.3,2308.63,744.0
ORD-000007,2023-12-04,2023-12-11,Standard Class,CUST-00041,Consumer,East,PROD-0007,Technology,Accessories,1,18.99,0.0,18.99,1.85
ORD-000008,2024-10-09,2024-10-16,Second Class,CUST-00773,Corporate,South,PROD-0008,Technology,Phones,10,325.83,0.0,3258.3,1080.29
ORD-000009,2025-02-18,2025-02-20,Second Class,CUST-00684,Corporate,Central,PROD-0009,Furniture,Bookcases,8,250.88,0.0,2007.04,183.57
ORD-000010,2024-10-04,2024-10-05,Standard Class,CUST-00207,Consumer,Central,PROD-0010,Technology,Machines,10,27.75,0.0,277.5,-23.39
ORD-000011,2025-01-12,2025-01-13,Second Class,CUST-00655,Consumer,West,PROD-0011,Office Supplies,Art,11,186.74,0.3,1437.9,286.76
ORD-000012,2026-06-20,2026-06-26,Standard Class,CUST-00796,Consumer,East,PROD-0012,Technology,Accessories,4,803.84,0.0,3215.36,976.57
ORD-000013,2026-06-08,2026-06-14,First Class,CUST-00745,Consumer,Central,PROD-0013,Furniture,Chairs,3,11.22,0.0,33.66,3.66
ORD-000014,2026-06-02,2026-06-05,Standard Class,CUST-00692,Consumer,West,PROD-0014,Office Supplies,Storage,1,63.08,0.0,63.08,1.48
ORD-000015,2026-02-10,2026-02-15,Standard Class,CUST-00566,Corporate,Central,PROD-0015,Office Supplies,Binders,7,254.39,0.2,1424.58,28.18
ORD-000016,2026-02-27,2026-03-04,Standard Class,CUST-00767,Corporate,Central,PROD-0016,Office Supplies,Art,6,334.17,0.1,1804.52,391.16
ORD-000017,2025-01-21,2025-01-22,First Class,CUST-00764,Corporate,West,PROD-0017,Furniture,Bookcases,11,202.12,0.1,2000.99,609.8
ORD-000018,2026-03-17,2026-03-24,First Class,CUST-00641,Consumer,South,PROD-0018,Furniture,Chairs,11,310.25,0.0,3412.75,1236.6
ORD-000019,2023-09-20,2023-09-24,Standard Class,CUST-00897,Corporate,East,PROD-0019,Furniture,Furnishings,5,810.87,0.1,3648.91,253.65
ORD-000020,2026-01-27,2026-01-30,Second Class,CUST-00628,Home Office,South,PROD-0020,Technology,Machines,11,842.39,0.15,7876.35,1846.96
ORD-000021,2023-09-11,2023-09-14,Standard Class,CUST-00878,Home Office,Central,PROD-0021,Office Supplies,Binders,2,439.62,0.0,879.24,349.26
ORD-000022,2023-06-10,2023-06-14,Second Class,CUST-00135,Corporate,South,PROD-0022,Furniture,Chairs,3,593.56,0.0,1780.68,-94.67
ORD-000023,2024-04-14,2024-04-21,Second Class,CUST-00226,Home Office,Central,PROD-0023,Office Supplies,Labels,5,454.86,0.0,2274.3,332.64
ORD-000024,2024-03-28,2024-04-01,Second Class,CUST-00017,Consumer,South,PROD-0024,Technology,Machines,5,795.73,0.1,3580.79,1348.3
ORD-000025,2024-05-11,2024-05-17,Standard Class,CUST-00161,Home Office,South,PROD-0025,Technology,Machines,3,156.7,0.0,470.1,173.03
ORD-000026,2024-07-23,2024-07-26,Standard Class,CUST-00639,Corporate,South,PROD-0026,Office Supplies,Paper,11,269.29,0.0,2962.19,960.74
ORD-000027,2023-09-03,2023-09-10,Second Class,CUST-00828,Consumer,Central,PROD-0027,Office Supplies,Paper,10,9.64,0.1,86.76,-0.25
ORD-000028,2024-05-26,2024-06-01,Standard Class,CUST-00834,Consumer,Central,PROD-0028,Technology,Copiers,7,606.46,0.0,4245.22,-95.43
ORD-000029,2026-04-28,2026-05-03,Standard Class,CUST-00783,Consumer,West,PROD-0029,Technology,Accessories,6,485.69,0.0,2914.14,914.85
ORD-000030,2025-09-30,2025-10-04,Standard Class,CUST-00047,Consumer,West,PROD-0030,Office Supplies,Art,3,575.5,0.1,1553.85,602.78
ORD-000031,2024-09-27,2024-09-29,Standard Class,CUST-00346,Consumer,South,PROD-0031,Office Supplies,Binders,5,169.98,0.0,849.9,97.02
ORD-000032,2025-10-09,2025-10-10,Standard Class,CUST-00560,Consumer,Central,PROD-0032,Furniture,Chairs,9,595.88,0.0,5362.92,2024.14
ORD-000033,2024-12-04,2024-12-11,Standard Class,CUST-00435,Consumer,Central,PROD-0033,Office Supplies,Labels,5,112.55,0.0,562.75,-30.45
ORD-000034,2025-12-06,2025-12-07,Standard Class,CUST-00432,Consumer,East,PROD-0034,Office Supplies,Art,5,428.76,0.0,2143.8,250.67
ORD-000035,2023-01-23,2023-01-25,Standard Class,CUST-00762,Consumer,South,PROD-0035,Office Supplies,Labels,3,455.31,0.2,1092.74,250.62
ORD-000036,2024-05-30,2024-06-06,First Class,CUST-00690,Corporate,South,PROD-0036,Technology,Copiers,3,580.74,0.0,1742.22,301.07
ORD-000037,2026-04-06,2026-04-08,Standard Class,CUST-00253,Consumer,East,PROD-0037,Furniture,Chairs,3,558.34,0.0,1675.02,381.67
ORD-000038,2024-08-27,2024-08-29,Standard Class,CUST-00501,Consumer,Central,PROD-0038,Office Supplies,Paper,2,567.9,0.2,908.64,243.09
ORD-000039,2025-10-17,2025-10-18,Standard Class,CUST-00099,Corporate,East,PROD-0039,Office Supplies,Labels,4,337.96,0.15,1149.06,80.9
ORD-000040,2026-04-28,2026-05-03,Standard Class,CUST-00798,Corporate,East,PROD-0040,Furniture,Bookcases,1,483.22,0.0,483.22,45.81
ORD-000041,2024-02-01,2024-02-04,First Class,CUST-00265,Home Office,South,PROD-0041,Furniture,Furnishings,7,861.34,0.1,5426.44,766.54
ORD-000042,2023-05-24,2023-05-29,Standard Class,CUST-00565,Corporate,East,PROD-0042,Furniture,Furnishings,7,704.26,0.0,4929.82,1801.67
ORD-000043,2026-04-24,2026-05-01,Standard Class,CUST-00843,Corporate,East,PROD-0043,Technology,Accessories,2,871.94,0.1,1569.49,499.85
ORD-000044,2025-07-01,2025-07-06,Standard Class,CUST-00795,Consumer,East,PROD-0044,Technology,Accessories,10,136.21,0.0,1362.1,22.63
ORD-000045,2024-05-14,2024-05-15,Standard Class,CUST-00415,Corporate,East,PROD-0045,Technology,Phones,3,700.55,0.0,2101.65,235.62
ORD-000046,2023-02-08,2023-02-14,Standard Class,CUST-00476,Consumer,West,PROD-0046,Office Supplies,Labels,8,110.19,0.1,793.37,216.61
ORD-000047,2023-12-14,2023-12-20,Standard Class,CUST-00117,Consumer,East,PROD-0047,Office Supplies,Art,6,722.89,0.3,3036.14,540.44
ORD-000048,2025-03-25,2025-03-30,Standard Class,CUST-00659,Home Office,Central,PROD-0048,Furniture,Chairs,4,72.51,0.0,290.04,2.44
ORD-000049,2026-03-12,2026-03-19,Second Class,CUST-00012,Consumer,West,PROD-0049,Technology,Accessories,10,855.62,0.2,6844.96,874.98
ORD-000050,2024-10-29,2024-11-03,Standard Class,CUST-00178,Consumer,South,PROD-0050,Office Supplies,Art,5,877.08,0.5,2192.7,546.16
ORD-000051,2026-03-14,2026-03-15,Standard Class,CUST-00558,Corporate,East,PROD-0051,Office Supplies,Art,3,741.17,0.3,1556.46,409.13
ORD-000052,2024-03-25,2024-03-27,Standard Class,CUST-00801,Consumer,Central,PROD-0052,Technology,Accessories,6,730.45,0.5,2191.35,-54.33
ORD-000053,2025-05-02,2025-05-04,Standard Class,CUST-00105,Corporate,Central,PROD-0053,Office Supplies,Storage,3,124.8,0.0,374.4,-23.33
ORD-000054,2024-04-20,2024-04-21,Standard Class,CUST-00565,Home Office,West,PROD-0054,Office Supplies,Labels,5,682.59,0.0,3412.95,70.11
ORD-000055,2024-04-01,2024-04-07,First Class,CUST-00488,Consumer,East,PROD-0055,Office Supplies,Labels,2,325.56,0.0,651.12,153.53
ORD-000056,2024-11-04,2024-11-10,Standard Class,CUST-00389,Home Office,West,PROD-0056,Technology,Machines,11,366.12,0.0,4027.32,-344.77
ORD-000057,2026-05-15,2026-05-20,Standard Class,CUST-00764,Consumer,Central,PROD-0057,Office Supplies,Paper,2,318.78,0.0,637.56,61.28
ORD-000058,2025-05-08,2025-05-11,Second Class,CUST-00542,Corporate,East,PROD-0058,Technology,Copiers,7,473.62,0.1,2983.81,889.88
ORD-000059,2023-05-18,2023-05-19,Same Day,CUST-00053,Consumer,South,PROD-0059,Office Supplies,Art,2,299.23,0.1,538.61,10.81
ORD-000060,2023-04-21,2023-04-22,Standard Class,CUST-00900,Corporate,West,PROD-0060,Office Supplies,Storage,8,373.44,0.2,2390.02,376.71
ORD-000061,2024-11-02,2024-11-04,Standard Class,CUST-00682,Home Office,Central,PROD-0061,Office Supplies,Storage,6,84.39,0.0,506.34,66.02
ORD-000062,2023-12-12,2023-12-18,Standard Class,CUST-00047,Consumer,East,PROD-0062,Office Supplies,Paper,9,620.57,0.0,5585.13,-120.14
ORD-000063,2023-02-17,2023-02-22,Standard Class,CUST-00692,Consumer,East,PROD-0063,Furniture,Furnishings,8,438.65,0.1,3158.28,266.74
ORD-000064,2026-05-24,2026-05-26,Second Class,CUST-00623,Consumer,Central,PROD-0064,Technology,Accessories,7,462.95,0.0,3240.65,-150.41
ORD-000065,2025-03-16,2025-03-19,Standard Class,CUST-00273,Consumer,Central,PROD-0065,Office Supplies,Binders,7,84.84,0.0,593.88,9.86
ORD-000066,2026-05-20,2026-05-21,Standard Class,CUST-00111,Consumer,East,PROD-0066,Office Supplies,Storage,6,530.22,0.1,2863.19,331.64
ORD-000067,2024-08-17,2024-08-19,Standard Class,CUST-00315,Corporate,West,PROD-0067,Office Supplies,Art,6,547.17,0.0,3283.02,-161.23
ORD-000068,2024-09-15,2024-09-19,Standard Class,CUST-00137,Home Office,West,PROD-0068,Technology,Accessories,7,51.21,0.0,358.47,89.07
ORD-000069,2025-07-08,2025-07-15,Standard Class,CUST-00118,Home Office,South,PROD-0069,Technology,Copiers,1,444.22,0.1,399.8,124.11
ORD-000070,2023-07-13,2023-07-20,Standard Class,CUST-00410,Home Office,Central,PROD-0070,Office Supplies,Paper,6,641.3,0.0,3847.8,1031.69
ORD-000071,2023-05-20,2023-05-27,Standard Class,CUST-00511,Consumer,South,PROD-0071,Technology,Accessories,4,291.97,0.0,1167.88,98.82
ORD-000072,2023-01-10,2023-01-15,First Class,CUST-00321,Consumer,West,PROD-0072,Furniture,Furnishings,5,7.43,0.0,37.15,5.07
ORD-000073,2026-01-23,2026-01-24,First Class,CUST-00459,Consumer,South,PROD-0073,Technology,Copiers,9,188.48,0.0,1696.32,616.15
ORD-000074,2025-07-06,2025-07-10,Standard Class,CUST-00798,Corporate,Central,PROD-0074,Technology,Copiers,3,152.02,0.15,387.65,90.17
ORD-000075,2024-07-27,2024-07-31,Standard Class,CUST-00616,Corporate,East,PROD-0075,Office Supplies,Paper,3,563.57,0.0,1690.71,201.82
ORD-000076,2025-09-19,2025-09-20,Standard Class,CUST-00039,Consumer,West,PROD-0076,Office Supplies,Paper,3,391.22,0.0,1173.66,311.34
ORD-000077,2024-07-07,2024-07-11,First Class,CUST-00420,Corporate,East,PROD-0077,Technology,Phones,6,678.4,0.1,3663.36,1059.76
ORD-000078,2023-10-16,2023-10-22,Second Class,CUST-00118,Consumer,West,PROD-0078,Furniture,Tables,6,485.15,0.0,2910.9,374.05
ORD-000079,2025-08-05,2025-08-12,Second Class,CUST-00130,Consumer,East,PROD-0079,Technology,Phones,11,578.83,0.1,5730.42,981.98
ORD-000080,2023-03-10,2023-03-14,Standard Class,CUST-00815,Corporate,South,PROD-0080,Furniture,Tables,10,852.82,0.0,8528.2,1646.92
ORD-000081,2025-08-15,2025-08-17,Standard Class,CUST-00324,Home Office,Central,PROD-0081,Office Supplies,Art,5,830.64,0.1,3737.88,-88.7
ORD-000082,2024-08-26,2024-09-02,First Class,CUST-00779,Consumer,East,PROD-0082,Office Supplies,Storage,7,114.92,0.0,804.44,-13.87
ORD-000083,2024-02-24,2024-03-01,Standard Class,CUST-00661,Consumer,Central,PROD-0083,Technology,Phones,9,671.1,0.0,6039.9,1775.1
ORD-000084,2025-07-25,2025-07-28,Standard Class,CUST-00210,Home Office,West,PROD-0084,Office Supplies,Binders,11,665.06,0.0,7315.66,90.0
ORD-000085,2025-05-25,2025-05-28,Standard Class,CUST-00856,Consumer,East,PROD-0085,Furniture,Furnishings,1,329.34,0.0,329.34,71.18
ORD-000086,2023-06-05,2023-06-07,Standard Class,CUST-00342,Consumer,South,PROD-0086,Office Supplies,Binders,8,454.46,0.0,3635.68,-241.63
ORD-000087,2023-08-03,2023-08-06,Standard Class,CUST-00429,Consumer,West,PROD-0087,Furniture,Bookcases,8,530.77,0.0,4246.16,1091.39
ORD-000088,2025-10-06,2025-10-08,Second Class,CUST-00644,Consumer,West,PROD-0088,Office Supplies,Binders,1,304.25,0.0,304.25,84.16
ORD-000089,2025-02-16,2025-02-18,Same Day,CUST-00800,Home Office,South,PROD-0089,Technology,Accessories,2,780.96,0.0,1561.92,274.68
ORD-000090,2024-03-18,2024-03-25,Standard Class,CUST-00609,Corporate,East,PROD-0090,Furniture,Tables,8,94.0,0.0,752.0,196.37
ORD-000091,2026-02-17,2026-02-23,Standard Class,CUST-00735,Corporate,South,PROD-0091,Technology,Copiers,7,807.22,0.0,5650.54,-323.47
ORD-000092,2023-05-31,2023-06-05,Standard Class,CUST-00514,Corporate,Central,PROD-0092,Furniture,Chairs,1,736.61,0.0,736.61,21.89
ORD-000093,2024-12-07,2024-12-14,Second Class,CUST-00226,Consumer,East,PROD-0093,Furniture,Furnishings,5,268.55,0.3,939.92,264.87
ORD-000094,2024-08-15,2024-08-17,Standard Class,CUST-00882,Consumer,West,PROD-0094,Office Supplies,Storage,3,463.65,0.1,1251.85,312.24
ORD-000095,2026-05-09,2026-05-15,Standard Class,CUST-00727,Corporate,West,PROD-0095,Office Supplies,Art,5,21.46,0.2,85.84,-3.53
ORD-000096,2023-02-10,2023-02-16,Second Class,CUST-00629,Consumer,East,PROD-0096,Furniture,Chairs,10,130.32,0.0,1303.2,43.33
ORD-000097,2024-12-31,2025-01-02,First Class,CUST-00476,Consumer,East,PROD-0097,Office Supplies,Binders,10,382.72,0.0,3827.2,1451.71
ORD-000098,2025-03-29,2025-04-03,Standard Class,CUST-00512,Consumer,East,PROD-0098,Office Supplies,Paper,4,648.55,0.0,2594.2,475.26
ORD-000099,2023-04-08,2023-04-15,Standard Class,CUST-00148,Consumer,South,PROD-0099,Office Supplies,Labels,3,537.59,0.0,1612.77,238.99
ORD-000100,2023-12-31,2024-01-03,Standard Class,CUST-00017,Consumer,West,PROD-0100,Office Supplies,Paper,1,448.46,0.1,403.61,47.39
ORD-000101,2025-11-28,2025-12-01,Standard Class,CUST-00866,Corporate,South,PROD-0101,Technology,Phones,3,286.56,0.15,730.73,278.44
ORD-000102,2025-11-06,2025-11-08,Same Day,CUST-00339,Consumer,Central,PROD-0102,Office Supplies,Binders,8,576.86,0.15,3922.65,1027.94
ORD-000103,2025-09-02,2025-09-08,Second Class,CUST-00489,Corporate,East,PROD-0103,Technology,Accessories,10,40.29,0.1,362.61,131.49
ORD-000104,2025-09-07,2025-09-13,Standard Class,CUST-00688,Corporate,Central,PROD-0104,Technology,Accessories,8,874.1,0.3,4894.96,671.13
ORD-000105,2025-09-16,2025-09-20,Standard Class,CUST-00159,Home Office,Central,PROD-0105,Technology,Accessories,8,210.86,0.0,1686.88,-103.78
ORD-000106,2025-03-15,2025-03-18,Standard Class,CUST-00349,Consumer,Central,PROD-0106,Office Supplies,Art,6,290.28,0.1,1567.51,537.64
ORD-000107,2026-02-05,2026-02-11,Standard Class,CUST-00781,Home Office,West,PROD-0107,Office Supplies,Storage,2,845.47,0.15,1437.3,573.44
ORD-000108,2023-01-29,2023-02-04,Standard Class,CUST-00748,Consumer,East,PROD-0108,Furniture,Tables,9,692.6,0.0,6233.4,689.9
ORD-000109,2024-01-24,2024-01-25,Standard Class,CUST-00324,Consumer,East,PROD-0109,Furniture,Bookcases,2,214.08,0.0,428.16,-38.99
ORD-000110,2024-08-07,2024-08-14,Second Class,CUST-00380,Home Office,South,PROD-0110,Office Supplies,Art,6,884.19,0.2,4244.11,850.52
ORD-000111,2025-12-21,2025-12-26,Standard Class,CUST-00861,Consumer,South,PROD-0111,Technology,Machines,6,548.92,0.0,3293.52,50.51
ORD-000112,2023-08-14,2023-08-15,Standard Class,CUST-00773,Corporate,West,PROD-0112,Furniture,Chairs,6,872.35,0.2,4187.28,1523.65
ORD-000113,2024-02-23,2024-02-25,Standard Class,CUST-00781,Home Office,South,PROD-0113,Office Supplies,Binders,8,674.35,0.0,5394.8,1874.48
ORD-000114,2025-08-09,2025-08-12,First Class,CUST-00170,Consumer,East,PROD-0114,Office Supplies,Labels,9,299.5,0.3,1886.85,504.93
ORD-000115,2026-06-03,2026-06-07,Standard Class,CUST-00037,Consumer,East,PROD-0115,Office Supplies,Storage,5,892.37,0.0,4461.85,1523.51
ORD-000116,2023-11-14,2023-11-19,Standard Class,CUST-00749,Corporate,South,PROD-0116,Technology,Machines,1,791.37,0.15,672.66,154.19
ORD-000117,2023-12-19,2023-12-22,Second Class,CUST-00170,Home Office,East,PROD-0117,Technology,Phones,4,558.66,0.15,1899.44,-39.31
ORD-000118,2024-07-10,2024-07-12,Standard Class,CUST-00551,Home Office,West,PROD-0118,Office Supplies,Paper,2,737.08,0.15,1253.04,192.63
ORD-000119,2023-10-22,2023-10-24,Standard Class,CUST-00866,Corporate,East,PROD-0119,Office Supplies,Storage,8,737.72,0.0,5901.76,245.94
ORD-000120,2024-08-08,2024-08-09,First Class,CUST-00278,Corporate,South,PROD-0120,Technology,Machines,4,160.51,0.15,545.73,203.91
ORD-000121,2023-07-11,2023-07-12,Standard Class,CUST-00120,Consumer,West,PROD-0121,Technology,Phones,11,767.91,0.5,4223.51,1005.31
ORD-000122,2024-12-16,2024-12-20,Standard Class,CUST-00033,Consumer,East,PROD-0122,Office Supplies,Art,6,337.79,0.15,1722.73,45.23
ORD-000123,2025-01-07,2025-01-12,Standard Class,CUST-00797,Home Office,East,PROD-0123,Technology,Machines,11,202.59,0.0,2228.49,535.39
ORD-000124,2025-11-11,2025-11-14,Standard Class,CUST-00021,Consumer,West,PROD-0124,Office Supplies,Binders,5,576.48,0.0,2882.4,106.96
ORD-000125,2024-07-23,2024-07-27,First Class,CUST-00792,Consumer,East,PROD-0125,Technology,Accessories,2,778.6,0.0,1557.2,598.12
ORD-000126,2024-03-05,2024-03-06,First Class,CUST-00199,Corporate,South,PROD-0126,Technology,Phones,3,718.13,0.0,2154.39,766.79
ORD-000127,2024-01-13,2024-01-16,Standard Class,CUST-00894,Consumer,East,PROD-0127,Furniture,Bookcases,4,390.12,0.0,1560.48,227.51
ORD-000128,2024-12-26,2025-01-01,Same Day,CUST-00721,Consumer,South,PROD-0128,Office Supplies,Paper,8,420.82,0.1,3029.9,296.24
ORD-000129,2024-08-29,2024-09-04,Second Class,CUST-00392,Home Office,East,PROD-0129,Office Supplies,Labels,11,435.05,0.0,4785.55,100.6
ORD-000130,2025-06-07,2025-06-13,Second Class,CUST-00714,Corporate,West,PROD-0130,Furniture,Furnishings,8,13.74,0.0,109.92,17.46
ORD-000131,2025-03-11,2025-03-12,Standard Class,CUST-00194,Consumer,East,PROD-0131,Office Supplies,Binders,6,512.95,0.1,2769.93,831.79
ORD-000132,2025-09-20,2025-09-22,Second Class,CUST-00009,Corporate,South,PROD-0132,Furniture,Chairs,6,556.86,0.1,3007.04,148.6
ORD-000133,2024-12-16,2024-12-18,Standard Class,CUST-00459,Corporate,West,PROD-0133,Office Supplies,Art,4,499.94,0.0,1999.76,583.76
ORD-000134,2025-06-13,2025-06-16,Second Class,CUST-00012,Consumer,West,PROD-0134,Furniture,Furnishings,7,587.01,0.0,4109.07,854.16
ORD-000135,2026-03-16,2026-03-23,Standard Class,CUST-00288,Home Office,South,PROD-0135,Office Supplies,Labels,3,149.7,0.0,449.1,101.78
ORD-000136,2024-07-02,2024-07-03,Standard Class,CUST-00207,Consumer,West,PROD-0136,Office Supplies,Art,1,757.2,0.0,757.2,288.03
ORD-000137,2025-08-14,2025-08-18,Standard Class,CUST-00562,Corporate,South,PROD-0137,Office Supplies,Art,1,465.03,0.0,465.03,-39.67
ORD-000138,2025-05-15,2025-05-19,Standard Class,CUST-00371,Consumer,South,PROD-0138,Technology,Accessories,10,821.57,0.0,8215.7,1737.48
ORD-000139,2023-01-21,2023-01-28,Second Class,CUST-00298,Consumer,South,PROD-0139,Furniture,Tables,2,166.97,0.2,267.15,39.04
ORD-000140,2023-11-14,2023-11-20,Standard Class,CUST-00130,Corporate,West,PROD-0140,Technology,Machines,7,151.35,0.0,1059.45,407.58
ORD-000141,2023-03-07,2023-03-10,Standard Class,CUST-00303,Corporate,South,PROD-0141,Office Supplies,Binders,11,795.92,0.0,8755.12,572.98
ORD-000142,2025-04-23,2025-04-29,First Class,CUST-00313,Corporate,South,PROD-0142,Furniture,Chairs,6,155.02,0.0,930.12,249.46
ORD-000143,2026-05-12,2026-05-17,First Class,CUST-00620,Consumer,South,PROD-0143,Technology,Copiers,11,105.17,0.0,1156.87,-82.67
ORD-000144,2024-05-25,2024-05-30,Standard Class,CUST-00757,Consumer,East,PROD-0144,Technology,Phones,11,287.96,0.0,3167.56,-250.91
ORD-000145,2024-05-04,2024-05-08,Same Day,CUST-00306,Consumer,Central,PROD-0145,Technology,Copiers,9,524.2,0.0,4717.8,758.93
ORD-000146,2025-07-07,2025-07-11,Standard Class,CUST-00375,Corporate,South,PROD-0146,Office Supplies,Labels,8,873.07,0.0,6984.56,1650.46
ORD-000147,2024-05-31,2024-06-07,First Class,CUST-00414,Home Office,East,PROD-0147,Furniture,Tables,2,223.51,0.15,379.97,126.27
ORD-000148,2024-08-10,2024-08-13,Standard Class,CUST-00654,Corporate,South,PROD-0148,Technology,Accessories,5,601.94,0.0,3009.7,223.58
ORD-000149,2025-10-06,2025-10-12,Second Class,CUST-00757,Home Office,East,PROD-0149,Office Supplies,Binders,9,102.65,0.1,831.47,234.97
ORD-000150,2023-01-19,2023-01-25,First Class,CUST-00641,Consumer,East,PROD-0150,Technology,Phones,8,270.7,0.1,1949.04,125.11
ORD-000151,2025-12-24,2025-12-28,Standard Class,CUST-00305,Consumer,Central,PROD-0151,Office Supplies,Labels,1,402.76,0.0,402.76,77.95
ORD-000152,2025-08-25,2025-08-31,Standard Class,CUST-00328,Corporate,West,PROD-0152,Office Supplies,Paper,2,433.87,0.0,867.74,61.28
ORD-000153,2023-01-12,2023-01-17,Second Class,CUST-00343,Corporate,Central,PROD-0153,Office Supplies,Labels,6,673.45,0.1,3636.63,584.1
ORD-000154,2023-01-21,2023-01-28,Second Class,CUST-00051,Home Office,South,PROD-0154,Office Supplies,Labels,4,841.32,0.0,3365.28,-165.87
ORD-000155,2025-08-21,2025-08-26,Standard Class,CUST-00144,Home Office,East,PROD-0155,Office Supplies,Storage,10,551.25,0.1,4961.25,180.15
ORD-000156,2024-10-05,2024-10-07,Standard Class,CUST-00159,Corporate,Central,PROD-0156,Furniture,Bookcases,7,269.27,0.15,1602.16,-11.83
ORD-000157,2025-08-09,2025-08-13,Second Class,CUST-00891,Consumer,South,PROD-0157,Office Supplies,Binders,7,576.0,0.0,4032.0,793.37
ORD-000158,2025-11-15,2025-11-16,First Class,CUST-00720,Home Office,East,PROD-0158,Office Supplies,Paper,1,217.0,0.15,184.45,6.9
ORD-000159,2024-06-14,2024-06-18,Second Class,CUST-00439,Consumer,East,PROD-0159,Office Supplies,Paper,2,141.92,0.0,283.84,94.98
ORD-000160,2024-11-03,2024-11-10,Standard Class,CUST-00523,Consumer,Central,PROD-0160,Office Supplies,Labels,10,234.91,0.1,2114.19,-149.63
ORD-000161,2025-07-09,2025-07-11,Standard Class,CUST-00167,Consumer,West,PROD-0161,Office Supplies,Labels,9,624.73,0.5,2811.28,-100.65
ORD-000162,2026-05-26,2026-06-01,Second Class,CUST-00676,Consumer,West,PROD-0162,Office Supplies,Labels,3,364.06,0.0,1092.18,78.4
ORD-000163,2025-09-25,2025-09-29,Standard Class,CUST-00160,Corporate,West,PROD-0163,Office Supplies,Art,5,247.68,0.0,1238.4,297.3
ORD-000164,2024-01-16,2024-01-18,Standard Class,CUST-00803,Consumer,Central,PROD-0164,Office Supplies,Paper,2,404.49,0.0,808.98,153.9
ORD-000165,2024-03-28,2024-04-02,Standard Class,CUST-00633,Corporate,Central,PROD-0165,Office Supplies,Binders,7,681.77,0.0,4772.39,1109.37
ORD-000166,2025-09-06,2025-09-09,Standard Class,CUST-00517,Consumer,Central,PROD-0166,Technology,Phones,4,834.67,0.0,3338.68,1071.77
ORD-000167,2023-05-29,2023-06-02,Standard Class,CUST-00784,Corporate,South,PROD-0167,Office Supplies,Paper,6,147.58,0.0,885.48,-36.46
ORD-000168,2023-04-24,2023-04-29,Standard Class,CUST-00843,Home Office,West,PROD-0168,Office Supplies,Labels,3,360.3,0.0,1080.9,216.5
ORD-000169,2023-11-07,2023-11-13,First Class,CUST-00490,Home Office,Central,PROD-0169,Technology,Machines,1,109.15,0.15,92.78,8.38
ORD-000170,2026-05-24,2026-05-26,Standard Class,CUST-00073,Corporate,Central,PROD-0170,Technology,Accessories,5,25.49,0.0,127.45,1.5
ORD-000171,2026-05-14,2026-05-18,Standard Class,CUST-00289,Corporate,East,PROD-0171,Office Supplies,Paper,4,547.7,0.0,2190.8,764.88
ORD-000172,2023-08-26,2023-08-31,Second Class,CUST-00482,Home Office,East,PROD-0172,Office Supplies,Storage,8,433.02,0.0,3464.16,56.38
ORD-000173,2026-04-11,2026-04-15,First Class,CUST-00532,Corporate,South,PROD-0173,Technology,Copiers,2,253.59,0.2,405.74,-40.51
ORD-000174,2023-02-12,2023-02-18,Second Class,CUST-00778,Consumer,Central,PROD-0174,Office Supplies,Storage,9,57.06,0.5,256.77,-18.26
ORD-000175,2025-12-15,2025-12-22,Standard Class,CUST-00190,Consumer,East,PROD-0175,Technology,Machines,3,164.1,0.1,443.07,92.61
ORD-000176,2025-02-23,2025-02-28,Standard Class,CUST-00231,Corporate,East,PROD-0176,Office Supplies,Art,2,121.99,0.2,195.18,24.38
ORD-000177,2024-04-27,2024-05-04,Standard Class,CUST-00386,Corporate,East,PROD-0177,Office Supplies,Labels,11,379.63,0.15,3549.54,678.23
ORD-000178,2025-06-19,2025-06-20,Standard Class,CUST-00173,Corporate,West,PROD-0178,Office Supplies,Paper,4,337.41,0.0,1349.64,301.03
ORD-000179,2023-11-04,2023-11-11,Standard Class,CUST-00594,Home Office,South,PROD-0179,Furniture,Tables,8,730.56,0.1,5260.03,1734.67
ORD-000180,2024-07-07,2024-07-12,Second Class,CUST-00425,Consumer,East,PROD-0180,Technology,Phones,1,728.95,0.0,728.95,28.93
ORD-000181,2023-08-30,2023-09-01,Second Class,CUST-00726,Corporate,South,PROD-0181,Office Supplies,Labels,8,208.13,0.2,1332.03,166.92
ORD-000182,2026-04-11,2026-04-14,Standard Class,CUST-00200,Consumer,East,PROD-0182,Furniture,Furnishings,9,672.86,0.1,5450.17,1640.86
ORD-000183,2024-10-25,2024-10-26,Standard Class,CUST-00651,Consumer,South,PROD-0183,Technology,Phones,4,698.31,0.1,2513.92,-18.61
ORD-000184,2024-03-17,2024-03-22,Standard Class,CUST-00337,Consumer,West,PROD-0184,Office Supplies,Paper,8,693.45,0.1,4992.84,454.2
ORD-000185,2025-08-03,2025-08-06,Second Class,CUST-00378,Corporate,South,PROD-0185,Furniture,Tables,7,42.55,0.3,208.49,62.41
ORD-000186,2024-10-13,2024-10-16,Second Class,CUST-00288,Corporate,East,PROD-0186,Technology,Accessories,2,119.65,0.0,239.3,87.12
ORD-000187,2023-07-02,2023-07-03,Second Class,CUST-00790,Consumer,West,PROD-0187,Office Supplies,Storage,4,220.42,0.0,881.68,-1.12
ORD-000188,2024-11-16,2024-11-17,First Class,CUST-00497,Home Office,West,PROD-0188,Office Supplies,Storage,9,491.89,0.1,3984.31,41.96
ORD-000189,2023-10-29,2023-11-04,Standard Class,CUST-00235,Consumer,South,PROD-0189,Technology,Copiers,9,843.96,0.0,7595.64,-133.63
ORD-000190,2024-06-24,2024-06-29,Standard Class,CUST-00088,Consumer,West,PROD-0190,Technology,Machines,6,490.3,0.0,2941.8,453.57
ORD-000191,2024-12-03,2024-12-09,Second Class,CUST-00128,Home Office,West,PROD-0191,Office Supplies,Labels,5,148.26,0.0,741.3,-70.67
ORD-000192,2023-05-09,2023-05-13,Standard Class,CUST-00874,Consumer,South,PROD-0192,Technology,Phones,2,187.61,0.0,375.22,100.01
ORD-000193,2023-08-19,2023-08-22,Standard Class,CUST-00598,Corporate,South,PROD-0193,Furniture,Chairs,10,686.09,0.0,6860.9,1872.11
ORD-000194,2025-11-03,2025-11-04,Standard Class,CUST-00070,Consumer,South,PROD-0194,Technology,Phones,8,454.33,0.0,3634.64,336.89
ORD-000195,2026-03-01,2026-03-05,Second Class,CUST-00822,Consumer,Central,PROD-0195,Technology,Accessories,8,164.64,0.0,1317.12,-21.81
ORD-000196,2023-07-07,2023-07-08,Standard Class,CUST-00515,Home Office,Central,PROD-0196,Office Supplies,Binders,8,98.2,0.0,785.6,197.56
ORD-000197,2025-02-04,2025-02-06,Standard Class,CUST-00319,Consumer,Central,PROD-0197,Office Supplies,Storage,3,57.4,0.0,172.2,50.36
ORD-000198,2025-09-24,2025-09-29,Standard Class,CUST-00183,Consumer,Central,PROD-0198,Technology,Copiers,1,393.45,0.0,393.45,4.05
ORD-000199,2025-02-01,2025-02-05,Second Class,CUST-00401,Home Office,East,PROD-0199,Technology,Machines,6,574.38,0.15,2929.34,-119.61
ORD-000200,2023-03-19,2023-03-23,Standard Class,CUST-00573,Corporate,West,PROD-0200,Office Supplies,Binders,10,304.39,0.0,3043.9,-267.57
ORD-000201,2023-09-11,2023-09-17,First Class,CUST-00426,Consumer,Central,PROD-0201,Office Supplies,Binders,3,389.54,0.2,934.9,300.07
ORD-000202,2023-02-18,2023-02-23,Standard Class,CUST-00743,Consumer,South,PROD-0202,Office Supplies,Labels,7,449.33,0.0,3145.31,832.73
ORD-000203,2025-03-19,2025-03-25,First Class,CUST-00548,Consumer,South,PROD-0203,Furniture,Furnishings,5,66.72,0.0,333.6,13.71
ORD-000204,2026-05-28,2026-06-04,Standard Class,CUST-00182,Consumer,West,PROD-0204,Furniture,Furnishings,10,761.09,0.0,7610.9,-165.99
ORD-000205,2026-06-05,2026-06-08,Standard Class,CUST-00519,Consumer,Central,PROD-0205,Furniture,Tables,6,810.35,0.0,4862.1,1127.5
ORD-000206,2026-03-17,2026-03-24,Second Class,CUST-00142,Home Office,West,PROD-0206,Technology,Phones,9,447.56,0.3,2819.63,-77.59
ORD-000207,2025-09-10,2025-09-11,Standard Class,CUST-00425,Corporate,East,PROD-0207,Office Supplies,Binders,1,140.37,0.0,140.37,3.58
ORD-000208,2023-11-23,2023-11-29,First Class,CUST-00043,Consumer,South,PROD-0208,Office Supplies,Binders,9,713.57,0.0,6422.13,1325.85
ORD-000209,2023-07-17,2023-07-19,First Class,CUST-00066,Home Office,East,PROD-0209,Office Supplies,Labels,10,418.75,0.0,4187.5,944.23
ORD-000210,2026-01-14,2026-01-18,Standard Class,CUST-00704,Home Office,West,PROD-0210,Furniture,Furnishings,3,708.72,0.0,2126.16,62.32
ORD-000211,2024-06-15,2024-06-17,Standard Class,CUST-00079,Consumer,West,PROD-0211,Office Supplies,Art,6,149.65,0.0,897.9,335.2
ORD-000212,2024-11-10,2024-11-12,Standard Class,CUST-00899,Corporate,Central,PROD-0212,Technology,Phones,8,257.78,0.0,2062.24,616.96
ORD-000213,2024-11-09,2024-11-13,Standard Class,CUST-00779,Consumer,West,PROD-0213,Office Supplies,Storage,8,172.12,0.0,1376.96,107.86
ORD-000214,2023-06-13,2023-06-18,First Class,CUST-00210,Consumer,Central,PROD-0214,Office Supplies,Binders,10,405.6,0.0,4056.0,-68.88
ORD-000215,2025-04-27,2025-04-30,Standard Class,CUST-00220,Consumer,West,PROD-0215,Office Supplies,Storage,1,34.88,0.0,34.88,9.29
ORD-000216,2024-11-18,2024-11-21,Second Class,CUST-00887,Consumer,South,PROD-0216,Office Supplies,Storage,1,378.9,0.5,189.45,44.32
ORD-000217,2023-09-26,2023-09-28,Standard Class,CUST-00795,Consumer,West,PROD-0217,Furniture,Tables,5,505.98,0.0,2529.9,656.96
ORD-000218,2025-07-18,2025-07-20,First Class,CUST-00372,Consumer,Central,PROD-0218,Furniture,Chairs,6,489.01,0.1,2640.65,150.98
ORD-000219,2025-07-31,2025-08-04,First Class,CUST-00476,Consumer,South,PROD-0219,Office Supplies,Labels,10,223.68,0.0,2236.8,-126.18
ORD-000220,2025-09-07,2025-09-10,Second Class,CUST-00279,Consumer,Central,PROD-0220,Furniture,Chairs,6,665.57,0.15,3394.41,1092.55
ORD-000221,2025-07-19,2025-07-20,Second Class,CUST-00156,Consumer,West,PROD-0221,Furniture,Furnishings,7,154.58,0.1,973.85,385.52
ORD-000222,2025-05-04,2025-05-11,Standard Class,CUST-00533,Consumer,East,PROD-0222,Office Supplies,Paper,3,688.02,0.0,2064.06,577.16
ORD-000223,2024-04-04,2024-04-05,Standard Class,CUST-00737,Corporate,South,PROD-0223,Technology,Machines,6,605.31,0.0,3631.86,-161.64
ORD-000224,2025-06-06,2025-06-12,Standard Class,CUST-00542,Corporate,East,PROD-0224,Office Supplies,Art,11,383.18,0.0,4214.98,1137.84
ORD-000225,2023-06-03,2023-06-09,First Class,CUST-00275,Home Office,Central,PROD-0225,Office Supplies,Binders,9,756.32,0.5,3403.44,717.01
ORD-000226,2026-01-01,2026-01-04,Standard Class,CUST-00120,Corporate,South,PROD-0226,Office Supplies,Binders,6,112.62,0.0,675.72,21.39
ORD-000227,2023-09-22,2023-09-23,Standard Class,CUST-00334,Corporate,West,PROD-0227,Office Supplies,Binders,9,48.09,0.2,346.25,112.92
ORD-000228,2026-02-24,2026-03-03,Standard Class,CUST-00035,Corporate,West,PROD-0228,Furniture,Chairs,11,895.92,0.2,7884.1,1267.15
ORD-000229,2025-10-09,2025-10-14,Standard Class,CUST-00480,Home Office,South,PROD-0229,Office Supplies,Binders,1,27.5,0.1,24.75,-1.46
ORD-000230,2024-03-13,2024-03-17,Standard Class,CUST-00232,Home Office,Central,PROD-0230,Office Supplies,Binders,5,570.02,0.0,2850.1,716.28
ORD-000231,2023-05-12,2023-05-19,Standard Class,CUST-00854,Consumer,South,PROD-0231,Office Supplies,Art,2,248.05,0.0,496.1,194.43
ORD-000232,2026-01-15,2026-01-21,Standard Class,CUST-00730,Consumer,West,PROD-0232,Furniture,Chairs,11,130.32,0.0,1433.52,553.0
ORD-000233,2023-04-03,2023-04-08,Standard Class,CUST-00653,Consumer,South,PROD-0233,Office Supplies,Storage,6,769.45,0.0,4616.7,1461.92
ORD-000234,2024-02-08,2024-02-12,Standard Class,CUST-00363,Corporate,East,PROD-0234,Office Supplies,Labels,6,838.92,0.0,5033.52,-284.16
ORD-000235,2024-07-06,2024-07-07,First Class,CUST-00397,Corporate,Central,PROD-0235,Furniture,Bookcases,11,45.14,0.0,496.54,181.09
ORD-000236,2023-01-01,2023-01-05,Standard Class,CUST-00445,Corporate,South,PROD-0236,Technology,Copiers,1,742.29,0.3,519.6,161.39
ORD-000237,2024-06-03,2024-06-04,Second Class,CUST-00850,Consumer,Central,PROD-0237,Office Supplies,Labels,2,107.47,0.0,214.94,27.54
ORD-000238,2024-08-16,2024-08-21,Standard Class,CUST-00378,Corporate,South,PROD-0238,Furniture,Furnishings,3,322.52,0.3,677.29,158.68
ORD-000239,2023-04-15,2023-04-17,Second Class,CUST-00118,Consumer,East,PROD-0239,Office Supplies,Storage,9,553.25,0.2,3983.4,1043.6
ORD-000240,2024-10-28,2024-11-02,Standard Class,CUST-00081,Corporate,Central,PROD-0240,Technology,Accessories,9,382.72,0.0,3444.48,492.56
ORD-000241,2025-09-12,2025-09-17,Second Class,CUST-00505,Consumer,Central,PROD-0241,Furniture,Chairs,6,761.82,0.1,4113.83,472.95
ORD-000242,2024-09-02,2024-09-07,Standard Class,CUST-00866,Corporate,West,PROD-0242,Office Supplies,Labels,3,407.86,0.0,1223.58,342.21
ORD-000243,2023-01-23,2023-01-26,Second Class,CUST-00679,Corporate,Central,PROD-0243,Office Supplies,Paper,2,154.34,0.0,308.68,-8.86
ORD-000244,2025-04-12,2025-04-13,Standard Class,CUST-00419,Corporate,East,PROD-0244,Technology,Machines,11,350.36,0.15,3275.87,648.6
ORD-000245,2025-05-30,2025-06-05,Standard Class,CUST-00486,Home Office,West,PROD-0245,Technology,Copiers,1,99.21,0.0,99.21,38.3
ORD-000246,2025-07-14,2025-07-17,Standard Class,CUST-00363,Consumer,South,PROD-0246,Office Supplies,Labels,11,148.22,0.0,1630.42,453.43
ORD-000247,2025-06-29,2025-07-04,Same Day,CUST-00869,Consumer,West,PROD-0247,Office Supplies,Labels,3,800.12,0.1,2160.32,676.94
ORD-000248,2024-01-04,2024-01-09,Standard Class,CUST-00068,Consumer,East,PROD-0248,Office Supplies,Art,5,142.96,0.0,714.8,122.13
ORD-000249,2025-03-31,2025-04-03,Second Class,CUST-00762,Home Office,West,PROD-0249,Technology,Machines,1,459.16,0.1,413.24,7.24
ORD-000250,2023-05-19,2023-05-26,Same Day,CUST-00111,Corporate,South,PROD-0250,Office Supplies,Binders,2,442.56,0.0,885.12,351.33
ORD-000251,2023-04-14,2023-04-20,Standard Class,CUST-00284,Consumer,Central,PROD-0251,Office Supplies,Paper,5,430.61,0.0,2153.05,29.87
ORD-000252,2023-03-05,2023-03-08,First Class,CUST-00661,Corporate,West,PROD-0252,Technology,Machines,6,712.51,0.0,4275.06,1270.14
ORD-000253,2025-11-09,2025-11-10,Standard Class,CUST-00304,Consumer,West,PROD-0253,Technology,Copiers,4,777.88,0.0,3111.52,272.77
ORD-000254,2026-01-30,2026-02-02,Standard Class,CUST-00761,Consumer,Central,PROD-0254,Furniture,Furnishings,3,521.66,0.2,1251.98,488.74
ORD-000255,2023-03-23,2023-03-27,Same Day,CUST-00048,Corporate,Central,PROD-0255,Technology,Machines,9,58.23,0.0,524.07,115.35
ORD-000256,2025-01-06,2025-01-09,Same Day,CUST-00701,Consumer,Central,PROD-0256,Office Supplies,Storage,7,22.11,0.0,154.77,37.74
ORD-000257,2024-11-13,2024-11-16,Standard Class,CUST-00194,Consumer,South,PROD-0257,Office Supplies,Paper,9,254.49,0.0,2290.41,867.43
ORD-000258,2026-04-01,2026-04-04,Standard Class,CUST-00579,Consumer,East,PROD-0258,Furniture,Tables,1,310.9,0.1,279.81,-18.32
ORD-000259,2023-05-21,2023-05-26,Second Class,CUST-00703,Home Office,Central,PROD-0259,Technology,Phones,8,362.19,0.1,2607.77,104.75
ORD-000260,2024-02-18,2024-02-25,First Class,CUST-00685,Consumer,South,PROD-0260,Furniture,Bookcases,2,10.45,0.0,20.9,6.99
ORD-000261,2025-12-25,2025-12-26,Standard Class,CUST-00450,Corporate,South,PROD-0261,Office Supplies,Paper,10,365.57,0.0,3655.7,59.19
ORD-000262,2023-10-22,2023-10-25,First Class,CUST-00733,Consumer,South,PROD-0262,Technology,Accessories,7,431.41,0.0,3019.87,665.09
ORD-000263,2024-03-12,2024-03-17,Standard Class,CUST-00337,Corporate,Central,PROD-0263,Office Supplies,Labels,7,455.26,0.0,3186.82,614.84
ORD-000264,2024-10-21,2024-10-23,First Class,CUST-00022,Home Office,West,PROD-0264,Furniture,Furnishings,4,132.87,0.15,451.76,16.13
ORD-000265,2025-04-29,2025-05-01,Standard Class,CUST-00241,Consumer,South,PROD-0265,Technology,Phones,10,705.8,0.1,6352.2,1249.75
ORD-000266,2023-07-28,2023-08-04,Second Class,CUST-00157,Consumer,West,PROD-0266,Office Supplies,Binders,11,744.91,0.0,8194.01,1495.34
ORD-000267,2024-03-03,2024-03-07,First Class,CUST-00624,Consumer,Central,PROD-0267,Technology,Machines,8,867.85,0.0,6942.8,1690.64
ORD-000268,2023-08-06,2023-08-11,Standard Class,CUST-00023,Corporate,East,PROD-0268,Office Supplies,Storage,5,643.18,0.1,2894.31,1108.59
ORD-000269,2024-06-06,2024-06-07,Standard Class,CUST-00723,Consumer,West,PROD-0269,Office Supplies,Binders,5,48.13,0.0,240.65,91.06
ORD-000270,2024-06-23,2024-06-24,Standard Class,CUST-00892,Consumer,South,PROD-0270,Office Supplies,Paper,7,691.97,0.0,4843.79,1506.85
ORD-000271,2023-01-31,2023-02-02,First Class,CUST-00100,Consumer,West,PROD-0271,Furniture,Chairs,7,548.94,0.0,3842.58,-121.81
ORD-000272,2023-10-01,2023-10-04,Second Class,CUST-00438,Consumer,South,PROD-0272,Office Supplies,Art,1,801.74,0.0,801.74,67.26
ORD-000273,2023-02-18,2023-02-24,Second Class,CUST-00525,Consumer,South,PROD-0273,Technology,Phones,5,820.41,0.15,3486.74,888.04
ORD-000274,2024-02-02,2024-02-04,First Class,CUST-00884,Consumer,Central,PROD-0274,Furniture,Bookcases,8,653.75,0.2,4184.0,-331.25
ORD-000275,2025-05-07,2025-05-13,Standard Class,CUST-00604,Consumer,South,PROD-0275,Technology,Machines,10,772.13,0.0,7721.3,-477.23
ORD-000276,2023-06-24,2023-06-30,Standard Class,CUST-00665,Consumer,West,PROD-0276,Office Supplies,Labels,1,666.43,0.0,666.43,147.23
ORD-000277,2023-01-12,2023-01-15,Second Class,CUST-00160,Home Office,Central,PROD-0277,Office Supplies,Labels,11,747.64,0.1,7401.64,337.31
ORD-000278,2025-12-04,2025-12-10,First Class,CUST-00226,Corporate,Central,PROD-0278,Furniture,Furnishings,7,606.12,0.0,4242.84,1676.36
ORD-000279,2024-09-22,2024-09-27,Standard Class,CUST-00278,Corporate,West,PROD-0279,Office Supplies,Art,9,188.46,0.1,1526.53,320.37
ORD-000280,2023-01-26,2023-01-27,First Class,CUST-00360,Consumer,Central,PROD-0280,Technology,Phones,4,352.41,0.1,1268.68,38.0
ORD-000281,2025-12-08,2025-12-15,First Class,CUST-00489,Consumer,West,PROD-0281,Technology,Copiers,2,622.64,0.3,871.7,129.58
ORD-000282,2023-12-27,2023-12-30,Second Class,CUST-00736,Consumer,West,PROD-0282,Furniture,Chairs,10,613.26,0.0,6132.6,229.06
ORD-000283,2024-08-20,2024-08-26,Standard Class,CUST-00518,Consumer,West,PROD-0283,Office Supplies,Paper,8,192.22,0.0,1537.76,494.89
ORD-000284,2023-11-27,2023-12-02,Standard Class,CUST-00867,Home Office,South,PROD-0284,Office Supplies,Art,8,641.99,0.5,2567.96,474.48
ORD-000285,2026-03-08,2026-03-13,Second Class,CUST-00154,Consumer,Central,PROD-0285,Office Supplies,Storage,6,175.15,0.15,893.27,316.17
ORD-000286,2024-09-10,2024-09-13,Standard Class,CUST-00008,Corporate,West,PROD-0286,Office Supplies,Paper,4,226.37,0.1,814.93,190.12
ORD-000287,2023-07-06,2023-07-10,First Class,CUST-00548,Corporate,West,PROD-0287,Office Supplies,Labels,5,342.4,0.0,1712.0,517.67
ORD-000288,2023-06-19,2023-06-23,Standard Class,CUST-00155,Home Office,South,PROD-0288,Furniture,Bookcases,9,365.47,0.2,2631.38,-262.56
ORD-000289,2025-01-09,2025-01-10,Standard Class,CUST-00601,Home Office,Central,PROD-0289,Furniture,Bookcases,7,337.69,0.0,2363.83,655.09
ORD-000290,2024-12-18,2024-12-19,Standard Class,CUST-00324,Corporate,East,PROD-0290,Technology,Copiers,1,220.16,0.0,220.16,79.06
ORD-000291,2023-11-11,2023-11-14,Standard Class,CUST-00749,Home Office,West,PROD-0291,Technology,Phones,9,855.66,0.0,7700.94,911.08
ORD-000292,2025-08-04,2025-08-09,Standard Class,CUST-00303,Consumer,Central,PROD-0292,Office Supplies,Paper,7,852.08,0.2,4771.65,523.56
ORD-000293,2023-05-12,2023-05-19,Standard Class,CUST-00368,Consumer,South,PROD-0293,Office Supplies,Paper,3,536.45,0.0,1609.35,350.87
ORD-000294,2024-04-19,2024-04-23,Standard Class,CUST-00283,Consumer,East,PROD-0294,Office Supplies,Storage,8,47.64,0.1,343.01,98.43
ORD-000295,2024-06-19,2024-06-21,Standard Class,CUST-00628,Consumer,East,PROD-0295,Technology,Accessories,7,838.25,0.0,5867.75,1017.18
ORD-000296,2024-11-11,2024-11-12,Second Class,CUST-00680,Consumer,West,PROD-0296,Office Supplies,Art,7,187.2,0.0,1310.4,155.6
ORD-000297,2024-01-19,2024-01-22,Second Class,CUST-00420,Consumer,South,PROD-0297,Furniture,Furnishings,9,764.34,0.0,6879.06,354.03
ORD-000298,2024-12-02,2024-12-07,Standard Class,CUST-00379,Consumer,Central,PROD-0298,Technology,Machines,6,368.15,0.0,2208.9,621.23
ORD-000299,2023-11-06,2023-11-11,Second Class,CUST-00032,Consumer,Central,PROD-0299,Furniture,Furnishings,11,245.77,0.0,2703.47,93.06
ORD-000300,2023-01-10,2023-01-16,Second Class,CUST-00869,Consumer,South,PROD-0300,Office Supplies,Art,6,703.76,0.1,3800.3,-53.03
ORD-000301,2026-01-09,2026-01-10,Standard Class,CUST-00198,Consumer,South,PROD-0001,Office Supplies,Paper,1,114.22,0.0,114.22,37.15
ORD-000302,2023-11-09,2023-11-10,Standard Class,CUST-00340,Consumer,East,PROD-0002,Furniture,Chairs,4,145.81,0.0,583.24,164.68
ORD-000303,2023-06-24,2023-06-29,Standard Class,CUST-00544,Consumer,East,PROD-0003,Technology,Phones,4,349.0,0.0,1396.0,446.02
ORD-000304,2024-05-02,2024-05-08,Standard Class,CUST-00315,Consumer,West,PROD-0004,Technology,Accessories,3,637.04,0.0,1911.12,325.59
ORD-000305,2023-07-12,2023-07-17,First Class,CUST-00483,Consumer,South,PROD-0005,Technology,Accessories,3,359.92,0.0,1079.76,359.18
ORD-000306,2026-01-23,2026-01-27,Standard Class,CUST-00840,Home Office,South,PROD-0006,Office Supplies,Paper,7,285.01,0.3,1396.55,454.35
ORD-000307,2025-10-11,2025-10-14,Standard Class,CUST-00012,Consumer,South,PROD-0007,Office Supplies,Art,5,279.57,0.0,1397.85,294.45
ORD-000308,2026-01-25,2026-01-30,Second Class,CUST-00318,Consumer,East,PROD-0008,Technology,Accessories,2,392.33,0.1,706.19,46.77
ORD-000309,2024-07-12,2024-07-19,Second Class,CUST-00526,Corporate,South,PROD-0009,Technology,Phones,7,379.41,0.15,2257.49,-111.32
ORD-000310,2025-11-18,2025-11-20,Standard Class,CUST-00202,Consumer,East,PROD-0010,Technology,Phones,1,97.29,0.0,97.29,37.89
ORD-000311,2024-11-11,2024-11-16,Standard Class,CUST-00583,Consumer,East,PROD-0011,Furniture,Furnishings,11,546.91,0.0,6016.01,1624.81
ORD-000312,2024-08-08,2024-08-14,Standard Class,CUST-00230,Consumer,Central,PROD-0012,Technology,Machines,4,271.08,0.0,1084.32,216.35
ORD-000313,2024-08-18,2024-08-21,Standard Class,CUST-00283,Corporate,West,PROD-0013,Office Supplies,Labels,10,408.36,0.1,3675.24,704.83
ORD-000314,2023-04-10,2023-04-13,Standard Class,CUST-00266,Home Office,South,PROD-0014,Office Supplies,Labels,5,850.54,0.1,3827.43,1307.06
ORD-000315,2025-06-09,2025-06-15,Standard Class,CUST-00068,Consumer,East,PROD-0015,Office Supplies,Binders,7,231.53,0.0,1620.71,613.91
ORD-000316,2026-01-01,2026-01-06,Standard Class,CUST-00419,Consumer,West,PROD-0016,Office Supplies,Binders,4,674.8,0.2,2159.36,252.67
ORD-000317,2024-10-05,2024-10-10,Standard Class,CUST-00043,Home Office,West,PROD-0017,Office Supplies,Storage,9,605.25,0.1,4902.53,9.87
ORD-000318,2023-02-08,2023-02-09,Standard Class,CUST-00737,Home Office,South,PROD-0018,Technology,Machines,9,19.15,0.0,172.35,61.28
ORD-000319,2023-07-22,2023-07-27,Standard Class,CUST-00304,Corporate,East,PROD-0019,Office Supplies,Paper,7,755.45,0.15,4494.93,1400.13
ORD-000320,2023-11-15,2023-11-20,Standard Class,CUST-00603,Corporate,West,PROD-0020,Technology,Machines,8,66.27,0.0,530.16,191.06
ORD-000321,2024-01-25,2024-01-28,First Class,CUST-00649,Consumer,South,PROD-0021,Office Supplies,Binders,2,709.71,0.0,1419.42,305.35
ORD-000322,2023-12-29,2024-01-01,Second Class,CUST-00549,Consumer,South,PROD-0022,Technology,Accessories,2,743.15,0.0,1486.3,181.27
ORD-000323,2026-04-23,2026-04-28,First Class,CUST-00207,Consumer,Central,PROD-0023,Office Supplies,Labels,1,689.17,0.0,689.17,156.85
ORD-000324,2025-11-27,2025-12-02,Second Class,CUST-00455,Consumer,East,PROD-0024,Furniture,Chairs,3,733.64,0.1,1980.83,-88.71
ORD-000325,2023-03-10,2023-03-11,Standard Class,CUST-00277,Corporate,Central,PROD-0025,Office Supplies,Art,10,746.56,0.15,6345.76,342.02
ORD-000326,2024-06-27,2024-07-04,Standard Class,CUST-00807,Consumer,West,PROD-0026,Technology,Copiers,1,290.16,0.2,232.13,-14.2
ORD-000327,2023-04-19,2023-04-22,First Class,CUST-00076,Corporate,West,PROD-0027,Office Supplies,Binders,7,418.35,0.0,2928.45,-273.44
ORD-000328,2024-04-01,2024-04-06,Standard Class,CUST-00045,Corporate,South,PROD-0028,Office Supplies,Labels,1,667.86,0.2,534.29,88.66
ORD-000329,2024-09-11,2024-09-13,Standard Class,CUST-00499,Consumer,West,PROD-0029,Office Supplies,Binders,10,322.07,0.0,3220.7,36.01
ORD-000330,2026-06-11,2026-06-15,Same Day,CUST-00584,Consumer,West,PROD-0030,Office Supplies,Storage,11,503.41,0.0,5537.51,633.89
ORD-000331,2023-01-19,2023-01-22,Standard Class,CUST-00141,Consumer,East,PROD-0031,Office Supplies,Paper,6,519.99,0.0,3119.94,1162.36
ORD-000332,2024-07-13,2024-07-14,Same Day,CUST-00017,Consumer,East,PROD-0032,Office Supplies,Labels,7,107.29,0.15,638.38,152.86
ORD-000333,2025-03-27,2025-04-03,Standard Class,CUST-00765,Corporate,West,PROD-0033,Office Supplies,Binders,3,506.81,0.1,1368.39,334.32
ORD-000334,2026-03-13,2026-03-14,Standard Class,CUST-00598,Corporate,South,PROD-0034,Technology,Phones,9,439.16,0.0,3952.44,1169.05
ORD-000335,2024-12-18,2024-12-23,Standard Class,CUST-00693,Home Office,East,PROD-0035,Furniture,Tables,9,724.17,0.2,5214.02,9.05
ORD-000336,2024-06-17,2024-06-23,Standard Class,CUST-00825,Home Office,South,PROD-0036,Office Supplies,Binders,1,71.32,0.0,71.32,21.53
ORD-000337,2023-12-01,2023-12-05,Standard Class,CUST-00694,Consumer,West,PROD-0037,Technology,Machines,8,66.5,0.0,532.0,70.29
ORD-000338,2025-04-22,2025-04-24,Second Class,CUST-00561,Consumer,West,PROD-0038,Office Supplies,Storage,9,9.76,0.15,74.66,21.38
ORD-000339,2024-12-19,2024-12-20,Standard Class,CUST-00830,Corporate,West,PROD-0039,Office Supplies,Binders,7,611.34,0.15,3637.47,-337.14
ORD-000340,2026-05-19,2026-05-23,First Class,CUST-00442,Consumer,South,PROD-0040,Technology,Machines,1,236.12,0.1,212.51,24.77
ORD-000341,2025-05-07,2025-05-11,Standard Class,CUST-00445,Corporate,West,PROD-0041,Technology,Phones,11,247.49,0.0,2722.39,154.94
ORD-000342,2025-11-29,2025-12-04,Standard Class,CUST-00207,Home Office,West,PROD-0042,Furniture,Tables,1,528.28,0.0,528.28,64.41
ORD-000343,2025-03-01,2025-03-03,Standard Class,CUST-00195,Corporate,South,PROD-0043,Technology,Phones,6,674.67,0.0,4048.02,665.34
ORD-000344,2023-06-05,2023-06-10,Standard Class,CUST-00437,Corporate,Central,PROD-0044,Office Supplies,Labels,4,418.06,0.5,836.12,245.28
ORD-000345,2023-12-06,2023-12-10,Standard Class,CUST-00893,Consumer,East,PROD-0045,Furniture,Furnishings,5,800.18,0.15,3400.76,731.23
ORD-000346,2024-11-20,2024-11-26,First Class,CUST-00104,Consumer,South,PROD-0046,Office Supplies,Storage,6,89.42,0.1,482.87,147.93
ORD-000347,2025-06-11,2025-06-17,Second Class,CUST-00480,Consumer,South,PROD-0047,Furniture,Furnishings,10,10.12,0.0,101.2,18.78
ORD-000348,2023-09-10,2023-09-15,Second Class,CUST-00508,Consumer,Central,PROD-0048,Furniture,Furnishings,5,212.66,0.0,1063.3,300.04
ORD-000349,2023-04-24,2023-04-25,Second Class,CUST-00355,Home Office,Central,PROD-0049,Technology,Copiers,3,564.03,0.2,1353.67,261.89
ORD-000350,2024-06-20,2024-06-24,Second Class,CUST-00665,Consumer,Central,PROD-0050,Technology,Machines,4,514.69,0.2,1647.01,147.51
ORD-000351,2025-09-20,2025-09-27,Same Day,CUST-00900,Home Office,East,PROD-0051,Office Supplies,Storage,6,724.95,0.1,3914.73,769.55
ORD-000352,2023-10-15,2023-10-18,Standard Class,CUST-00075,Home Office,Central,PROD-0052,Technology,Machines,5,570.32,0.0,2851.6,633.42
ORD-000353,2025-05-06,2025-05-07,First Class,CUST-00193,Corporate,Central,PROD-0053,Furniture,Tables,8,636.1,0.0,5088.8,1190.17
ORD-000354,2023-04-03,2023-04-09,Second Class,CUST-00043,Corporate,West,PROD-0054,Furniture,Furnishings,8,723.52,0.3,4051.71,680.56
ORD-000355,2026-04-22,2026-04-24,Standard Class,CUST-00804,Corporate,West,PROD-0055,Office Supplies,Labels,6,526.96,0.0,3161.76,244.92
ORD-000356,2026-03-19,2026-03-23,Second Class,CUST-00628,Consumer,West,PROD-0056,Furniture,Furnishings,7,795.21,0.1,5009.82,28.13
ORD-000357,2025-12-04,2025-12-07,Standard Class,CUST-00511,Corporate,Central,PROD-0057,Technology,Copiers,9,897.53,0.0,8077.77,2816.58
ORD-000358,2026-05-31,2026-06-07,Standard Class,CUST-00309,Consumer,West,PROD-0058,Office Supplies,Labels,7,359.39,0.1,2264.16,783.28
ORD-000359,2025-07-13,2025-07-16,Standard Class,CUST-00763,Consumer,West,PROD-0059,Office Supplies,Paper,4,54.42,0.3,152.38,-9.54
ORD-000360,2025-02-21,2025-02-26,Standard Class,CUST-00236,Consumer,West,PROD-0060,Office Supplies,Labels,8,144.24,0.0,1153.92,248.43
ORD-000361,2026-01-21,2026-01-27,Standard Class,CUST-00013,Consumer,Central,PROD-0061,Furniture,Tables,4,193.4,0.15,657.56,-17.45
ORD-000362,2023-06-15,2023-06-22,First Class,CUST-00011,Consumer,Central,PROD-0062,Technology,Copiers,5,433.25,0.15,1841.31,95.4
ORD-000363,2026-02-09,2026-02-13,Standard Class,CUST-00825,Consumer,East,PROD-0063,Office Supplies,Binders,7,56.0,0.0,392.0,50.65
ORD-000364,2026-01-17,2026-01-19,Standard Class,CUST-00503,Consumer,Central,PROD-0064,Office Supplies,Binders,7,508.49,0.15,3025.52,1120.08
ORD-000365,2026-05-26,2026-05-29,Standard Class,CUST-00038,Corporate,South,PROD-0065,Office Supplies,Labels,3,593.98,0.0,1781.94,534.33
ORD-000366,2025-06-30,2025-07-07,First Class,CUST-00877,Corporate,East,PROD-0066,Office Supplies,Storage,1,736.98,0.0,736.98,197.6
ORD-000367,2023-07-07,2023-07-09,First Class,CUST-00845,Home Office,South,PROD-0067,Technology,Accessories,11,131.4,0.0,1445.4,-10.65
ORD-000368,2026-06-14,2026-06-20,Same Day,CUST-00072,Home Office,South,PROD-0068,Technology,Accessories,9,708.15,0.0,6373.35,2354.62
ORD-000369,2024-11-29,2024-12-03,Same Day,CUST-00127,Consumer,Central,PROD-0069,Office Supplies,Labels,9,231.12,0.0,2080.08,334.84
ORD-000370,2024-01-18,2024-01-24,Standard Class,CUST-00500,Corporate,Central,PROD-0070,Technology,Phones,1,141.08,0.0,141.08,10.67
ORD-000371,2025-12-17,2025-12-19,First Class,CUST-00111,Corporate,West,PROD-0071,Technology,Machines,11,533.0,0.0,5863.0,1678.33
ORD-000372,2025-06-05,2025-06-07,First Class,CUST-00498,Corporate,East,PROD-0072,Technology,Machines,2,157.78,0.0,315.56,0.7
ORD-000373,2025-04-28,2025-05-01,Standard Class,CUST-00471,Corporate,South,PROD-0073,Office Supplies,Binders,4,254.23,0.2,813.54,296.28
ORD-000374,2025-10-21,2025-10-25,Standard Class,CUST-00481,Consumer,South,PROD-0074,Furniture,Tables,9,549.45,0.0,4945.05,-65.53
ORD-000375,2023-04-17,2023-04-19,Second Class,CUST-00416,Consumer,Central,PROD-0075,Office Supplies,Storage,10,611.27,0.0,6112.7,2228.52
ORD-000376,2024-01-25,2024-01-31,Standard Class,CUST-00233,Home Office,East,PROD-0076,Furniture,Chairs,1,214.81,0.0,214.81,-18.25
ORD-000377,2026-02-12,2026-02-14,Second Class,CUST-00147,Consumer,Central,PROD-0077,Office Supplies,Storage,8,289.21,0.15,1966.63,734.7
ORD-000378,2026-06-21,2026-06-25,Standard Class,CUST-00570,Consumer,Central,PROD-0078,Office Supplies,Binders,1,637.09,0.1,573.38,226.52
ORD-000379,2026-04-24,2026-04-28,Standard Class,CUST-00808,Consumer,South,PROD-0079,Office Supplies,Storage,1,842.26,0.0,842.26,72.65
ORD-000380,2025-06-18,2025-06-24,Standard Class,CUST-00472,Consumer,Central,PROD-0080,Furniture,Chairs,7,871.43,0.0,6100.01,919.63
ORD-000381,2026-06-27,2026-07-03,Standard Class,CUST-00211,Corporate,West,PROD-0081,Furniture,Chairs,3,268.37,0.0,805.11,298.51
ORD-000382,2026-02-10,2026-02-17,Second Class,CUST-00351,Consumer,East,PROD-0082,Office Supplies,Binders,2,806.53,0.2,1290.45,73.48
ORD-000383,2023-07-02,2023-07-03,Second Class,CUST-00852,Home Office,West,PROD-0083,Office Supplies,Paper,1,741.13,0.0,741.13,105.91
ORD-000384,2025-06-02,2025-06-08,Second Class,CUST-00025,Consumer,West,PROD-0084,Office Supplies,Paper,5,527.33,0.0,2636.65,204.51
ORD-000385,2025-05-24,2025-05-28,First Class,CUST-00726,Home Office,Central,PROD-0085,Technology,Copiers,8,593.04,0.2,3795.46,378.63
ORD-000386,2023-12-11,2023-12-15,Standard Class,CUST-00237,Home Office,Central,PROD-0086,Furniture,Bookcases,5,420.26,0.0,2101.3,820.1
ORD-000387,2026-05-05,2026-05-06,Second Class,CUST-00779,Corporate,East,PROD-0087,Technology,Accessories,7,159.41,0.0,1115.87,53.76
ORD-000388,2025-06-11,2025-06-17,Standard Class,CUST-00495,Home Office,Central,PROD-0088,Office Supplies,Binders,2,50.06,0.0,100.12,24.63
ORD-000389,2023-10-05,2023-10-10,Standard Class,CUST-00405,Corporate,East,PROD-0089,Office Supplies,Binders,1,73.41,0.2,58.73,17.44
ORD-000390,2024-12-02,2024-12-09,First Class,CUST-00496,Consumer,West,PROD-0090,Furniture,Tables,6,511.29,0.0,3067.74,-92.65
ORD-000391,2024-10-16,2024-10-22,Standard Class,CUST-00060,Consumer,East,PROD-0091,Technology,Phones,6,612.88,0.0,3677.28,405.9
ORD-000392,2023-01-26,2023-02-02,Second Class,CUST-00146,Consumer,West,PROD-0092,Office Supplies,Art,4,508.16,0.1,1829.38,-120.33
ORD-000393,2024-01-19,2024-01-23,Second Class,CUST-00337,Home Office,Central,PROD-0093,Furniture,Bookcases,3,322.43,0.0,967.29,98.28
ORD-000394,2024-03-07,2024-03-11,Standard Class,CUST-00065,Consumer,East,PROD-0094,Technology,Phones,3,322.63,0.0,967.89,230.27
ORD-000395,2024-02-02,2024-02-07,Standard Class,CUST-00732,Consumer,West,PROD-0095,Furniture,Bookcases,4,380.17,0.0,1520.68,516.52
ORD-000396,2025-02-09,2025-02-15,Standard Class,CUST-00776,Home Office,Central,PROD-0096,Office Supplies,Storage,7,841.2,0.2,4710.72,1025.56
ORD-000397,2025-09-02,2025-09-05,Second Class,CUST-00423,Consumer,West,PROD-0097,Furniture,Tables,2,742.9,0.0,1485.8,470.2
ORD-000398,2024-05-08,2024-05-12,Standard Class,CUST-00457,Consumer,West,PROD-0098,Office Supplies,Paper,5,811.92,0.0,4059.6,1389.1
ORD-000399,2024-03-22,2024-03-25,Standard Class,CUST-00849,Corporate,East,PROD-0099,Technology,Machines,9,193.74,0.2,1394.93,432.73
ORD-000400,2026-05-01,2026-05-05,Standard Class,CUST-00316,Home Office,East,PROD-0100,Office Supplies,Storage,7,416.39,0.0,2914.73,152.28
ORD-000401,2025-04-20,2025-04-27,Standard Class,CUST-00727,Consumer,Central,PROD-0101,Furniture,Chairs,9,148.4,0.0,1335.6,145.68
ORD-000402,2025-11-14,2025-11-16,Standard Class,CUST-00025,Consumer,West,PROD-0102,Technology,Phones,3,544.19,0.0,1632.57,27.6
ORD-000403,2024-02-09,2024-02-15,First Class,CUST-00844,Consumer,East,PROD-0103,Technology,Machines,9,380.57,0.0,3425.13,-275.05
ORD-000404,2023-08-29,2023-09-01,Standard Class,CUST-00364,Corporate,Central,PROD-0104,Office Supplies,Labels,11,279.26,0.0,3071.86,596.48
ORD-000405,2025-09-25,2025-10-01,Standard Class,CUST-00263,Corporate,Central,PROD-0105,Office Supplies,Storage,7,497.13,0.0,3479.91,393.44
ORD-000406,2023-01-17,2023-01-24,First Class,CUST-00720,Home Office,South,PROD-0106,Furniture,Furnishings,4,407.8,0.0,1631.2,547.01
ORD-000407,2025-07-14,2025-07-21,Standard Class,CUST-00293,Consumer,Central,PROD-0107,Furniture,Tables,3,438.53,0.1,1184.03,208.84
ORD-000408,2024-04-05,2024-04-07,Standard Class,CUST-00281,Home Office,Central,PROD-0108,Furniture,Chairs,6,315.17,0.0,1891.02,-70.38
ORD-000409,2026-03-15,2026-03-20,First Class,CUST-00427,Consumer,East,PROD-0109,Technology,Accessories,6,237.55,0.2,1140.24,396.63
ORD-000410,2025-07-20,2025-07-21,Second Class,CUST-00441,Consumer,West,PROD-0110,Furniture,Bookcases,4,607.42,0.15,2065.23,203.42
ORD-000411,2025-07-04,2025-07-11,Standard Class,CUST-00802,Corporate,West,PROD-0111,Technology,Phones,10,402.85,0.0,4028.5,-166.62
ORD-000412,2024-05-04,2024-05-10,Second Class,CUST-00607,Corporate,East,PROD-0112,Office Supplies,Storage,5,692.36,0.0,3461.8,426.57
ORD-000413,2023-07-13,2023-07-17,First Class,CUST-00887,Corporate,Central,PROD-0113,Office Supplies,Labels,5,702.67,0.0,3513.35,1086.29
ORD-000414,2024-08-29,2024-08-30,Standard Class,CUST-00618,Consumer,South,PROD-0114,Technology,Copiers,7,231.46,0.2,1296.18,-62.97
ORD-000415,2024-02-14,2024-02-17,Standard Class,CUST-00490,Home Office,Central,PROD-0115,Technology,Machines,11,536.85,0.1,5314.82,1282.29
ORD-000416,2024-11-24,2024-11-30,Standard Class,CUST-00298,Consumer,East,PROD-0116,Office Supplies,Art,8,294.82,0.1,2122.7,479.98
ORD-000417,2023-10-30,2023-11-04,Second Class,CUST-00283,Consumer,West,PROD-0117,Office Supplies,Labels,9,897.23,0.0,8075.07,1591.36
ORD-000418,2023-01-12,2023-01-13,Standard Class,CUST-00788,Consumer,West,PROD-0118,Office Supplies,Binders,7,570.08,0.0,3990.56,694.65
ORD-000419,2025-07-11,2025-07-13,Standard Class,CUST-00340,Home Office,East,PROD-0119,Office Supplies,Paper,7,452.75,0.0,3169.25,-174.5
ORD-000420,2024-11-04,2024-11-06,Standard Class,CUST-00848,Consumer,East,PROD-0120,Office Supplies,Art,4,546.91,0.0,2187.64,697.34
ORD-000421,2023-05-28,2023-05-30,First Class,CUST-00661,Consumer,Central,PROD-0121,Office Supplies,Labels,8,119.36,0.0,954.88,-75.21
ORD-000422,2024-01-31,2024-02-01,First Class,CUST-00401,Consumer,Central,PROD-0122,Office Supplies,Labels,9,417.3,0.0,3755.7,222.08
ORD-000423,2024-01-07,2024-01-14,Standard Class,CUST-00287,Consumer,West,PROD-0123,Technology,Machines,3,324.15,0.0,972.45,-90.97
ORD-000424,2025-03-10,2025-03-15,Standard Class,CUST-00409,Corporate,East,PROD-0124,Technology,Machines,6,601.31,0.5,1803.93,23.21
ORD-000425,2023-03-13,2023-03-20,First Class,CUST-00566,Consumer,Central,PROD-0125,Office Supplies,Art,8,367.23,0.0,2937.84,-197.11
ORD-000426,2023-07-12,2023-07-19,First Class,CUST-00008,Consumer,East,PROD-0126,Office Supplies,Binders,3,331.38,0.1,894.73,208.75
ORD-000427,2026-05-12,2026-05-16,Standard Class,CUST-00102,Home Office,Central,PROD-0127,Technology,Phones,11,559.16,0.0,6150.76,-536.07
ORD-000428,2026-01-14,2026-01-18,Standard Class,CUST-00200,Home Office,East,PROD-0128,Office Supplies,Labels,10,473.59,0.0,4735.9,232.24
ORD-000429,2026-01-05,2026-01-09,Same Day,CUST-00207,Home Office,Central,PROD-0129,Technology,Copiers,7,214.2,0.1,1349.46,418.38
ORD-000430,2025-03-16,2025-03-18,Standard Class,CUST-00867,Corporate,West,PROD-0130,Office Supplies,Art,8,492.57,0.0,3940.56,1366.66
ORD-000431,2023-09-20,2023-09-23,Second Class,CUST-00652,Corporate,East,PROD-0131,Technology,Copiers,11,847.71,0.0,9324.81,2482.21
ORD-000432,2024-12-20,2024-12-21,Same Day,CUST-00260,Consumer,West,PROD-0132,Technology,Phones,11,837.93,0.1,8295.51,444.8
ORD-000433,2026-05-23,2026-05-28,Standard Class,CUST-00054,Home Office,Central,PROD-0133,Furniture,Furnishings,3,73.67,0.0,221.01,-15.35
ORD-000434,2023-12-14,2023-12-15,First Class,CUST-00622,Home Office,West,PROD-0134,Furniture,Tables,8,887.3,0.0,7098.4,1469.3
ORD-000435,2026-04-19,2026-04-25,Standard Class,CUST-00169,Corporate,West,PROD-0135,Office Supplies,Binders,10,432.29,0.1,3890.61,742.59
ORD-000436,2025-01-11,2025-01-14,Standard Class,CUST-00644,Consumer,South,PROD-0136,Office Supplies,Binders,11,629.89,0.0,6928.79,-547.5
ORD-000437,2026-04-16,2026-04-17,Standard Class,CUST-00756,Consumer,East,PROD-0137,Furniture,Furnishings,11,612.16,0.0,6733.76,-173.86
ORD-000438,2026-03-25,2026-03-29,Standard Class,CUST-00421,Home Office,Central,PROD-0138,Technology,Machines,1,473.68,0.0,473.68,63.93
ORD-000439,2024-06-25,2024-07-01,Standard Class,CUST-00090,Home Office,South,PROD-0139,Office Supplies,Paper,5,179.7,0.1,808.65,49.77
ORD-000440,2024-08-21,2024-08-23,Standard Class,CUST-00101,Consumer,South,PROD-0140,Furniture,Tables,2,524.68,0.3,734.55,173.45
ORD-000441,2023-02-02,2023-02-04,Same Day,CUST-00405,Consumer,West,PROD-0141,Technology,Accessories,7,207.89,0.0,1455.23,110.26
ORD-000442,2025-02-08,2025-02-12,Standard Class,CUST-00722,Consumer,West,PROD-0142,Furniture,Furnishings,6,198.62,0.0,1191.72,-90.35
ORD-000443,2024-01-13,2024-01-16,Second Class,CUST-00022,Consumer,South,PROD-0143,Technology,Accessories,2,744.21,0.1,1339.58,391.43
ORD-000444,2026-04-23,2026-04-28,Second Class,CUST-00265,Consumer,South,PROD-0144,Office Supplies,Art,10,170.43,0.0,1704.3,344.57
ORD-000445,2025-12-12,2025-12-15,Standard Class,CUST-00879,Consumer,West,PROD-0145,Furniture,Bookcases,3,170.09,0.0,510.27,47.64
ORD-000446,2024-09-14,2024-09-20,First Class,CUST-00340,Consumer,Central,PROD-0146,Office Supplies,Storage,4,11.56,0.0,46.24,8.17
ORD-000447,2025-11-05,2025-11-10,Standard Class,CUST-00327,Consumer,South,PROD-0147,Technology,Phones,7,44.44,0.0,311.08,53.08
ORD-000448,2023-01-01,2023-01-03,Standard Class,CUST-00012,Consumer,South,PROD-0148,Technology,Accessories,9,118.62,0.0,1067.58,170.05
ORD-000449,2025-07-25,2025-07-29,First Class,CUST-00530,Corporate,West,PROD-0149,Office Supplies,Storage,11,501.48,0.0,5516.28,-540.08
ORD-000450,2026-01-20,2026-01-23,Standard Class,CUST-00068,Corporate,South,PROD-0150,Office Supplies,Binders,9,93.09,0.3,586.47,117.11
ORD-000451,2024-08-28,2024-09-02,Second Class,CUST-00066,Consumer,South,PROD-0151,Furniture,Chairs,10,494.5,0.0,4945.0,1786.22
ORD-000452,2024-05-09,2024-05-14,Same Day,CUST-00309,Corporate,Central,PROD-0152,Office Supplies,Binders,10,787.51,0.15,6693.84,82.53
ORD-000453,2023-08-21,2023-08-22,Standard Class,CUST-00699,Home Office,West,PROD-0153,Office Supplies,Storage,1,750.19,0.15,637.66,212.48
ORD-000454,2026-04-15,2026-04-20,Standard Class,CUST-00845,Consumer,Central,PROD-0154,Office Supplies,Paper,7,513.85,0.0,3596.95,778.38
ORD-000455,2024-02-23,2024-02-27,Standard Class,CUST-00794,Corporate,South,PROD-0155,Technology,Copiers,8,119.18,0.0,953.44,73.59
ORD-000456,2024-09-18,2024-09-25,Standard Class,CUST-00313,Consumer,Central,PROD-0156,Office Supplies,Labels,7,500.36,0.0,3502.52,17.7
ORD-000457,2024-11-10,2024-11-13,Standard Class,CUST-00649,Corporate,South,PROD-0157,Office Supplies,Paper,5,512.81,0.15,2179.44,583.03
ORD-000458,2023-04-22,2023-04-27,Standard Class,CUST-00028,Home Office,East,PROD-0158,Office Supplies,Art,9,168.56,0.0,1517.04,163.47
ORD-000459,2023-09-06,2023-09-11,First Class,CUST-00503,Corporate,Central,PROD-0159,Technology,Phones,5,427.13,0.0,2135.65,454.55
ORD-000460,2026-06-18,2026-06-22,Standard Class,CUST-00429,Home Office,Central,PROD-0160,Office Supplies,Labels,1,776.19,0.0,776.19,268.04
ORD-000461,2023-08-09,2023-08-12,Standard Class,CUST-00042,Consumer,South,PROD-0161,Technology,Phones,3,152.34,0.0,457.02,134.98
ORD-000462,2023-12-11,2023-12-16,First Class,CUST-00491,Consumer,West,PROD-0162,Office Supplies,Labels,7,652.15,0.15,3880.29,998.98
ORD-000463,2023-10-01,2023-10-05,Standard Class,CUST-00168,Corporate,East,PROD-0163,Furniture,Chairs,9,281.38,0.0,2532.42,83.57
ORD-000464,2023-05-23,2023-05-26,First Class,CUST-00623,Corporate,Central,PROD-0164,Office Supplies,Labels,2,735.39,0.0,1470.78,394.11
ORD-000465,2026-04-27,2026-05-04,Standard Class,CUST-00117,Consumer,South,PROD-0165,Furniture,Bookcases,11,202.48,0.0,2227.28,734.01
ORD-000466,2024-01-11,2024-01-16,Second Class,CUST-00130,Corporate,South,PROD-0166,Office Supplies,Paper,6,372.56,0.0,2235.36,867.95
ORD-000467,2026-03-20,2026-03-25,Second Class,CUST-00434,Corporate,East,PROD-0167,Office Supplies,Storage,4,357.23,0.0,1428.92,337.02
ORD-000468,2025-11-02,2025-11-04,Standard Class,CUST-00594,Corporate,Central,PROD-0168,Office Supplies,Paper,11,582.47,0.1,5766.45,92.91
ORD-000469,2025-08-13,2025-08-16,Standard Class,CUST-00547,Corporate,South,PROD-0169,Office Supplies,Binders,7,133.13,0.1,838.72,185.18
ORD-000470,2024-04-11,2024-04-12,Standard Class,CUST-00732,Consumer,West,PROD-0170,Furniture,Bookcases,4,439.65,0.0,1758.6,638.55
ORD-000471,2025-10-27,2025-10-30,Standard Class,CUST-00134,Home Office,East,PROD-0171,Technology,Copiers,9,53.13,0.1,430.35,6.73
ORD-000472,2026-02-12,2026-02-18,Standard Class,CUST-00602,Home Office,Central,PROD-0172,Office Supplies,Storage,5,615.97,0.0,3079.85,1145.05
ORD-000473,2023-06-28,2023-07-02,Second Class,CUST-00191,Consumer,Central,PROD-0173,Office Supplies,Storage,8,611.56,0.0,4892.48,1646.43
ORD-000474,2023-08-25,2023-09-01,Standard Class,CUST-00553,Home Office,South,PROD-0174,Technology,Machines,11,753.62,0.0,8289.82,-44.78
ORD-000475,2023-06-14,2023-06-15,Same Day,CUST-00003,Corporate,Central,PROD-0175,Office Supplies,Binders,4,840.81,0.0,3363.24,452.0
ORD-000476,2024-02-19,2024-02-26,Standard Class,CUST-00718,Consumer,South,PROD-0176,Technology,Copiers,2,47.24,0.3,66.14,15.85
ORD-000477,2025-03-14,2025-03-21,Standard Class,CUST-00488,Home Office,West,PROD-0177,Office Supplies,Storage,4,492.11,0.3,1377.91,116.53
ORD-000478,2026-06-13,2026-06-19,First Class,CUST-00704,Consumer,West,PROD-0178,Office Supplies,Paper,9,128.84,0.5,579.78,14.49
ORD-000479,2026-05-17,2026-05-22,Second Class,CUST-00291,Consumer,South,PROD-0179,Office Supplies,Labels,5,739.13,0.1,3326.09,364.16
ORD-000480,2025-04-27,2025-04-29,Second Class,CUST-00593,Corporate,East,PROD-0180,Furniture,Furnishings,7,761.86,0.0,5333.02,-528.92
ORD-000481,2025-03-29,2025-03-30,Standard Class,CUST-00875,Home Office,East,PROD-0181,Office Supplies,Binders,4,464.12,0.0,1856.48,577.58
ORD-000482,2023-06-06,2023-06-12,Standard Class,CUST-00513,Corporate,West,PROD-0182,Technology,Phones,8,280.39,0.0,2243.12,-142.43
ORD-000483,2023-02-28,2023-03-01,Same Day,CUST-00464,Consumer,Central,PROD-0183,Technology,Phones,2,53.18,0.0,106.36,-8.56
ORD-000484,2023-01-13,2023-01-15,First Class,CUST-00079,Corporate,East,PROD-0184,Office Supplies,Binders,2,780.1,0.0,1560.2,450.93
ORD-000485,2025-04-05,2025-04-09,Second Class,CUST-00470,Home Office,West,PROD-0185,Technology,Copiers,10,486.86,0.5,2434.3,800.31
ORD-000486,2023-12-29,2024-01-03,Standard Class,CUST-00435,Consumer,East,PROD-0186,Technology,Accessories,8,737.89,0.0,5903.12,1852.17
ORD-000487,2025-04-19,2025-04-20,Standard Class,CUST-00831,Corporate,South,PROD-0187,Technology,Phones,9,265.77,0.0,2391.93,211.53
ORD-000488,2024-04-03,2024-04-07,First Class,CUST-00158,Corporate,East,PROD-0188,Technology,Machines,2,271.4,0.0,542.8,32.68
ORD-000489,2025-09-11,2025-09-18,Standard Class,CUST-00482,Corporate,Central,PROD-0189,Technology,Accessories,3,685.99,0.0,2057.97,683.92
ORD-000490,2024-12-10,2024-12-15,Standard Class,CUST-00891,Corporate,Central,PROD-0190,Furniture,Chairs,6,16.84,0.0,101.04,28.77
ORD-000491,2024-08-08,2024-08-11,Second Class,CUST-00108,Home Office,Central,PROD-0191,Furniture,Bookcases,2,342.46,0.0,684.92,118.0
ORD-000492,2023-11-23,2023-11-26,First Class,CUST-00150,Consumer,East,PROD-0192,Technology,Accessories,9,582.75,0.0,5244.75,910.08
ORD-000493,2026-05-06,2026-05-09,Standard Class,CUST-00391,Consumer,East,PROD-0193,Office Supplies,Labels,11,320.33,0.0,3523.63,-36.83
ORD-000494,2024-12-04,2024-12-07,Standard Class,CUST-00599,Corporate,West,PROD-0194,Technology,Phones,6,346.55,0.15,1767.41,126.01
ORD-000495,2023-03-20,2023-03-23,First Class,CUST-00515,Home Office,East,PROD-0195,Furniture,Tables,10,564.76,0.15,4800.46,-314.34
ORD-000496,2025-10-21,2025-10-26,Second Class,CUST-00126,Home Office,Central,PROD-0196,Office Supplies,Paper,1,386.27,0.3,270.39,61.89
ORD-000497,2023-02-25,2023-02-26,Standard Class,CUST-00498,Consumer,South,PROD-0197,Office Supplies,Storage,10,166.24,0.0,1662.4,568.28
ORD-000498,2026-05-23,2026-05-27,Standard Class,CUST-00101,Consumer,West,PROD-0198,Furniture,Bookcases,11,82.93,0.0,912.23,157.58
ORD-000499,2024-01-01,2024-01-02,Standard Class,CUST-00318,Consumer,East,PROD-0199,Furniture,Chairs,8,280.37,0.2,1794.37,-34.37
ORD-000500,2024-01-03,2024-01-09,First Class,CUST-00152,Corporate,East,PROD-0200,Furniture,Bookcases,10,483.43,0.0,4834.3,-81.63
ORD-000501,2023-04-11,2023-04-16,Standard Class,CUST-00338,Corporate,West,PROD-0201,Office Supplies,Binders,11,665.45,0.0,7319.95,2492.06
ORD-000502,2023-09-22,2023-09-27,Standard Class,CUST-00538,Home Office,East,PROD-0202,Office Supplies,Art,9,623.82,0.0,5614.38,1190.92
ORD-000503,2026-02-28,2026-03-02,Standard Class,CUST-00696,Consumer,East,PROD-0203,Technology,Machines,3,393.16,0.15,1002.56,81.84
ORD-000504,2025-05-17,2025-05-22,Second Class,CUST-00129,Consumer,South,PROD-0204,Office Supplies,Art,1,22.92,0.0,22.92,2.15
ORD-000505,2026-05-08,2026-05-13,Standard Class,CUST-00666,Corporate,South,PROD-0205,Office Supplies,Art,10,538.81,0.0,5388.1,-466.43
ORD-000506,2024-12-24,2024-12-31,Second Class,CUST-00620,Consumer,East,PROD-0206,Furniture,Furnishings,1,808.67,0.0,808.67,205.11
ORD-000507,2025-06-12,2025-06-14,Standard Class,CUST-00746,Consumer,South,PROD-0207,Office Supplies,Labels,9,325.38,0.0,2928.42,274.83
ORD-000508,2023-10-31,2023-11-04,Standard Class,CUST-00808,Home Office,Central,PROD-0208,Technology,Copiers,2,770.72,0.0,1541.44,84.33
ORD-000509,2023-08-26,2023-09-01,First Class,CUST-00246,Consumer,West,PROD-0209,Office Supplies,Art,5,357.3,0.0,1786.5,584.67
ORD-000510,2023-03-25,2023-03-28,Second Class,CUST-00143,Consumer,South,PROD-0210,Technology,Phones,3,153.12,0.1,413.42,69.32
ORD-000511,2023-04-03,2023-04-09,Standard Class,CUST-00840,Consumer,South,PROD-0211,Furniture,Chairs,10,601.9,0.0,6019.0,2266.51
ORD-000512,2025-11-03,2025-11-05,Standard Class,CUST-00634,Consumer,Central,PROD-0212,Technology,Copiers,1,113.57,0.0,113.57,18.88
ORD-000513,2025-02-18,2025-02-25,Second Class,CUST-00132,Consumer,West,PROD-0213,Office Supplies,Labels,2,656.23,0.2,1049.97,295.15
ORD-000514,2025-05-15,2025-05-21,Second Class,CUST-00841,Corporate,Central,PROD-0214,Furniture,Bookcases,2,478.15,0.0,956.3,152.68
ORD-000515,2024-04-13,2024-04-17,Standard Class,CUST-00752,Consumer,East,PROD-0215,Office Supplies,Art,6,676.21,0.15,3448.67,-108.9
ORD-000516,2024-04-22,2024-04-29,Second Class,CUST-00294,Consumer,Central,PROD-0216,Technology,Machines,6,776.93,0.0,4661.58,1520.17
ORD-000517,2024-01-13,2024-01-19,Standard Class,CUST-00712,Consumer,West,PROD-0217,Office Supplies,Paper,5,468.62,0.1,2108.79,38.6
ORD-000518,2025-03-11,2025-03-14,First Class,CUST-00298,Consumer,East,PROD-0218,Technology,Copiers,11,233.54,0.15,2183.6,194.33
ORD-000519,2023-01-25,2023-01-28,Standard Class,CUST-00799,Consumer,South,PROD-0219,Technology,Phones,7,396.92,0.15,2361.67,73.69
ORD-000520,2025-07-17,2025-07-22,Standard Class,CUST-00622,Corporate,Central,PROD-0220,Furniture,Bookcases,8,557.41,0.2,3567.42,55.93
ORD-000521,2023-12-09,2023-12-13,Standard Class,CUST-00525,Corporate,West,PROD-0221,Technology,Accessories,8,467.9,0.15,3181.72,771.84
ORD-000522,2025-05-11,2025-05-14,Standard Class,CUST-00546,Consumer,West,PROD-0222,Furniture,Bookcases,5,106.4,0.0,532.0,92.39
ORD-000523,2026-04-20,2026-04-25,Standard Class,CUST-00255,Corporate,West,PROD-0223,Office Supplies,Storage,2,19.35,0.3,27.09,2.4
ORD-000524,2025-09-08,2025-09-12,Standard Class,CUST-00016,Home Office,Central,PROD-0224,Furniture,Chairs,7,525.64,0.15,3127.56,322.79
ORD-000525,2025-09-23,2025-09-28,Standard Class,CUST-00178,Corporate,South,PROD-0225,Office Supplies,Paper,10,431.31,0.1,3881.79,392.78
ORD-000526,2023-09-12,2023-09-19,Standard Class,CUST-00026,Consumer,West,PROD-0226,Furniture,Chairs,5,895.98,0.0,4479.9,117.67
ORD-000527,2025-10-05,2025-10-08,Standard Class,CUST-00255,Home Office,Central,PROD-0227,Technology,Phones,4,755.55,0.15,2568.87,151.44
ORD-000528,2023-10-27,2023-10-31,Standard Class,CUST-00756,Corporate,South,PROD-0228,Office Supplies,Binders,6,560.96,0.0,3365.76,1307.54
ORD-000529,2026-06-03,2026-06-08,Standard Class,CUST-00422,Home Office,South,PROD-0229,Office Supplies,Labels,4,567.51,0.0,2270.04,485.18
ORD-000530,2026-01-29,2026-02-01,Standard Class,CUST-00595,Corporate,Central,PROD-0230,Furniture,Chairs,6,258.08,0.0,1548.48,606.19
ORD-000531,2025-04-27,2025-05-01,Standard Class,CUST-00573,Home Office,West,PROD-0231,Technology,Copiers,5,166.69,0.3,583.41,5.48
ORD-000532,2023-08-14,2023-08-15,Standard Class,CUST-00028,Consumer,East,PROD-0232,Office Supplies,Labels,10,832.26,0.0,8322.6,371.37
ORD-000533,2026-04-05,2026-04-07,Standard Class,CUST-00758,Home Office,Central,PROD-0233,Furniture,Bookcases,7,19.91,0.0,139.37,41.51
ORD-000534,2026-03-01,2026-03-02,First Class,CUST-00744,Consumer,Central,PROD-0234,Office Supplies,Art,7,718.67,0.0,5030.69,1384.27
ORD-000535,2024-07-13,2024-07-16,Standard Class,CUST-00461,Consumer,South,PROD-0235,Office Supplies,Binders,11,413.91,0.0,4553.01,423.55
ORD-000536,2024-12-07,2024-12-13,Standard Class,CUST-00588,Home Office,East,PROD-0236,Office Supplies,Paper,7,32.22,0.1,202.99,68.41
ORD-000537,2026-06-23,2026-06-28,Standard Class,CUST-00145,Consumer,South,PROD-0237,Furniture,Bookcases,2,756.31,0.1,1361.36,282.53
ORD-000538,2023-07-25,2023-07-31,Standard Class,CUST-00761,Home Office,South,PROD-0238,Office Supplies,Art,5,302.79,0.3,1059.76,75.79
ORD-000539,2025-02-16,2025-02-18,Second Class,CUST-00444,Consumer,West,PROD-0239,Office Supplies,Labels,3,471.79,0.0,1415.37,538.84
ORD-000540,2026-01-06,2026-01-11,Standard Class,CUST-00574,Consumer,East,PROD-0240,Technology,Phones,4,547.28,0.0,2189.12,-189.24
ORD-000541,2025-10-12,2025-10-13,Standard Class,CUST-00095,Home Office,East,PROD-0241,Office Supplies,Storage,6,818.43,0.15,4173.99,599.82
ORD-000542,2023-04-02,2023-04-09,Standard Class,CUST-00025,Consumer,Central,PROD-0242,Furniture,Tables,5,132.82,0.0,664.1,27.41
ORD-000543,2023-01-19,2023-01-20,Standard Class,CUST-00323,Corporate,West,PROD-0243,Technology,Machines,9,398.41,0.0,3585.69,105.41
ORD-000544,2024-11-14,2024-11-19,Standard Class,CUST-00373,Corporate,Central,PROD-0244,Technology,Copiers,1,819.09,0.0,819.09,250.1
ORD-000545,2023-07-30,2023-08-06,Second Class,CUST-00283,Home Office,West,PROD-0245,Office Supplies,Paper,2,407.7,0.1,733.86,195.63
ORD-000546,2024-02-27,2024-02-29,Standard Class,CUST-00429,Corporate,Central,PROD-0246,Office Supplies,Storage,4,879.82,0.2,2815.42,419.97
ORD-000547,2024-12-28,2025-01-02,Standard Class,CUST-00057,Corporate,South,PROD-0247,Furniture,Bookcases,3,552.15,0.0,1656.45,473.87
ORD-000548,2023-07-28,2023-07-29,Standard Class,CUST-00419,Corporate,East,PROD-0248,Office Supplies,Art,6,718.0,0.0,4308.0,1088.83
ORD-000549,2024-12-25,2024-12-26,Standard Class,CUST-00103,Consumer,Central,PROD-0249,Technology,Accessories,6,403.74,0.3,1695.71,314.72
ORD-000550,2024-06-13,2024-06-16,Standard Class,CUST-00766,Home Office,West,PROD-0250,Furniture,Chairs,2,337.98,0.0,675.96,87.17
ORD-000551,2024-05-25,2024-05-26,Same Day,CUST-00389,Home Office,South,PROD-0251,Technology,Accessories,4,754.52,0.0,3018.08,1039.75
ORD-000552,2023-07-13,2023-07-16,Standard Class,CUST-00311,Consumer,Central,PROD-0252,Furniture,Bookcases,4,740.47,0.0,2961.88,810.51
ORD-000553,2023-05-20,2023-05-22,Same Day,CUST-00658,Consumer,West,PROD-0253,Office Supplies,Paper,2,403.02,0.0,806.04,315.7
ORD-000554,2026-05-04,2026-05-11,Standard Class,CUST-00674,Consumer,South,PROD-0254,Office Supplies,Storage,6,445.42,0.5,1336.26,52.29
ORD-000555,2024-02-22,2024-02-26,Standard Class,CUST-00214,Consumer,East,PROD-0255,Office Supplies,Paper,6,858.21,0.0,5149.26,-2.33
ORD-000556,2024-11-18,2024-11-19,Second Class,CUST-00052,Consumer,South,PROD-0256,Office Supplies,Paper,6,685.49,0.1,3701.65,-356.48
ORD-000557,2024-12-17,2024-12-20,Standard Class,CUST-00324,Home Office,South,PROD-0257,Furniture,Tables,9,276.44,0.1,2239.16,177.63
ORD-000558,2025-12-15,2025-12-19,Standard Class,CUST-00262,Corporate,South,PROD-0258,Office Supplies,Labels,1,168.66,0.0,168.66,36.74
ORD-000559,2025-02-08,2025-02-09,First Class,CUST-00534,Consumer,South,PROD-0259,Technology,Accessories,11,731.41,0.0,8045.51,990.91
ORD-000560,2024-12-28,2025-01-02,Standard Class,CUST-00525,Consumer,East,PROD-0260,Office Supplies,Labels,8,414.88,0.0,3319.04,383.7
ORD-000561,2024-10-01,2024-10-06,Second Class,CUST-00117,Corporate,East,PROD-0261,Furniture,Furnishings,8,494.46,0.1,3560.11,435.45
ORD-000562,2024-06-26,2024-06-29,Standard Class,CUST-00532,Home Office,West,PROD-0262,Office Supplies,Labels,9,52.18,0.0,469.62,83.12
ORD-000563,2024-01-30,2024-02-05,First Class,CUST-00214,Corporate,West,PROD-0263,Technology,Machines,4,107.0,0.1,385.2,122.17
ORD-000564,2023-02-18,2023-02-22,First Class,CUST-00374,Consumer,Central,PROD-0264,Office Supplies,Paper,5,780.23,0.0,3901.15,188.3
ORD-000565,2024-11-12,2024-11-15,Standard Class,CUST-00163,Consumer,Central,PROD-0265,Office Supplies,Paper,2,790.03,0.0,1580.06,211.14
ORD-000566,2026-01-20,2026-01-25,Standard Class,CUST-00493,Corporate,South,PROD-0266,Furniture,Furnishings,11,201.78,0.0,2219.58,776.2
ORD-000567,2026-04-25,2026-05-01,Standard Class,CUST-00560,Home Office,West,PROD-0267,Office Supplies,Art,3,663.65,0.0,1990.95,437.12
ORD-000568,2023-06-28,2023-07-05,First Class,CUST-00097,Consumer,South,PROD-0268,Technology,Machines,6,628.54,0.1,3394.12,1079.97
ORD-000569,2025-01-04,2025-01-10,Second Class,CUST-00705,Home Office,South,PROD-0269,Technology,Machines,3,487.58,0.0,1462.74,415.33
ORD-000570,2025-12-02,2025-12-08,Second Class,CUST-00581,Home Office,West,PROD-0270,Office Supplies,Storage,9,387.07,0.0,3483.63,1269.01
ORD-000571,2023-01-10,2023-01-12,First Class,CUST-00387,Consumer,East,PROD-0271,Office Supplies,Labels,10,597.32,0.15,5077.22,1395.08
ORD-000572,2026-06-07,2026-06-14,Standard Class,CUST-00656,Corporate,West,PROD-0272,Office Supplies,Labels,5,130.02,0.1,585.09,226.08
ORD-000573,2023-07-27,2023-08-03,Standard Class,CUST-00830,Corporate,West,PROD-0273,Office Supplies,Paper,11,127.82,0.3,984.21,74.77
ORD-000574,2024-09-20,2024-09-27,First Class,CUST-00448,Home Office,South,PROD-0274,Furniture,Chairs,8,48.65,0.15,330.82,39.37
ORD-000575,2026-06-26,2026-07-01,Standard Class,CUST-00084,Corporate,West,PROD-0275,Office Supplies,Paper,6,364.03,0.3,1528.93,150.29
ORD-000576,2026-01-21,2026-01-27,Standard Class,CUST-00073,Home Office,Central,PROD-0276,Furniture,Tables,9,538.73,0.0,4848.57,-420.35
ORD-000577,2025-09-14,2025-09-18,Second Class,CUST-00873,Home Office,East,PROD-0277,Technology,Phones,11,626.01,0.0,6886.11,1925.49
ORD-000578,2025-07-11,2025-07-12,Standard Class,CUST-00006,Consumer,South,PROD-0278,Furniture,Tables,10,558.37,0.15,4746.14,1194.31
ORD-000579,2025-10-22,2025-10-26,Standard Class,CUST-00209,Home Office,Central,PROD-0279,Office Supplies,Art,11,862.38,0.0,9486.18,1801.39
ORD-000580,2024-05-09,2024-05-12,Standard Class,CUST-00845,Consumer,South,PROD-0280,Technology,Machines,1,18.11,0.2,14.49,5.62
ORD-000581,2023-01-16,2023-01-19,Second Class,CUST-00115,Corporate,West,PROD-0281,Office Supplies,Binders,4,405.93,0.0,1623.72,636.57
ORD-000582,2025-09-04,2025-09-06,Standard Class,CUST-00259,Corporate,West,PROD-0282,Office Supplies,Paper,7,791.48,0.0,5540.36,2070.16
ORD-000583,2025-10-22,2025-10-23,First Class,CUST-00028,Consumer,South,PROD-0283,Office Supplies,Art,1,424.81,0.0,424.81,131.33
ORD-000584,2023-02-05,2023-02-06,Standard Class,CUST-00534,Corporate,Central,PROD-0284,Office Supplies,Paper,8,580.87,0.0,4646.96,-237.9
ORD-000585,2023-03-09,2023-03-13,Standard Class,CUST-00066,Consumer,West,PROD-0285,Furniture,Tables,5,200.38,0.0,1001.9,-91.34
ORD-000586,2025-04-01,2025-04-03,Standard Class,CUST-00561,Consumer,Central,PROD-0286,Office Supplies,Art,5,169.16,0.0,845.8,112.92
ORD-000587,2026-01-27,2026-01-29,Standard Class,CUST-00123,Consumer,South,PROD-0287,Office Supplies,Storage,5,736.31,0.0,3681.55,532.42
ORD-000588,2023-09-27,2023-10-04,Standard Class,CUST-00171,Consumer,East,PROD-0288,Furniture,Chairs,1,857.79,0.0,857.79,181.9
ORD-000589,2023-04-10,2023-04-12,Second Class,CUST-00143,Corporate,East,PROD-0289,Office Supplies,Binders,6,648.85,0.0,3893.1,341.27
ORD-000590,2023-03-23,2023-03-25,Second Class,CUST-00626,Consumer,Central,PROD-0290,Furniture,Furnishings,10,101.17,0.0,1011.7,358.93
ORD-000591,2023-09-12,2023-09-16,Standard Class,CUST-00462,Consumer,East,PROD-0291,Technology,Phones,1,869.08,0.2,695.26,105.29
ORD-000592,2023-08-24,2023-08-29,Standard Class,CUST-00638,Home Office,East,PROD-0292,Furniture,Bookcases,3,94.64,0.0,283.92,87.44
ORD-000593,2024-11-27,2024-12-02,Second Class,CUST-00537,Home Office,West,PROD-0293,Furniture,Tables,3,154.05,0.5,231.08,71.73
ORD-000594,2025-03-19,2025-03-23,Standard Class,CUST-00622,Home Office,Central,PROD-0294,Furniture,Furnishings,5,404.07,0.1,1818.32,483.56
ORD-000595,2024-11-13,2024-11-20,Standard Class,CUST-00567,Consumer,West,PROD-0295,Office Supplies,Labels,3,896.62,0.0,2689.86,828.55
ORD-000596,2026-05-06,2026-05-09,Second Class,CUST-00523,Home Office,West,PROD-0296,Office Supplies,Binders,7,819.64,0.0,5737.48,1224.29
ORD-000597,2025-08-05,2025-08-11,Standard Class,CUST-00381,Consumer,Central,PROD-0297,Office Supplies,Labels,8,794.37,0.3,4448.47,-17.02
ORD-000598,2023-10-08,2023-10-11,Second Class,CUST-00027,Home Office,Central,PROD-0298,Office Supplies,Storage,3,468.62,0.0,1405.86,156.53
ORD-000599,2023-06-18,2023-06-19,First Class,CUST-00538,Consumer,East,PROD-0299,Office Supplies,Storage,8,216.86,0.1,1561.39,491.79
ORD-000600,2023-05-13,2023-05-19,Standard Class,CUST-00018,Corporate,East,PROD-0300,Technology,Copiers,2,54.88,0.2,87.81,22.04
ORD-000601,2025-07-17,2025-07-19,First Class,CUST-00050,Consumer,West,PROD-0001,Office Supplies,Binders,6,5.67,0.0,34.02,8.83
ORD-000602,2025-09-14,2025-09-16,First Class,CUST-00246,Consumer,East,PROD-0002,Furniture,Tables,6,440.71,0.3,1850.98,404.52
ORD-000603,2025-08-01,2025-08-08,Standard Class,CUST-00695,Consumer,East,PROD-0003,Furniture,Chairs,11,50.47,0.0,555.17,181.3
ORD-000604,2023-08-14,2023-08-17,Standard Class,CUST-00443,Consumer,West,PROD-0004,Technology,Machines,6,326.09,0.1,1760.89,453.34
ORD-000605,2026-05-18,2026-05-25,Standard Class,CUST-00452,Home Office,East,PROD-0005,Office Supplies,Art,5,875.7,0.0,4378.5,465.61
ORD-000606,2023-11-29,2023-11-30,Standard Class,CUST-00356,Home Office,South,PROD-0006,Office Supplies,Labels,11,617.83,0.0,6796.13,132.52
ORD-000607,2025-10-10,2025-10-17,First Class,CUST-00192,Consumer,East,PROD-0007,Office Supplies,Paper,3,307.96,0.0,923.88,221.85
ORD-000608,2026-06-09,2026-06-11,Standard Class,CUST-00437,Corporate,West,PROD-0008,Technology,Accessories,3,571.61,0.2,1371.86,290.66
ORD-000609,2026-03-18,2026-03-19,Standard Class,CUST-00556,Consumer,West,PROD-0009,Furniture,Bookcases,4,77.2,0.1,277.92,67.98
ORD-000610,2024-05-20,2024-05-24,Standard Class,CUST-00215,Consumer,South,PROD-0010,Furniture,Bookcases,5,263.79,0.3,923.26,-69.31
ORD-000611,2025-10-05,2025-10-07,Standard Class,CUST-00220,Corporate,Central,PROD-0011,Office Supplies,Binders,11,133.04,0.0,1463.44,268.44
ORD-000612,2025-01-08,2025-01-10,Standard Class,CUST-00861,Consumer,West,PROD-0012,Office Supplies,Labels,4,451.58,0.0,1806.32,437.52
ORD-000613,2025-07-16,2025-07-18,Standard Class,CUST-00013,Corporate,Central,PROD-0013,Office Supplies,Binders,3,553.74,0.0,1661.22,633.21
ORD-000614,2023-11-28,2023-12-04,First Class,CUST-00387,Consumer,Central,PROD-0014,Furniture,Tables,5,841.31,0.0,4206.55,1125.31
ORD-000615,2026-03-30,2026-04-01,First Class,CUST-00551,Consumer,South,PROD-0015,Office Supplies,Paper,9,93.82,0.0,844.38,26.47
ORD-000616,2025-03-25,2025-03-29,Second Class,CUST-00507,Consumer,Central,PROD-0016,Furniture,Tables,2,628.6,0.0,1257.2,46.62
ORD-000617,2026-05-16,2026-05-17,Standard Class,CUST-00453,Consumer,East,PROD-0017,Technology,Accessories,7,387.65,0.0,2713.55,678.86
ORD-000618,2025-01-26,2025-02-01,Standard Class,CUST-00186,Consumer,East,PROD-0018,Office Supplies,Binders,4,528.03,0.15,1795.3,126.54
ORD-000619,2024-04-10,2024-04-17,Standard Class,CUST-00701,Corporate,Central,PROD-0019,Office Supplies,Binders,6,517.63,0.0,3105.78,922.35
ORD-000620,2024-09-04,2024-09-06,First Class,CUST-00859,Consumer,West,PROD-0020,Office Supplies,Art,10,157.63,0.0,1576.3,8.24
ORD-000621,2025-10-27,2025-10-30,Same Day,CUST-00228,Consumer,Central,PROD-0021,Office Supplies,Art,1,170.07,0.0,170.07,6.46
ORD-000622,2025-12-25,2025-12-26,Second Class,CUST-00567,Consumer,West,PROD-0022,Technology,Phones,1,851.05,0.2,680.84,130.53
ORD-000623,2023-08-25,2023-08-27,First Class,CUST-00543,Consumer,West,PROD-0023,Technology,Accessories,8,174.14,0.0,1393.12,47.04
ORD-000624,2023-08-20,2023-08-24,Same Day,CUST-00025,Home Office,South,PROD-0024,Furniture,Furnishings,11,831.34,0.0,9144.74,318.89
ORD-000625,2023-05-17,2023-05-21,Standard Class,CUST-00053,Corporate,West,PROD-0025,Office Supplies,Art,3,348.13,0.15,887.73,295.3
ORD-000626,2025-09-25,2025-09-29,Second Class,CUST-00677,Corporate,South,PROD-0026,Technology,Machines,2,179.52,0.0,359.04,75.5
ORD-000627,2023-09-01,2023-09-05,Standard Class,CUST-00706,Corporate,West,PROD-0027,Office Supplies,Storage,11,667.64,0.0,7344.04,2043.62
ORD-000628,2025-10-18,2025-10-20,Standard Class,CUST-00876,Home Office,Central,PROD-0028,Furniture,Tables,3,50.04,0.0,150.12,-0.95
ORD-000629,2023-10-22,2023-10-23,First Class,CUST-00700,Consumer,Central,PROD-0029,Technology,Machines,4,274.55,0.0,1098.2,94.61
ORD-000630,2025-04-25,2025-04-26,Standard Class,CUST-00243,Corporate,East,PROD-0030,Furniture,Bookcases,1,53.79,0.15,45.72,7.13
ORD-000631,2023-08-02,2023-08-08,Standard Class,CUST-00407,Consumer,South,PROD-0031,Office Supplies,Art,1,451.7,0.0,451.7,42.8
ORD-000632,2026-03-27,2026-03-28,Standard Class,CUST-00856,Consumer,Central,PROD-0032,Furniture,Tables,5,95.34,0.0,476.7,190.64
ORD-000633,2025-09-01,2025-09-04,Standard Class,CUST-00668,Home Office,West,PROD-0033,Office Supplies,Binders,8,634.44,0.0,5075.52,1827.29
ORD-000634,2025-01-15,2025-01-18,Standard Class,CUST-00732,Consumer,South,PROD-0034,Technology,Accessories,8,615.2,0.2,3937.28,969.58
ORD-000635,2023-04-10,2023-04-15,Standard Class,CUST-00282,Corporate,West,PROD-0035,Furniture,Tables,9,703.61,0.0,6332.49,653.57
ORD-000636,2026-04-28,2026-05-05,Same Day,CUST-00364,Consumer,East,PROD-0036,Furniture,Tables,9,522.81,0.2,3764.23,666.46
ORD-000637,2024-01-02,2024-01-04,Standard Class,CUST-00471,Consumer,South,PROD-0037,Technology,Machines,7,600.92,0.0,4206.44,44.32
ORD-000638,2024-02-07,2024-02-09,Standard Class,CUST-00793,Consumer,West,PROD-0038,Office Supplies,Storage,4,86.83,0.0,347.32,120.15
ORD-000639,2023-12-01,2023-12-04,Second Class,CUST-00213,Corporate,South,PROD-0039,Furniture,Bookcases,11,753.48,0.0,8288.28,-329.53
ORD-000640,2025-11-11,2025-11-14,Standard Class,CUST-00774,Home Office,Central,PROD-0040,Furniture,Tables,11,310.15,0.2,2729.32,1011.05
ORD-000641,2024-12-13,2024-12-20,Second Class,CUST-00869,Corporate,West,PROD-0041,Furniture,Chairs,6,331.29,0.15,1689.58,-4.27
ORD-000642,2026-02-01,2026-02-06,Standard Class,CUST-00552,Corporate,East,PROD-0042,Office Supplies,Storage,5,96.73,0.0,483.65,-27.78
ORD-000643,2023-05-17,2023-05-24,First Class,CUST-00764,Home Office,West,PROD-0043,Office Supplies,Labels,7,633.43,0.0,4434.01,-404.13
ORD-000644,2025-10-28,2025-11-04,Standard Class,CUST-00219,Consumer,West,PROD-0044,Office Supplies,Binders,8,329.76,0.1,2374.27,769.98
ORD-000645,2026-03-30,2026-04-06,Standard Class,CUST-00205,Consumer,East,PROD-0045,Office Supplies,Labels,5,286.53,0.0,1432.65,347.42
ORD-000646,2023-04-25,2023-04-26,Standard Class,CUST-00369,Consumer,East,PROD-0046,Office Supplies,Art,9,370.79,0.0,3337.11,-245.76
ORD-000647,2023-06-26,2023-06-27,Standard Class,CUST-00824,Corporate,South,PROD-0047,Technology,Accessories,8,375.92,0.15,2556.26,895.09
ORD-000648,2025-02-18,2025-02-21,Standard Class,CUST-00022,Consumer,Central,PROD-0048,Office Supplies,Storage,11,629.59,0.0,6925.49,2767.9
ORD-000649,2026-01-31,2026-02-04,Standard Class,CUST-00090,Corporate,Central,PROD-0049,Furniture,Bookcases,8,859.75,0.2,5502.4,305.92
ORD-000650,2023-12-11,2023-12-15,Standard Class,CUST-00655,Consumer,Central,PROD-0050,Furniture,Chairs,8,455.83,0.15,3099.64,719.14
ORD-000651,2025-11-12,2025-11-18,First Class,CUST-00240,Corporate,Central,PROD-0051,Furniture,Chairs,10,801.4,0.1,7212.6,1190.27
ORD-000652,2023-04-09,2023-04-16,Standard Class,CUST-00598,Corporate,West,PROD-0052,Office Supplies,Storage,8,375.23,0.15,2551.56,629.47
ORD-000653,2025-03-20,2025-03-24,First Class,CUST-00381,Consumer,South,PROD-0053,Office Supplies,Storage,1,496.16,0.15,421.74,80.78
ORD-000654,2024-06-11,2024-06-12,Standard Class,CUST-00812,Home Office,East,PROD-0054,Office Supplies,Labels,7,359.47,0.0,2516.29,282.82
ORD-000655,2024-01-31,2024-02-01,First Class,CUST-00116,Consumer,South,PROD-0055,Technology,Machines,3,306.03,0.0,918.09,-44.57
ORD-000656,2023-07-29,2023-07-30,First Class,CUST-00696,Corporate,South,PROD-0056,Office Supplies,Paper,9,466.1,0.15,3565.67,645.64
ORD-000657,2023-05-13,2023-05-20,Standard Class,CUST-00192,Corporate,East,PROD-0057,Furniture,Bookcases,8,651.94,0.0,5215.52,1030.79
ORD-000658,2024-11-20,2024-11-22,Standard Class,CUST-00034,Consumer,East,PROD-0058,Technology,Copiers,2,897.18,0.0,1794.36,107.93
ORD-000659,2025-04-03,2025-04-10,Second Class,CUST-00113,Consumer,Central,PROD-0059,Furniture,Chairs,1,853.64,0.0,853.64,214.4
ORD-000660,2023-02-14,2023-02-18,Second Class,CUST-00267,Corporate,East,PROD-0060,Office Supplies,Storage,6,717.82,0.0,4306.92,968.95
ORD-000661,2025-09-22,2025-09-27,Second Class,CUST-00181,Corporate,East,PROD-0061,Office Supplies,Art,3,368.2,0.3,773.22,-33.87
ORD-000662,2026-06-17,2026-06-19,Standard Class,CUST-00749,Consumer,Central,PROD-0062,Office Supplies,Storage,10,636.86,0.0,6368.6,600.8
ORD-000663,2025-02-27,2025-03-04,Standard Class,CUST-00605,Consumer,East,PROD-0063,Technology,Machines,7,76.66,0.0,536.62,-50.99
ORD-000664,2025-11-01,2025-11-04,First Class,CUST-00229,Home Office,South,PROD-0064,Technology,Copiers,7,189.95,0.2,1063.72,-90.17
ORD-000665,2025-09-15,2025-09-21,Standard Class,CUST-00871,Home Office,Central,PROD-0065,Technology,Accessories,4,194.56,0.15,661.5,-4.33
ORD-000666,2025-03-15,2025-03-16,Standard Class,CUST-00229,Consumer,Central,PROD-0066,Technology,Copiers,2,213.18,0.0,426.36,26.88
ORD-000667,2024-09-06,2024-09-09,Second Class,CUST-00698,Consumer,Central,PROD-0067,Office Supplies,Labels,6,725.45,0.3,3046.89,104.51
ORD-000668,2024-03-30,2024-03-31,Standard Class,CUST-00092,Corporate,East,PROD-0068,Furniture,Bookcases,11,304.02,0.0,3344.22,644.86
ORD-000669,2025-12-11,2025-12-14,Standard Class,CUST-00605,Consumer,Central,PROD-0069,Technology,Accessories,4,859.88,0.0,3439.52,212.43
ORD-000670,2026-03-22,2026-03-24,Second Class,CUST-00717,Consumer,South,PROD-0070,Office Supplies,Labels,6,350.88,0.0,2105.28,381.17
ORD-000671,2024-04-12,2024-04-13,Second Class,CUST-00784,Consumer,East,PROD-0071,Furniture,Furnishings,8,247.26,0.0,1978.08,364.88
ORD-000672,2023-10-02,2023-10-03,Standard Class,CUST-00113,Corporate,South,PROD-0072,Technology,Accessories,11,648.52,0.0,7133.72,177.94
ORD-000673,2024-01-12,2024-01-18,Standard Class,CUST-00703,Consumer,Central,PROD-0073,Office Supplies,Storage,11,525.52,0.0,5780.72,1145.72
ORD-000674,2024-03-23,2024-03-26,First Class,CUST-00356,Consumer,West,PROD-0074,Office Supplies,Paper,8,704.83,0.0,5638.64,-319.29
ORD-000675,2023-09-06,2023-09-11,Second Class,CUST-00665,Corporate,West,PROD-0075,Furniture,Chairs,10,184.79,0.0,1847.9,299.82
ORD-000676,2025-08-23,2025-08-29,Standard Class,CUST-00779,Home Office,South,PROD-0076,Technology,Phones,10,670.25,0.0,6702.5,2070.36
ORD-000677,2026-03-10,2026-03-12,Second Class,CUST-00253,Consumer,South,PROD-0077,Technology,Copiers,9,369.33,0.1,2991.57,39.99
ORD-000678,2025-03-21,2025-03-28,Second Class,CUST-00422,Consumer,Central,PROD-0078,Office Supplies,Storage,9,773.79,0.0,6964.11,2315.55
ORD-000679,2024-08-22,2024-08-24,Standard Class,CUST-00810,Consumer,Central,PROD-0079,Furniture,Tables,5,270.08,0.0,1350.4,163.3
ORD-000680,2026-05-21,2026-05-25,First Class,CUST-00404,Consumer,South,PROD-0080,Technology,Phones,2,714.46,0.0,1428.92,318.91
ORD-000681,2023-01-24,2023-01-28,Standard Class,CUST-00538,Corporate,South,PROD-0081,Furniture,Chairs,2,477.18,0.1,858.92,14.25
ORD-000682,2025-08-04,2025-08-07,Standard Class,CUST-00285,Consumer,East,PROD-0082,Office Supplies,Labels,11,190.97,0.15,1785.57,538.38
ORD-000683,2024-12-16,2024-12-23,Standard Class,CUST-00253,Corporate,South,PROD-0083,Office Supplies,Paper,10,347.32,0.0,3473.2,-304.15
ORD-000684,2025-08-24,2025-08-28,Second Class,CUST-00340,Home Office,West,PROD-0084,Furniture,Tables,5,223.86,0.0,1119.3,77.92
ORD-000685,2025-06-23,2025-06-24,Standard Class,CUST-00646,Consumer,South,PROD-0085,Office Supplies,Paper,3,636.29,0.0,1908.87,256.36
ORD-000686,2025-02-22,2025-02-23,Standard Class,CUST-00192,Corporate,Central,PROD-0086,Technology,Machines,10,708.99,0.0,7089.9,1239.61
ORD-000687,2025-03-08,2025-03-15,Standard Class,CUST-00644,Home Office,Central,PROD-0087,Office Supplies,Paper,5,509.03,0.3,1781.6,-174.75
ORD-000688,2024-12-06,2024-12-07,First Class,CUST-00394,Corporate,South,PROD-0088,Technology,Phones,1,794.57,0.0,794.57,217.55
ORD-000689,2024-03-16,2024-03-21,Standard Class,CUST-00281,Consumer,Central,PROD-0089,Office Supplies,Binders,11,753.99,0.0,8293.89,3314.27
ORD-000690,2023-03-01,2023-03-06,Standard Class,CUST-00169,Consumer,South,PROD-0090,Office Supplies,Storage,10,877.7,0.0,8777.0,2989.87
ORD-000691,2025-11-17,2025-11-21,Standard Class,CUST-00101,Home Office,South,PROD-0091,Office Supplies,Art,2,531.39,0.0,1062.78,120.16
ORD-000692,2023-10-04,2023-10-05,Second Class,CUST-00546,Consumer,East,PROD-0092,Office Supplies,Art,1,497.74,0.15,423.08,21.9
ORD-000693,2025-12-24,2025-12-29,Standard Class,CUST-00619,Home Office,South,PROD-0093,Office Supplies,Binders,1,476.5,0.0,476.5,-21.31
ORD-000694,2025-09-18,2025-09-21,First Class,CUST-00717,Home Office,Central,PROD-0094,Office Supplies,Binders,11,165.79,0.0,1823.69,-132.66
ORD-000695,2025-11-09,2025-11-10,First Class,CUST-00387,Corporate,South,PROD-0095,Office Supplies,Binders,9,729.44,0.15,5580.22,2042.72
ORD-000696,2025-05-11,2025-05-17,Standard Class,CUST-00716,Consumer,West,PROD-0096,Furniture,Tables,1,367.48,0.3,257.24,-14.28
ORD-000697,2023-02-22,2023-02-26,Standard Class,CUST-00379,Consumer,East,PROD-0097,Technology,Accessories,11,147.66,0.3,1136.98,406.33
ORD-000698,2023-06-27,2023-06-29,First Class,CUST-00759,Consumer,East,PROD-0098,Technology,Accessories,4,459.22,0.0,1836.88,601.65
ORD-000699,2023-05-25,2023-05-28,Second Class,CUST-00414,Consumer,West,PROD-0099,Technology,Phones,9,819.08,0.1,6634.55,-424.92
ORD-000700,2024-06-14,2024-06-21,Standard Class,CUST-00834,Consumer,South,PROD-0100,Furniture,Chairs,2,522.37,0.3,731.32,110.82
ORD-000701,2025-08-30,2025-09-06,Standard Class,CUST-00230,Consumer,South,PROD-0101,Office Supplies,Paper,6,693.04,0.0,4158.24,1179.35
ORD-000702,2023-11-26,2023-12-03,Standard Class,CUST-00557,Home Office,Central,PROD-0102,Office Supplies,Paper,1,138.71,0.0,138.71,18.07
ORD-000703,2023-01-20,2023-01-27,Standard Class,CUST-00186,Consumer,West,PROD-0103,Technology,Phones,2,382.49,0.0,764.98,-0.16
ORD-000704,2026-03-05,2026-03-12,Standard Class,CUST-00654,Consumer,Central,PROD-0104,Technology,Copiers,3,342.58,0.2,822.19,-53.57
ORD-000705,2026-03-08,2026-03-12,Standard Class,CUST-00667,Consumer,West,PROD-0105,Furniture,Bookcases,8,93.49,0.15,635.73,211.71
ORD-000706,2023-08-01,2023-08-05,Standard Class,CUST-00076,Consumer,Central,PROD-0106,Office Supplies,Art,9,629.77,0.1,5101.14,307.5
ORD-000707,2024-07-04,2024-07-08,Standard Class,CUST-00540,Consumer,Central,PROD-0107,Furniture,Furnishings,5,347.54,0.15,1477.05,78.02
ORD-000708,2023-05-22,2023-05-27,First Class,CUST-00446,Consumer,South,PROD-0108,Furniture,Bookcases,11,876.16,0.15,8192.1,175.91
ORD-000709,2023-02-12,2023-02-16,Standard Class,CUST-00177,Consumer,South,PROD-0109,Furniture,Furnishings,11,460.5,0.0,5065.5,1947.6
ORD-000710,2025-04-29,2025-05-06,Standard Class,CUST-00746,Corporate,East,PROD-0110,Office Supplies,Binders,6,580.15,0.15,2958.76,136.86
ORD-000711,2023-06-06,2023-06-13,Second Class,CUST-00662,Consumer,West,PROD-0111,Office Supplies,Art,4,650.4,0.0,2601.6,163.51
ORD-000712,2025-04-04,2025-04-11,Standard Class,CUST-00628,Home Office,East,PROD-0112,Technology,Phones,1,219.75,0.0,219.75,80.04
ORD-000713,2024-05-09,2024-05-10,Standard Class,CUST-00569,Home Office,East,PROD-0113,Office Supplies,Paper,11,355.84,0.0,3914.24,959.04
ORD-000714,2024-01-11,2024-01-16,Standard Class,CUST-00643,Consumer,Central,PROD-0114,Office Supplies,Labels,9,726.29,0.0,6536.61,-27.71
ORD-000715,2023-10-06,2023-10-09,Standard Class,CUST-00052,Consumer,East,PROD-0115,Technology,Phones,1,497.87,0.15,423.19,160.73
ORD-000716,2024-10-14,2024-10-21,Standard Class,CUST-00420,Home Office,South,PROD-0116,Office Supplies,Storage,3,601.7,0.0,1805.1,348.18
ORD-000717,2025-09-27,2025-10-02,Standard Class,CUST-00229,Consumer,West,PROD-0117,Office Supplies,Art,4,243.09,0.0,972.36,148.66
ORD-000718,2023-05-06,2023-05-08,Standard Class,CUST-00257,Corporate,Central,PROD-0118,Technology,Phones,1,440.94,0.2,352.75,57.72
ORD-000719,2023-05-27,2023-06-03,Standard Class,CUST-00257,Home Office,South,PROD-0119,Office Supplies,Paper,10,820.19,0.3,5741.33,919.27
ORD-000720,2026-04-10,2026-04-16,Standard Class,CUST-00355,Consumer,South,PROD-0120,Office Supplies,Storage,7,331.72,0.0,2322.04,491.31
ORD-000721,2024-01-08,2024-01-10,First Class,CUST-00346,Home Office,South,PROD-0121,Technology,Copiers,1,13.05,0.0,13.05,1.35
ORD-000722,2025-02-19,2025-02-23,Standard Class,CUST-00726,Corporate,South,PROD-0122,Office Supplies,Storage,10,81.79,0.0,817.9,295.76
ORD-000723,2025-11-17,2025-11-18,First Class,CUST-00210,Corporate,West,PROD-0123,Furniture,Furnishings,6,251.51,0.3,1056.34,64.19
ORD-000724,2025-08-31,2025-09-04,Standard Class,CUST-00105,Consumer,South,PROD-0124,Technology,Accessories,10,477.6,0.3,3343.2,875.9
ORD-000725,2024-07-02,2024-07-09,Second Class,CUST-00332,Consumer,Central,PROD-0125,Furniture,Bookcases,4,297.57,0.0,1190.28,298.17
ORD-000726,2024-03-22,2024-03-27,Standard Class,CUST-00222,Home Office,West,PROD-0126,Furniture,Furnishings,1,68.06,0.0,68.06,4.24
ORD-000727,2025-05-24,2025-05-26,Standard Class,CUST-00288,Corporate,South,PROD-0127,Office Supplies,Paper,6,665.99,0.2,3196.75,681.32
ORD-000728,2025-06-23,2025-06-28,Standard Class,CUST-00802,Consumer,East,PROD-0128,Technology,Machines,9,649.36,0.15,4967.6,47.34
ORD-000729,2023-12-31,2024-01-05,Same Day,CUST-00118,Consumer,Central,PROD-0129,Office Supplies,Art,2,246.96,0.15,419.83,66.82
ORD-000730,2025-02-21,2025-02-27,Standard Class,CUST-00604,Corporate,South,PROD-0130,Office Supplies,Labels,7,397.46,0.1,2504.0,531.09
ORD-000731,2025-05-09,2025-05-11,Standard Class,CUST-00731,Home Office,Central,PROD-0131,Furniture,Chairs,10,91.65,0.0,916.5,362.79
ORD-000732,2024-01-11,2024-01-13,Standard Class,CUST-00573,Consumer,East,PROD-0132,Furniture,Tables,11,695.25,0.0,7647.75,2761.69
ORD-000733,2026-02-08,2026-02-10,Standard Class,CUST-00601,Corporate,West,PROD-0133,Office Supplies,Binders,2,456.91,0.0,913.82,279.96
ORD-000734,2025-03-19,2025-03-24,Standard Class,CUST-00359,Home Office,West,PROD-0134,Technology,Copiers,10,79.05,0.2,632.4,29.52
ORD-000735,2025-06-05,2025-06-12,First Class,CUST-00023,Home Office,West,PROD-0135,Office Supplies,Art,8,769.56,0.15,5233.01,-252.46
ORD-000736,2023-11-21,2023-11-22,Same Day,CUST-00013,Corporate,Central,PROD-0136,Furniture,Bookcases,11,488.98,0.3,3765.15,103.88
ORD-000737,2026-05-29,2026-05-30,Standard Class,CUST-00861,Consumer,West,PROD-0137,Office Supplies,Binders,7,46.23,0.0,323.61,22.42
ORD-000738,2023-03-01,2023-03-02,First Class,CUST-00832,Consumer,East,PROD-0138,Office Supplies,Paper,7,541.9,0.1,3413.97,1067.65
ORD-000739,2025-01-03,2025-01-06,First Class,CUST-00769,Home Office,East,PROD-0139,Office Supplies,Paper,11,242.43,0.2,2133.38,128.71
ORD-000740,2024-09-14,2024-09-16,Standard Class,CUST-00630,Consumer,East,PROD-0140,Technology,Phones,6,5.36,0.15,27.34,-1.65
ORD-000741,2025-05-08,2025-05-10,Standard Class,CUST-00064,Consumer,East,PROD-0141,Office Supplies,Paper,7,31.61,0.0,221.27,50.88
ORD-000742,2023-03-01,2023-03-06,Standard Class,CUST-00571,Corporate,East,PROD-0142,Technology,Machines,1,477.11,0.15,405.54,133.14
ORD-000743,2025-12-07,2025-12-08,Standard Class,CUST-00601,Corporate,South,PROD-0143,Technology,Phones,1,446.04,0.0,446.04,173.57
ORD-000744,2023-02-18,2023-02-21,Standard Class,CUST-00366,Corporate,West,PROD-0144,Office Supplies,Labels,4,339.32,0.1,1221.55,-78.19
ORD-000745,2024-03-09,2024-03-12,Standard Class,CUST-00170,Consumer,South,PROD-0145,Technology,Accessories,1,276.44,0.0,276.44,-18.47
ORD-000746,2024-09-28,2024-10-04,First Class,CUST-00204,Consumer,East,PROD-0146,Office Supplies,Paper,1,548.89,0.0,548.89,2.15
ORD-000747,2024-06-22,2024-06-28,Standard Class,CUST-00032,Consumer,Central,PROD-0147,Furniture,Tables,9,173.6,0.0,1562.4,-93.19
ORD-000748,2026-01-08,2026-01-15,Standard Class,CUST-00292,Home Office,Central,PROD-0148,Technology,Copiers,6,626.01,0.0,3756.06,587.03
ORD-000749,2025-07-14,2025-07-17,Standard Class,CUST-00814,Corporate,Central,PROD-0149,Office Supplies,Labels,1,17.1,0.0,17.1,6.71
ORD-000750,2023-05-27,2023-05-29,Standard Class,CUST-00668,Corporate,West,PROD-0150,Furniture,Tables,1,591.02,0.0,591.02,-1.61
ORD-000751,2024-11-10,2024-11-16,Standard Class,CUST-00379,Corporate,East,PROD-0151,Furniture,Chairs,2,469.65,0.0,939.3,104.52
ORD-000752,2026-05-13,2026-05-14,Standard Class,CUST-00566,Consumer,West,PROD-0152,Office Supplies,Storage,8,701.26,0.15,4768.57,905.47
ORD-000753,2023-08-30,2023-09-02,Second Class,CUST-00799,Consumer,East,PROD-0153,Office Supplies,Storage,5,60.14,0.0,300.7,104.5
ORD-000754,2023-05-14,2023-05-17,Standard Class,CUST-00886,Corporate,East,PROD-0154,Furniture,Tables,5,528.64,0.0,2643.2,390.78
ORD-000755,2023-08-04,2023-08-11,Standard Class,CUST-00257,Consumer,West,PROD-0155,Furniture,Bookcases,5,277.83,0.1,1250.23,415.05
ORD-000756,2025-12-26,2025-12-31,Standard Class,CUST-00068,Corporate,West,PROD-0156,Furniture,Furnishings,10,589.56,0.0,5895.6,1044.41
ORD-000757,2024-08-13,2024-08-14,Second Class,CUST-00129,Home Office,Central,PROD-0157,Technology,Accessories,3,169.15,0.0,507.45,156.69
ORD-000758,2024-05-27,2024-05-30,Standard Class,CUST-00890,Consumer,East,PROD-0158,Office Supplies,Storage,10,72.25,0.0,722.5,160.67
ORD-000759,2023-06-25,2023-06-28,First Class,CUST-00735,Consumer,Central,PROD-0159,Technology,Phones,5,803.89,0.0,4019.45,958.59
ORD-000760,2024-06-24,2024-07-01,Standard Class,CUST-00686,Home Office,East,PROD-0160,Office Supplies,Storage,1,761.77,0.1,685.59,-54.8
ORD-000761,2023-02-13,2023-02-14,Second Class,CUST-00417,Corporate,South,PROD-0161,Office Supplies,Binders,1,737.02,0.0,737.02,247.2
ORD-000762,2025-09-11,2025-09-17,Standard Class,CUST-00589,Consumer,West,PROD-0162,Office Supplies,Art,3,90.11,0.0,270.33,71.03
ORD-000763,2024-04-11,2024-04-18,First Class,CUST-00120,Home Office,East,PROD-0163,Technology,Phones,3,795.97,0.3,1671.54,550.56
ORD-000764,2024-05-07,2024-05-12,Second Class,CUST-00097,Consumer,West,PROD-0164,Furniture,Furnishings,5,781.04,0.3,2733.64,280.01
ORD-000765,2023-05-12,2023-05-14,Standard Class,CUST-00897,Corporate,East,PROD-0165,Technology,Phones,4,231.99,0.2,742.37,134.18
ORD-000766,2023-07-19,2023-07-23,Second Class,CUST-00082,Home Office,Central,PROD-0166,Furniture,Chairs,4,496.6,0.1,1787.76,521.96
ORD-000767,2026-02-12,2026-02-14,Standard Class,CUST-00387,Corporate,South,PROD-0167,Office Supplies,Storage,2,528.91,0.0,1057.82,232.98
ORD-000768,2024-12-11,2024-12-18,Standard Class,CUST-00448,Consumer,Central,PROD-0168,Office Supplies,Binders,5,711.19,0.0,3555.95,363.87
ORD-000769,2024-04-17,2024-04-18,Standard Class,CUST-00326,Home Office,South,PROD-0169,Furniture,Tables,1,702.68,0.0,702.68,221.22
ORD-000770,2024-01-22,2024-01-29,Standard Class,CUST-00735,Corporate,South,PROD-0170,Technology,Accessories,5,407.39,0.0,2036.95,313.59
ORD-000771,2025-05-03,2025-05-05,Standard Class,CUST-00031,Corporate,Central,PROD-0171,Technology,Accessories,7,356.37,0.0,2494.59,788.59
ORD-000772,2023-06-15,2023-06-19,Standard Class,CUST-00010,Corporate,South,PROD-0172,Furniture,Bookcases,4,524.81,0.1,1889.32,676.98
ORD-000773,2023-04-07,2023-04-10,Standard Class,CUST-00813,Consumer,East,PROD-0173,Office Supplies,Binders,8,203.76,0.15,1385.57,282.9
ORD-000774,2023-07-23,2023-07-29,Same Day,CUST-00833,Home Office,Central,PROD-0174,Technology,Phones,3,730.34,0.0,2191.02,34.3
ORD-000775,2024-05-20,2024-05-25,Standard Class,CUST-00623,Corporate,West,PROD-0175,Office Supplies,Storage,2,757.37,0.15,1287.53,367.96
ORD-000776,2024-05-09,2024-05-15,First Class,CUST-00160,Consumer,Central,PROD-0176,Technology,Accessories,6,428.23,0.0,2569.38,563.39
ORD-000777,2024-08-10,2024-08-11,Second Class,CUST-00268,Consumer,East,PROD-0177,Technology,Machines,9,657.92,0.0,5921.28,1424.22
ORD-000778,2024-01-28,2024-01-29,Standard Class,CUST-00056,Corporate,Central,PROD-0178,Office Supplies,Labels,2,798.3,0.15,1357.11,463.3
ORD-000779,2025-09-25,2025-10-01,First Class,CUST-00845,Corporate,Central,PROD-0179,Furniture,Chairs,9,397.28,0.0,3575.52,-63.08
ORD-000780,2025-02-06,2025-02-07,Standard Class,CUST-00888,Consumer,East,PROD-0180,Office Supplies,Art,2,136.97,0.0,273.94,83.87
ORD-000781,2025-12-18,2025-12-19,Standard Class,CUST-00891,Corporate,East,PROD-0181,Technology,Copiers,7,654.94,0.15,3896.89,192.92
ORD-000782,2024-06-25,2024-06-26,First Class,CUST-00293,Corporate,South,PROD-0182,Office Supplies,Storage,8,477.39,0.0,3819.12,721.58
ORD-000783,2024-02-19,2024-02-20,First Class,CUST-00455,Consumer,East,PROD-0183,Technology,Phones,4,555.34,0.0,2221.36,-118.11
ORD-000784,2023-12-25,2023-12-27,First Class,CUST-00330,Consumer,South,PROD-0184,Technology,Phones,9,131.66,0.2,947.95,181.25
ORD-000785,2025-01-16,2025-01-19,Second Class,CUST-00517,Consumer,South,PROD-0185,Technology,Copiers,5,35.02,0.0,175.1,43.32
ORD-000786,2023-12-05,2023-12-12,Standard Class,CUST-00077,Consumer,Central,PROD-0186,Furniture,Tables,7,217.18,0.0,1520.26,-97.01
ORD-000787,2023-06-14,2023-06-21,Same Day,CUST-00306,Consumer,West,PROD-0187,Furniture,Tables,3,163.78,0.0,491.34,90.17
ORD-000788,2024-03-25,2024-03-31,Standard Class,CUST-00776,Home Office,East,PROD-0188,Furniture,Bookcases,6,131.31,0.0,787.86,240.35
ORD-000789,2023-12-02,2023-12-09,Second Class,CUST-00782,Consumer,West,PROD-0189,Office Supplies,Labels,8,545.36,0.0,4362.88,1169.15
ORD-000790,2023-06-28,2023-06-30,Standard Class,CUST-00420,Corporate,South,PROD-0190,Office Supplies,Binders,9,403.97,0.15,3090.37,1065.13
ORD-000791,2023-06-19,2023-06-24,Standard Class,CUST-00592,Corporate,East,PROD-0191,Office Supplies,Binders,8,521.57,0.3,2920.79,973.63
ORD-000792,2024-12-11,2024-12-12,Standard Class,CUST-00438,Corporate,East,PROD-0192,Office Supplies,Storage,6,227.8,0.0,1366.8,91.72
ORD-000793,2024-04-11,2024-04-16,Standard Class,CUST-00840,Corporate,East,PROD-0193,Technology,Machines,4,791.89,0.0,3167.56,1179.52
ORD-000794,2026-05-19,2026-05-25,Standard Class,CUST-00444,Corporate,East,PROD-0194,Technology,Phones,1,388.85,0.1,349.97,92.24
ORD-000795,2025-01-08,2025-01-12,Standard Class,CUST-00144,Consumer,East,PROD-0195,Technology,Machines,8,411.21,0.1,2960.71,175.2
ORD-000796,2023-11-21,2023-11-26,First Class,CUST-00377,Corporate,West,PROD-0196,Technology,Copiers,7,55.58,0.0,389.06,45.04
ORD-000797,2023-01-31,2023-02-05,Standard Class,CUST-00191,Corporate,East,PROD-0197,Office Supplies,Paper,2,346.13,0.0,692.26,182.61
ORD-000798,2026-06-22,2026-06-25,Standard Class,CUST-00025,Consumer,Central,PROD-0198,Technology,Machines,4,375.05,0.0,1500.2,507.49
ORD-000799,2024-12-03,2024-12-10,Standard Class,CUST-00718,Corporate,West,PROD-0199,Office Supplies,Labels,9,513.65,0.0,4622.85,-306.86
ORD-000800,2025-06-16,2025-06-23,Standard Class,CUST-00813,Home Office,Central,PROD-0200,Technology,Copiers,4,110.93,0.1,399.35,10.0
ORD-000801,2025-12-19,2025-12-22,Standard Class,CUST-00873,Consumer,West,PROD-0201,Office Supplies,Paper,11,181.04,0.0,1991.44,-1.86
ORD-000802,2024-03-03,2024-03-04,Same Day,CUST-00457,Consumer,West,PROD-0202,Office Supplies,Art,7,541.74,0.15,3223.35,885.06
ORD-000803,2025-10-23,2025-10-24,Standard Class,CUST-00244,Consumer,West,PROD-0203,Office Supplies,Labels,6,53.37,0.0,320.22,55.98
ORD-000804,2026-01-20,2026-01-23,Standard Class,CUST-00879,Consumer,Central,PROD-0204,Furniture,Tables,5,363.14,0.0,1815.7,275.6
ORD-000805,2025-01-28,2025-01-31,Same Day,CUST-00533,Home Office,South,PROD-0205,Office Supplies,Storage,4,370.13,0.0,1480.52,430.6
ORD-000806,2025-09-09,2025-09-14,Standard Class,CUST-00503,Consumer,Central,PROD-0206,Office Supplies,Binders,7,83.38,0.15,496.11,116.38
ORD-000807,2023-05-19,2023-05-22,Second Class,CUST-00855,Consumer,East,PROD-0207,Office Supplies,Binders,11,581.0,0.0,6391.0,754.92
ORD-000808,2024-02-20,2024-02-26,First Class,CUST-00667,Consumer,East,PROD-0208,Furniture,Bookcases,5,696.41,0.0,3482.05,1082.57
ORD-000809,2024-12-09,2024-12-16,Standard Class,CUST-00445,Consumer,Central,PROD-0209,Office Supplies,Binders,6,800.51,0.0,4803.06,872.37
ORD-000810,2026-02-02,2026-02-03,Second Class,CUST-00494,Consumer,South,PROD-0210,Furniture,Chairs,10,839.06,0.0,8390.6,3147.36
ORD-000811,2025-06-21,2025-06-23,Second Class,CUST-00860,Corporate,West,PROD-0211,Office Supplies,Storage,7,139.53,0.0,976.71,331.54
ORD-000812,2025-01-25,2025-02-01,Standard Class,CUST-00670,Consumer,South,PROD-0212,Office Supplies,Labels,10,842.55,0.0,8425.5,-487.04
ORD-000813,2023-09-16,2023-09-19,Standard Class,CUST-00297,Consumer,East,PROD-0213,Furniture,Bookcases,10,247.12,0.15,2100.52,436.37
ORD-000814,2025-09-21,2025-09-24,Second Class,CUST-00675,Corporate,South,PROD-0214,Office Supplies,Art,6,595.49,0.0,3572.94,869.77
ORD-000815,2024-10-22,2024-10-26,Second Class,CUST-00435,Home Office,East,PROD-0215,Office Supplies,Paper,4,266.69,0.1,960.08,257.03
ORD-000816,2023-08-09,2023-08-10,Second Class,CUST-00514,Consumer,Central,PROD-0216,Technology,Phones,8,608.24,0.0,4865.92,1150.44
ORD-000817,2026-06-18,2026-06-23,Standard Class,CUST-00543,Consumer,West,PROD-0217,Office Supplies,Art,6,413.41,0.2,1984.37,295.54
ORD-000818,2024-02-20,2024-02-24,Standard Class,CUST-00852,Corporate,South,PROD-0218,Office Supplies,Binders,8,740.38,0.0,5923.04,1216.91
ORD-000819,2023-08-31,2023-09-02,Second Class,CUST-00856,Home Office,Central,PROD-0219,Technology,Phones,6,315.09,0.3,1323.38,515.94
ORD-000820,2026-04-30,2026-05-02,Standard Class,CUST-00815,Consumer,Central,PROD-0220,Furniture,Bookcases,3,427.09,0.1,1153.14,137.82
ORD-000821,2024-08-17,2024-08-18,Second Class,CUST-00435,Corporate,South,PROD-0221,Technology,Machines,6,168.96,0.1,912.38,58.29
ORD-000822,2026-04-18,2026-04-22,Standard Class,CUST-00443,Home Office,East,PROD-0222,Technology,Machines,7,303.36,0.0,2123.52,393.56
ORD-000823,2026-01-03,2026-01-05,Standard Class,CUST-00698,Consumer,East,PROD-0223,Technology,Accessories,2,658.72,0.0,1317.44,481.54
ORD-000824,2024-06-12,2024-06-16,Second Class,CUST-00097,Corporate,East,PROD-0224,Furniture,Furnishings,7,658.06,0.0,4606.42,1575.96
ORD-000825,2026-01-05,2026-01-09,First Class,CUST-00074,Consumer,Central,PROD-0225,Office Supplies,Paper,1,226.57,0.15,192.58,54.21
ORD-000826,2025-01-16,2025-01-20,Standard Class,CUST-00858,Consumer,Central,PROD-0226,Technology,Accessories,5,617.87,0.0,3089.35,905.93
ORD-000827,2023-02-11,2023-02-12,Standard Class,CUST-00403,Corporate,Central,PROD-0227,Office Supplies,Art,6,479.2,0.0,2875.2,616.59
ORD-000828,2024-10-12,2024-10-19,Standard Class,CUST-00730,Consumer,Central,PROD-0228,Office Supplies,Binders,9,781.28,0.0,7031.52,2033.42
ORD-000829,2023-09-15,2023-09-21,Standard Class,CUST-00836,Corporate,South,PROD-0229,Technology,Phones,9,623.4,0.0,5610.6,1894.62
ORD-000830,2023-11-03,2023-11-05,Standard Class,CUST-00440,Consumer,East,PROD-0230,Office Supplies,Binders,11,292.24,0.0,3214.64,537.2
ORD-000831,2025-10-17,2025-10-21,Standard Class,CUST-00842,Corporate,South,PROD-0231,Furniture,Furnishings,2,349.54,0.0,699.08,203.88
ORD-000832,2023-06-30,2023-07-03,Standard Class,CUST-00615,Consumer,East,PROD-0232,Furniture,Bookcases,6,51.78,0.1,279.61,33.02
ORD-000833,2024-03-18,2024-03-19,Standard Class,CUST-00892,Consumer,West,PROD-0233,Technology,Accessories,9,262.9,0.0,2366.1,627.63
ORD-000834,2023-12-07,2023-12-08,Standard Class,CUST-00394,Consumer,East,PROD-0234,Technology,Copiers,8,891.93,0.0,7135.44,16.82
ORD-000835,2023-05-02,2023-05-06,Standard Class,CUST-00730,Consumer,West,PROD-0235,Office Supplies,Art,1,318.91,0.15,271.07,51.83
ORD-000836,2026-05-24,2026-05-27,Standard Class,CUST-00202,Home Office,Central,PROD-0236,Office Supplies,Storage,5,695.08,0.0,3475.4,1297.79
ORD-000837,2023-08-05,2023-08-07,First Class,CUST-00413,Home Office,South,PROD-0237,Technology,Copiers,1,333.46,0.0,333.46,81.47
ORD-000838,2025-01-20,2025-01-24,Standard Class,CUST-00365,Home Office,West,PROD-0238,Technology,Phones,3,310.97,0.0,932.91,178.02
ORD-000839,2023-02-28,2023-03-03,Standard Class,CUST-00583,Consumer,West,PROD-0239,Technology,Machines,9,295.2,0.0,2656.8,322.49
ORD-000840,2023-02-28,2023-03-06,Second Class,CUST-00626,Consumer,West,PROD-0240,Technology,Copiers,8,26.86,0.0,214.88,14.28
ORD-000841,2025-06-17,2025-06-22,Second Class,CUST-00412,Consumer,Central,PROD-0241,Office Supplies,Storage,2,187.79,0.0,375.58,149.5
ORD-000842,2025-03-26,2025-03-27,Standard Class,CUST-00159,Corporate,South,PROD-0242,Technology,Phones,11,683.77,0.0,7521.47,2319.91
ORD-000843,2024-03-22,2024-03-24,Second Class,CUST-00182,Corporate,East,PROD-0243,Office Supplies,Art,10,101.63,0.0,1016.3,197.64
ORD-000844,2025-04-20,2025-04-24,Standard Class,CUST-00353,Consumer,South,PROD-0244,Technology,Machines,2,305.32,0.3,427.45,143.96
ORD-000845,2024-10-07,2024-10-09,Second Class,CUST-00255,Home Office,South,PROD-0245,Technology,Phones,5,872.65,0.1,3926.93,-253.45
ORD-000846,2025-12-28,2026-01-02,Second Class,CUST-00898,Corporate,West,PROD-0246,Technology,Copiers,2,746.53,0.15,1269.1,37.46
ORD-000847,2023-12-08,2023-12-15,Same Day,CUST-00720,Corporate,South,PROD-0247,Furniture,Chairs,3,460.14,0.0,1380.42,48.78
ORD-000848,2024-10-14,2024-10-16,First Class,CUST-00475,Consumer,South,PROD-0248,Office Supplies,Paper,10,772.7,0.0,7727.0,-266.85
ORD-000849,2024-01-17,2024-01-18,Second Class,CUST-00868,Corporate,Central,PROD-0249,Office Supplies,Labels,8,420.8,0.1,3029.76,635.41
ORD-000850,2023-06-19,2023-06-21,Standard Class,CUST-00341,Consumer,South,PROD-0250,Office Supplies,Art,9,520.33,0.0,4682.97,-175.8
ORD-000851,2024-04-08,2024-04-15,Second Class,CUST-00584,Consumer,Central,PROD-0251,Furniture,Chairs,7,92.76,0.0,649.32,247.49
ORD-000852,2026-02-13,2026-02-14,Standard Class,CUST-00553,Home Office,South,PROD-0252,Office Supplies,Binders,5,426.07,0.0,2130.35,851.83
ORD-000853,2025-11-13,2025-11-14,Second Class,CUST-00348,Corporate,East,PROD-0253,Office Supplies,Labels,1,558.42,0.0,558.42,-12.19
ORD-000854,2023-11-04,2023-11-11,Standard Class,CUST-00651,Consumer,Central,PROD-0254,Office Supplies,Paper,11,452.71,0.0,4979.81,350.29
ORD-000855,2025-12-04,2025-12-07,Second Class,CUST-00604,Corporate,West,PROD-0255,Furniture,Chairs,9,425.98,0.3,2683.67,760.42
ORD-000856,2023-10-07,2023-10-10,Standard Class,CUST-00680,Consumer,East,PROD-0256,Technology,Machines,11,251.53,0.15,2351.81,196.37
ORD-000857,2024-03-13,2024-03-15,First Class,CUST-00646,Consumer,West,PROD-0257,Technology,Phones,7,384.42,0.0,2690.94,-266.96
ORD-000858,2026-05-04,2026-05-07,Same Day,CUST-00252,Corporate,Central,PROD-0258,Technology,Machines,8,515.76,0.15,3507.17,-87.92
ORD-000859,2024-08-30,2024-09-01,Standard Class,CUST-00005,Consumer,West,PROD-0259,Furniture,Bookcases,1,32.19,0.1,28.97,-2.23
ORD-000860,2025-07-24,2025-07-28,Second Class,CUST-00751,Consumer,South,PROD-0260,Furniture,Bookcases,11,190.12,0.1,1882.19,203.48
ORD-000861,2025-12-03,2025-12-09,First Class,CUST-00177,Consumer,South,PROD-0261,Office Supplies,Binders,3,400.18,0.3,840.38,-24.53
ORD-000862,2024-11-27,2024-11-29,Same Day,CUST-00735,Consumer,South,PROD-0262,Office Supplies,Binders,8,246.99,0.15,1679.53,668.12
ORD-000863,2023-11-05,2023-11-12,Standard Class,CUST-00784,Consumer,West,PROD-0263,Office Supplies,Storage,4,158.14,0.2,506.05,127.76
ORD-000864,2024-12-30,2025-01-05,Standard Class,CUST-00077,Home Office,Central,PROD-0264,Office Supplies,Labels,9,380.46,0.0,3424.14,-281.49
ORD-000865,2024-12-12,2024-12-17,Second Class,CUST-00424,Consumer,South,PROD-0265,Furniture,Tables,5,845.03,0.0,4225.15,1643.57
ORD-000866,2023-03-09,2023-03-14,Standard Class,CUST-00095,Home Office,East,PROD-0266,Furniture,Chairs,6,834.65,0.1,4507.11,1106.17
ORD-000867,2025-07-13,2025-07-14,Second Class,CUST-00839,Consumer,East,PROD-0267,Office Supplies,Labels,10,48.31,0.0,483.1,51.68
ORD-000868,2025-04-29,2025-05-02,Standard Class,CUST-00469,Consumer,East,PROD-0268,Office Supplies,Labels,5,386.63,0.0,1933.15,-171.56
ORD-000869,2025-08-26,2025-08-29,First Class,CUST-00757,Corporate,East,PROD-0269,Technology,Machines,3,503.56,0.15,1284.08,219.15
ORD-000870,2024-03-06,2024-03-10,First Class,CUST-00709,Consumer,East,PROD-0270,Furniture,Furnishings,6,724.81,0.1,3913.97,387.59
ORD-000871,2024-07-03,2024-07-07,Same Day,CUST-00861,Consumer,South,PROD-0271,Technology,Machines,11,585.15,0.0,6436.65,661.75
ORD-000872,2025-09-30,2025-10-07,Second Class,CUST-00052,Consumer,Central,PROD-0272,Office Supplies,Art,9,592.25,0.2,4264.2,608.25
ORD-000873,2024-10-08,2024-10-13,Standard Class,CUST-00336,Consumer,East,PROD-0273,Technology,Phones,9,352.05,0.0,3168.45,108.65
ORD-000874,2023-08-30,2023-09-04,Standard Class,CUST-00668,Corporate,West,PROD-0274,Office Supplies,Labels,10,146.98,0.0,1469.8,-69.14
ORD-000875,2024-07-14,2024-07-15,Standard Class,CUST-00259,Corporate,East,PROD-0275,Office Supplies,Paper,3,134.8,0.1,363.96,73.04
ORD-000876,2025-12-04,2025-12-07,Standard Class,CUST-00065,Consumer,East,PROD-0276,Furniture,Bookcases,3,6.21,0.0,18.63,5.15
ORD-000877,2025-11-19,2025-11-21,Standard Class,CUST-00696,Corporate,South,PROD-0277,Technology,Phones,9,143.56,0.0,1292.04,83.53
ORD-000878,2024-10-02,2024-10-04,Same Day,CUST-00027,Home Office,West,PROD-0278,Furniture,Tables,5,96.49,0.15,410.08,78.4
ORD-000879,2025-02-09,2025-02-12,Standard Class,CUST-00231,Corporate,West,PROD-0279,Office Supplies,Art,8,619.65,0.1,4461.48,47.95
ORD-000880,2024-02-21,2024-02-27,First Class,CUST-00475,Corporate,Central,PROD-0280,Office Supplies,Storage,11,545.81,0.15,5103.32,574.13
ORD-000881,2026-01-29,2026-02-02,Standard Class,CUST-00711,Consumer,East,PROD-0281,Office Supplies,Binders,1,648.15,0.0,648.15,-0.99
ORD-000882,2025-12-03,2025-12-09,First Class,CUST-00474,Consumer,East,PROD-0282,Furniture,Chairs,10,792.98,0.0,7929.8,840.93
ORD-000883,2023-07-06,2023-07-11,Standard Class,CUST-00535,Corporate,Central,PROD-0283,Office Supplies,Paper,2,730.6,0.3,1022.84,-32.77
ORD-000884,2023-11-18,2023-11-21,Second Class,CUST-00668,Consumer,Central,PROD-0284,Furniture,Furnishings,3,133.73,0.0,401.19,121.99
ORD-000885,2025-06-25,2025-07-02,Second Class,CUST-00887,Consumer,South,PROD-0285,Office Supplies,Paper,5,547.55,0.0,2737.75,-240.26
ORD-000886,2023-12-19,2023-12-23,Standard Class,CUST-00455,Consumer,West,PROD-0286,Furniture,Furnishings,8,426.7,0.0,3413.6,1242.38
ORD-000887,2025-10-20,2025-10-26,Second Class,CUST-00335,Corporate,South,PROD-0287,Furniture,Tables,6,65.68,0.1,354.67,107.46
ORD-000888,2023-03-01,2023-03-03,First Class,CUST-00545,Home Office,Central,PROD-0288,Office Supplies,Labels,5,811.1,0.15,3447.17,832.02
ORD-000889,2025-06-16,2025-06-23,Second Class,CUST-00756,Home Office,South,PROD-0289,Technology,Accessories,8,323.59,0.0,2588.72,-30.95
ORD-000890,2023-07-19,2023-07-21,Standard Class,CUST-00130,Consumer,South,PROD-0290,Office Supplies,Art,9,113.1,0.0,1017.9,44.56
ORD-000891,2025-03-13,2025-03-20,Standard Class,CUST-00308,Corporate,East,PROD-0291,Office Supplies,Paper,4,97.94,0.0,391.76,-19.39
ORD-000892,2026-04-10,2026-04-15,Standard Class,CUST-00579,Home Office,West,PROD-0292,Furniture,Chairs,4,349.62,0.1,1258.63,136.96
ORD-000893,2024-07-12,2024-07-18,Standard Class,CUST-00662,Home Office,Central,PROD-0293,Office Supplies,Art,5,713.81,0.0,3569.05,354.33
ORD-000894,2025-12-06,2025-12-11,Standard Class,CUST-00006,Consumer,West,PROD-0294,Technology,Machines,5,308.55,0.0,1542.75,60.61
ORD-000895,2023-09-27,2023-10-01,Second Class,CUST-00019,Consumer,South,PROD-0295,Office Supplies,Art,8,19.42,0.0,155.36,-1.17
ORD-000896,2025-05-13,2025-05-15,Second Class,CUST-00180,Consumer,South,PROD-0296,Technology,Phones,4,366.18,0.0,1464.72,224.67
ORD-000897,2023-02-27,2023-03-04,Standard Class,CUST-00374,Consumer,South,PROD-0297,Technology,Copiers,8,758.01,0.0,6064.08,1721.78
ORD-000898,2025-11-23,2025-11-27,Second Class,CUST-00812,Consumer,West,PROD-0298,Office Supplies,Storage,4,529.63,0.0,2118.52,399.4
ORD-000899,2024-06-19,2024-06-25,Standard Class,CUST-00198,Corporate,South,PROD-0299,Office Supplies,Paper,8,239.59,0.0,1916.72,201.93
ORD-000900,2023-01-27,2023-02-02,Standard Class,CUST-00616,Consumer,Central,PROD-0300,Office Supplies,Labels,5,49.0,0.0,245.0,80.07
ORD-000901,2024-04-22,2024-04-27,First Class,CUST-00786,Corporate,South,PROD-0001,Technology,Copiers,9,589.09,0.0,5301.81,863.08
ORD-000902,2025-11-02,2025-11-09,Same Day,CUST-00531,Consumer,South,PROD-0002,Furniture,Furnishings,9,411.53,0.0,3703.77,1176.99
ORD-000903,2025-12-05,2025-12-11,Standard Class,CUST-00028,Home Office,West,PROD-0003,Technology,Machines,7,575.47,0.1,3625.46,43.97
ORD-000904,2026-02-11,2026-02-16,Second Class,CUST-00303,Consumer,Central,PROD-0004,Technology,Accessories,1,840.24,0.3,588.17,210.02
ORD-000905,2023-01-16,2023-01-20,Standard Class,CUST-00196,Consumer,East,PROD-0005,Office Supplies,Art,2,161.31,0.15,274.23,13.46
ORD-000906,2025-06-02,2025-06-03,Standard Class,CUST-00898,Corporate,Central,PROD-0006,Office Supplies,Binders,11,23.36,0.0,256.96,42.59
ORD-000907,2023-03-19,2023-03-25,Standard Class,CUST-00823,Consumer,East,PROD-0007,Office Supplies,Art,8,29.93,0.15,203.52,-18.37
ORD-000908,2025-02-04,2025-02-11,Second Class,CUST-00752,Corporate,South,PROD-0008,Furniture,Chairs,9,39.19,0.1,317.44,99.68
ORD-000909,2026-04-04,2026-04-07,Standard Class,CUST-00141,Consumer,Central,PROD-0009,Office Supplies,Binders,4,655.76,0.0,2623.04,7.93
ORD-000910,2026-04-18,2026-04-23,Same Day,CUST-00825,Corporate,West,PROD-0010,Office Supplies,Binders,3,286.37,0.15,730.24,24.16
ORD-000911,2026-04-17,2026-04-23,Standard Class,CUST-00830,Corporate,South,PROD-0011,Technology,Phones,7,9.77,0.0,68.39,4.76
ORD-000912,2026-06-03,2026-06-05,Standard Class,CUST-00735,Home Office,West,PROD-0012,Office Supplies,Paper,11,408.23,0.0,4490.53,801.14
ORD-000913,2023-05-05,2023-05-06,Standard Class,CUST-00321,Consumer,Central,PROD-0013,Office Supplies,Storage,6,76.28,0.0,457.68,81.08
ORD-000914,2024-09-03,2024-09-07,Second Class,CUST-00217,Consumer,South,PROD-0014,Technology,Machines,8,575.51,0.0,4604.08,-434.19
ORD-000915,2025-06-10,2025-06-17,Standard Class,CUST-00897,Home Office,South,PROD-0015,Office Supplies,Art,3,613.43,0.0,1840.29,391.01
ORD-000916,2023-11-15,2023-11-19,Standard Class,CUST-00480,Consumer,East,PROD-0016,Technology,Phones,5,41.9,0.0,209.5,51.3
ORD-000917,2024-12-19,2024-12-21,Standard Class,CUST-00727,Corporate,East,PROD-0017,Office Supplies,Binders,1,261.56,0.0,261.56,-15.18
ORD-000918,2025-09-19,2025-09-20,First Class,CUST-00110,Consumer,West,PROD-0018,Office Supplies,Storage,3,594.75,0.0,1784.25,599.1
ORD-000919,2026-01-15,2026-01-19,Standard Class,CUST-00678,Consumer,Central,PROD-0019,Office Supplies,Paper,7,116.95,0.0,818.65,33.36
ORD-000920,2024-02-14,2024-02-20,Standard Class,CUST-00246,Corporate,South,PROD-0020,Office Supplies,Labels,1,633.66,0.1,570.29,223.74
ORD-000921,2025-07-14,2025-07-19,Standard Class,CUST-00026,Consumer,South,PROD-0021,Technology,Accessories,5,516.33,0.3,1807.15,286.19
ORD-000922,2026-03-07,2026-03-14,Standard Class,CUST-00757,Home Office,West,PROD-0022,Furniture,Tables,2,847.76,0.1,1525.97,72.97
ORD-000923,2025-03-17,2025-03-24,Standard Class,CUST-00487,Consumer,Central,PROD-0023,Technology,Copiers,6,231.79,0.0,1390.74,-117.87
ORD-000924,2025-02-15,2025-02-22,Standard Class,CUST-00832,Consumer,East,PROD-0024,Technology,Machines,8,668.0,0.15,4542.4,1279.33
ORD-000925,2025-05-04,2025-05-10,Standard Class,CUST-00389,Corporate,Central,PROD-0025,Office Supplies,Paper,9,362.14,0.3,2281.48,29.52
ORD-000926,2024-10-01,2024-10-05,Standard Class,CUST-00628,Corporate,West,PROD-0026,Furniture,Tables,9,82.19,0.3,517.8,46.14
ORD-000927,2023-04-30,2023-05-06,Standard Class,CUST-00514,Corporate,Central,PROD-0027,Technology,Machines,8,134.52,0.15,914.74,10.36
ORD-000928,2024-09-12,2024-09-16,Standard Class,CUST-00321,Corporate,South,PROD-0028,Technology,Phones,11,430.71,0.1,4264.03,1675.75
ORD-000929,2023-09-10,2023-09-16,Same Day,CUST-00138,Consumer,South,PROD-0029,Office Supplies,Labels,11,621.89,0.3,4788.55,119.71
ORD-000930,2023-03-09,2023-03-14,Standard Class,CUST-00154,Corporate,West,PROD-0030,Office Supplies,Art,7,294.0,0.0,2058.0,429.46
ORD-000931,2025-12-19,2025-12-21,Second Class,CUST-00899,Corporate,West,PROD-0031,Furniture,Chairs,8,322.84,0.0,2582.72,270.15
ORD-000932,2025-04-13,2025-04-20,Standard Class,CUST-00173,Consumer,West,PROD-0032,Office Supplies,Art,11,592.22,0.0,6514.42,385.18
ORD-000933,2026-02-21,2026-02-26,Standard Class,CUST-00700,Corporate,West,PROD-0033,Office Supplies,Paper,3,739.31,0.2,1774.34,-24.67
ORD-000934,2023-03-06,2023-03-11,Standard Class,CUST-00229,Consumer,South,PROD-0034,Office Supplies,Labels,4,183.89,0.0,735.56,219.91
ORD-000935,2023-05-16,2023-05-21,Standard Class,CUST-00209,Consumer,East,PROD-0035,Furniture,Chairs,8,633.38,0.1,4560.34,1205.0
ORD-000936,2025-02-07,2025-02-08,First Class,CUST-00377,Corporate,South,PROD-0036,Technology,Copiers,6,88.49,0.1,477.85,181.56
ORD-000937,2024-11-16,2024-11-17,Standard Class,CUST-00369,Home Office,West,PROD-0037,Office Supplies,Art,5,149.96,0.1,674.82,245.23
ORD-000938,2025-01-08,2025-01-12,Standard Class,CUST-00288,Corporate,East,PROD-0038,Furniture,Tables,11,299.83,0.0,3298.13,1172.15
ORD-000939,2023-06-17,2023-06-23,Standard Class,CUST-00824,Corporate,West,PROD-0039,Furniture,Tables,4,810.01,0.2,2592.03,262.59
ORD-000940,2024-01-31,2024-02-03,First Class,CUST-00176,Consumer,Central,PROD-0040,Technology,Accessories,3,662.37,0.0,1987.11,-179.95
ORD-000941,2025-06-25,2025-06-29,First Class,CUST-00559,Consumer,South,PROD-0041,Furniture,Furnishings,6,129.55,0.0,777.3,96.38
ORD-000942,2026-02-07,2026-02-12,Second Class,CUST-00479,Consumer,Central,PROD-0042,Furniture,Chairs,3,682.87,0.0,2048.61,808.71
ORD-000943,2023-12-26,2024-01-01,Standard Class,CUST-00120,Consumer,Central,PROD-0043,Office Supplies,Labels,1,45.05,0.0,45.05,1.81
ORD-000944,2025-12-09,2025-12-11,Standard Class,CUST-00248,Consumer,South,PROD-0044,Office Supplies,Labels,1,26.23,0.0,26.23,2.86
ORD-000945,2024-07-03,2024-07-08,Second Class,CUST-00462,Home Office,South,PROD-0045,Technology,Phones,4,739.16,0.0,2956.64,31.79
ORD-000946,2024-02-01,2024-02-07,Second Class,CUST-00069,Consumer,East,PROD-0046,Office Supplies,Binders,6,722.27,0.3,3033.53,-153.96
ORD-000947,2026-03-28,2026-04-02,Standard Class,CUST-00282,Corporate,South,PROD-0047,Technology,Copiers,2,659.94,0.0,1319.88,99.89
ORD-000948,2023-10-21,2023-10-24,Standard Class,CUST-00831,Corporate,South,PROD-0048,Office Supplies,Paper,1,853.04,0.0,853.04,21.27
ORD-000949,2026-01-19,2026-01-25,Standard Class,CUST-00582,Consumer,West,PROD-0049,Office Supplies,Labels,3,191.18,0.0,573.54,174.84
ORD-000950,2023-10-30,2023-10-31,Standard Class,CUST-00864,Consumer,South,PROD-0050,Office Supplies,Labels,5,533.26,0.1,2399.67,172.6
ORD-000951,2024-07-21,2024-07-26,Standard Class,CUST-00475,Consumer,South,PROD-0051,Technology,Phones,4,792.47,0.0,3169.88,311.02
ORD-000952,2025-12-10,2025-12-13,Second Class,CUST-00699,Consumer,West,PROD-0052,Office Supplies,Binders,6,769.64,0.1,4156.06,665.14
ORD-000953,2023-01-25,2023-01-31,First Class,CUST-00066,Consumer,South,PROD-0053,Technology,Copiers,5,713.26,0.0,3566.3,1035.63
ORD-000954,2023-06-17,2023-06-19,Standard Class,CUST-00043,Consumer,South,PROD-0054,Furniture,Chairs,3,371.46,0.2,891.5,43.67
ORD-000955,2023-02-18,2023-02-21,First Class,CUST-00712,Corporate,Central,PROD-0055,Office Supplies,Binders,3,600.0,0.0,1800.0,-116.55
ORD-000956,2024-09-04,2024-09-11,Standard Class,CUST-00881,Consumer,South,PROD-0056,Furniture,Bookcases,4,442.06,0.0,1768.24,430.5
ORD-000957,2025-02-09,2025-02-13,Standard Class,CUST-00881,Consumer,West,PROD-0057,Furniture,Bookcases,5,53.57,0.0,267.85,-15.15
ORD-000958,2023-11-06,2023-11-07,First Class,CUST-00269,Consumer,West,PROD-0058,Furniture,Chairs,3,694.27,0.0,2082.81,660.38
ORD-000959,2026-03-02,2026-03-09,Second Class,CUST-00571,Home Office,East,PROD-0059,Office Supplies,Binders,5,760.57,0.0,3802.85,1195.36
ORD-000960,2024-12-22,2024-12-26,Standard Class,CUST-00342,Consumer,East,PROD-0060,Furniture,Chairs,5,628.31,0.0,3141.55,-80.62
ORD-000961,2023-04-22,2023-04-28,Same Day,CUST-00154,Consumer,East,PROD-0061,Office Supplies,Art,2,294.26,0.0,588.52,73.14
ORD-000962,2026-04-06,2026-04-12,Standard Class,CUST-00409,Home Office,South,PROD-0062,Furniture,Bookcases,5,277.87,0.5,694.67,-43.12
ORD-000963,2024-07-01,2024-07-02,Second Class,CUST-00301,Consumer,South,PROD-0063,Office Supplies,Paper,4,257.75,0.15,876.35,51.2
ORD-000964,2025-09-23,2025-09-29,Second Class,CUST-00263,Corporate,West,PROD-0064,Furniture,Furnishings,3,74.67,0.0,224.01,54.74
ORD-000965,2025-08-20,2025-08-24,Second Class,CUST-00465,Home Office,South,PROD-0065,Office Supplies,Labels,7,392.18,0.0,2745.26,600.75
ORD-000966,2025-09-10,2025-09-17,Standard Class,CUST-00870,Corporate,Central,PROD-0066,Office Supplies,Art,2,71.33,0.0,142.66,29.65
ORD-000967,2024-08-16,2024-08-22,Standard Class,CUST-00519,Consumer,East,PROD-0067,Office Supplies,Art,2,40.27,0.0,80.54,-5.57
ORD-000968,2026-01-05,2026-01-12,Standard Class,CUST-00029,Consumer,East,PROD-0068,Office Supplies,Binders,2,478.84,0.0,957.68,58.58
ORD-000969,2024-07-12,2024-07-19,Standard Class,CUST-00556,Consumer,East,PROD-0069,Technology,Accessories,2,890.04,0.3,1246.06,-75.84
ORD-000970,2026-04-18,2026-04-23,Second Class,CUST-00590,Consumer,South,PROD-0070,Furniture,Bookcases,9,35.24,0.0,317.16,-2.1
ORD-000971,2024-01-10,2024-01-14,Standard Class,CUST-00086,Consumer,South,PROD-0071,Office Supplies,Paper,10,425.87,0.3,2981.09,-125.69
ORD-000972,2025-08-20,2025-08-23,First Class,CUST-00426,Corporate,West,PROD-0072,Technology,Accessories,4,456.76,0.1,1644.34,318.03
ORD-000973,2024-08-13,2024-08-17,Standard Class,CUST-00748,Corporate,South,PROD-0073,Furniture,Bookcases,10,560.65,0.2,4485.2,664.2
ORD-000974,2023-04-24,2023-04-25,Standard Class,CUST-00662,Consumer,East,PROD-0074,Furniture,Tables,10,647.55,0.1,5827.95,-434.61
ORD-000975,2023-07-05,2023-07-11,Standard Class,CUST-00826,Consumer,East,PROD-0075,Office Supplies,Storage,6,66.31,0.0,397.86,50.73
ORD-000976,2024-02-12,2024-02-17,Standard Class,CUST-00286,Corporate,East,PROD-0076,Office Supplies,Paper,10,62.64,0.0,626.4,-3.96
ORD-000977,2026-01-04,2026-01-05,Second Class,CUST-00389,Consumer,West,PROD-0077,Office Supplies,Labels,2,25.23,0.0,50.46,-1.2
ORD-000978,2023-01-08,2023-01-09,Same Day,CUST-00849,Consumer,South,PROD-0078,Office Supplies,Labels,5,620.67,0.3,2172.34,567.32
ORD-000979,2024-07-04,2024-07-08,Standard Class,CUST-00416,Home Office,South,PROD-0079,Office Supplies,Storage,3,723.65,0.0,2170.95,36.41
ORD-000980,2023-06-22,2023-06-25,First Class,CUST-00458,Consumer,Central,PROD-0080,Technology,Accessories,3,721.72,0.2,1732.13,349.03
ORD-000981,2023-06-27,2023-06-30,Standard Class,CUST-00774,Consumer,South,PROD-0081,Office Supplies,Binders,2,606.68,0.15,1031.36,170.56
ORD-000982,2025-02-13,2025-02-18,Standard Class,CUST-00522,Consumer,East,PROD-0082,Furniture,Bookcases,5,830.0,0.0,4150.0,1456.9
ORD-000983,2023-10-22,2023-10-24,First Class,CUST-00899,Consumer,East,PROD-0083,Technology,Accessories,9,542.23,0.0,4880.07,-350.69
ORD-000984,2023-02-13,2023-02-16,Second Class,CUST-00333,Consumer,Central,PROD-0084,Office Supplies,Labels,11,148.12,0.0,1629.32,309.54
ORD-000985,2024-09-11,2024-09-17,Second Class,CUST-00644,Consumer,West,PROD-0085,Office Supplies,Art,9,823.42,0.0,7410.78,2824.8
ORD-000986,2025-09-04,2025-09-10,Standard Class,CUST-00195,Consumer,West,PROD-0086,Office Supplies,Binders,2,691.63,0.0,1383.26,484.3
ORD-000987,2025-01-16,2025-01-17,Second Class,CUST-00395,Consumer,Central,PROD-0087,Technology,Phones,11,314.77,0.0,3462.47,-341.69
ORD-000988,2025-10-05,2025-10-11,First Class,CUST-00742,Consumer,West,PROD-0088,Office Supplies,Labels,8,136.39,0.0,1091.12,-99.6
ORD-000989,2023-11-03,2023-11-07,Standard Class,CUST-00330,Corporate,Central,PROD-0089,Furniture,Chairs,2,702.27,0.0,1404.54,-26.04
ORD-000990,2025-09-26,2025-09-27,Second Class,CUST-00748,Consumer,South,PROD-0090,Office Supplies,Art,5,672.9,0.1,3028.05,736.37
ORD-000991,2023-11-25,2023-12-02,Second Class,CUST-00336,Home Office,South,PROD-0091,Office Supplies,Art,10,317.5,0.1,2857.5,632.12
ORD-000992,2026-05-07,2026-05-11,Second Class,CUST-00196,Consumer,West,PROD-0092,Office Supplies,Art,6,246.19,0.0,1477.14,584.71
ORD-000993,2023-01-09,2023-01-10,Second Class,CUST-00399,Corporate,Central,PROD-0093,Technology,Machines,2,323.09,0.15,549.25,-42.65
ORD-000994,2025-07-04,2025-07-11,Standard Class,CUST-00632,Consumer,East,PROD-0094,Furniture,Tables,3,482.39,0.0,1447.17,41.08
ORD-000995,2024-09-27,2024-10-02,Standard Class,CUST-00109,Home Office,East,PROD-0095,Office Supplies,Art,9,490.41,0.15,3751.64,-207.83
ORD-000996,2025-11-16,2025-11-17,Standard Class,CUST-00557,Corporate,South,PROD-0096,Furniture,Chairs,9,465.06,0.0,4185.54,1518.83
ORD-000997,2023-03-04,2023-03-07,Standard Class,CUST-00462,Consumer,East,PROD-0097,Technology,Accessories,9,506.1,0.15,3871.67,1043.04
ORD-000998,2026-06-11,2026-06-16,First Class,CUST-00584,Consumer,East,PROD-0098,Technology,Machines,11,267.59,0.2,2354.79,665.09
ORD-000999,2023-03-31,2023-04-04,Standard Class,CUST-00403,Home Office,West,PROD-0099,Office Supplies,Labels,4,794.54,0.0,3178.16,314.65
ORD-001000,2025-08-18,2025-08-20,First Class,CUST-00612,Corporate,East,PROD-0100,Office Supplies,Art,1,711.37,0.0,711.37,-29.04
ORD-001001,2023-12-02,2023-12-05,Second Class,CUST-00316,Home Office,South,PROD-0101,Technology,Accessories,1,734.61,0.0,734.61,155.36
ORD-001002,2024-11-27,2024-11-29,Second Class,CUST-00046,Corporate,West,PROD-0102,Furniture,Chairs,6,783.07,0.0,4698.42,319.42
ORD-001003,2025-08-23,2025-08-28,First Class,CUST-00382,Home Office,South,PROD-0103,Technology,Phones,7,9.5,0.0,66.5,-0.08
ORD-001004,2024-02-01,2024-02-04,Standard Class,CUST-00706,Consumer,East,PROD-0104,Office Supplies,Paper,7,57.06,0.0,399.42,103.98
ORD-001005,2023-07-13,2023-07-19,First Class,CUST-00808,Consumer,West,PROD-0105,Office Supplies,Paper,3,607.69,0.2,1458.46,440.37
ORD-001006,2023-03-04,2023-03-11,First Class,CUST-00466,Home Office,West,PROD-0106,Furniture,Furnishings,4,94.72,0.1,340.99,81.81
ORD-001007,2023-03-18,2023-03-23,Standard Class,CUST-00185,Consumer,West,PROD-0107,Furniture,Bookcases,6,867.32,0.2,4163.14,896.16
ORD-001008,2025-04-09,2025-04-13,Second Class,CUST-00249,Consumer,South,PROD-0108,Office Supplies,Binders,10,844.93,0.0,8449.3,50.81
ORD-001009,2023-01-15,2023-01-17,Standard Class,CUST-00441,Consumer,East,PROD-0109,Office Supplies,Labels,10,214.7,0.0,2147.0,480.03
ORD-001010,2025-10-21,2025-10-22,Same Day,CUST-00722,Corporate,South,PROD-0110,Technology,Copiers,7,857.64,0.0,6003.48,1761.81
ORD-001011,2024-04-17,2024-04-22,Standard Class,CUST-00800,Corporate,East,PROD-0111,Furniture,Furnishings,8,754.13,0.0,6033.04,-327.73
ORD-001012,2023-11-08,2023-11-13,Standard Class,CUST-00094,Consumer,South,PROD-0112,Furniture,Tables,10,479.59,0.0,4795.9,1431.95
ORD-001013,2024-01-11,2024-01-15,Second Class,CUST-00723,Home Office,East,PROD-0113,Office Supplies,Paper,2,515.77,0.0,1031.54,180.51
ORD-001014,2025-08-19,2025-08-24,First Class,CUST-00015,Corporate,Central,PROD-0114,Office Supplies,Paper,7,676.33,0.15,4024.16,543.45
ORD-001015,2023-06-11,2023-06-16,Second Class,CUST-00694,Corporate,South,PROD-0115,Office Supplies,Storage,7,858.08,0.1,5405.9,54.06
ORD-001016,2024-11-17,2024-11-23,Standard Class,CUST-00029,Consumer,Central,PROD-0116,Office Supplies,Binders,6,116.53,0.2,559.34,195.07
ORD-001017,2025-03-28,2025-03-29,Second Class,CUST-00635,Consumer,West,PROD-0117,Office Supplies,Art,3,779.8,0.0,2339.4,519.19
ORD-001018,2025-11-11,2025-11-15,Standard Class,CUST-00246,Corporate,West,PROD-0118,Office Supplies,Storage,8,219.91,0.0,1759.28,52.96
ORD-001019,2025-09-13,2025-09-20,Standard Class,CUST-00361,Corporate,Central,PROD-0119,Technology,Copiers,7,523.54,0.0,3664.78,128.72
ORD-001020,2025-01-22,2025-01-25,Standard Class,CUST-00107,Corporate,South,PROD-0120,Technology,Phones,5,265.91,0.0,1329.55,-66.66
ORD-001021,2023-07-08,2023-07-09,Second Class,CUST-00699,Corporate,West,PROD-0121,Furniture,Bookcases,8,334.17,0.0,2673.36,591.81
ORD-001022,2026-01-05,2026-01-09,Standard Class,CUST-00621,Corporate,South,PROD-0122,Office Supplies,Labels,6,476.46,0.0,2858.76,83.13
ORD-001023,2023-07-02,2023-07-07,Standard Class,CUST-00468,Consumer,Central,PROD-0123,Office Supplies,Storage,4,455.7,0.2,1458.24,536.88
ORD-001024,2026-04-03,2026-04-05,Standard Class,CUST-00674,Consumer,West,PROD-0124,Office Supplies,Art,11,522.57,0.0,5748.27,2037.26
ORD-001025,2024-02-13,2024-02-17,Standard Class,CUST-00208,Consumer,West,PROD-0125,Office Supplies,Binders,8,284.68,0.0,2277.44,326.59
ORD-001026,2025-05-27,2025-05-31,Standard Class,CUST-00849,Corporate,Central,PROD-0126,Office Supplies,Paper,2,875.03,0.1,1575.05,615.38
ORD-001027,2024-11-24,2024-11-28,Standard Class,CUST-00801,Corporate,Central,PROD-0127,Furniture,Furnishings,1,502.67,0.0,502.67,-44.17
ORD-001028,2023-03-19,2023-03-21,Standard Class,CUST-00424,Corporate,South,PROD-0128,Furniture,Tables,11,891.38,0.1,8824.66,1956.97
ORD-001029,2023-12-29,2024-01-05,Standard Class,CUST-00489,Home Office,South,PROD-0129,Technology,Accessories,7,184.69,0.0,1292.83,155.22
ORD-001030,2023-02-10,2023-02-14,Second Class,CUST-00671,Home Office,West,PROD-0130,Office Supplies,Binders,8,280.15,0.0,2241.2,801.27
ORD-001031,2026-04-10,2026-04-15,First Class,CUST-00708,Corporate,West,PROD-0131,Office Supplies,Art,5,800.38,0.0,4001.9,160.51
ORD-001032,2023-02-21,2023-02-25,First Class,CUST-00761,Consumer,West,PROD-0132,Office Supplies,Art,3,500.41,0.1,1351.11,185.32
ORD-001033,2024-07-13,2024-07-19,Standard Class,CUST-00576,Consumer,East,PROD-0133,Technology,Machines,8,414.58,0.0,3316.64,-99.63
ORD-001034,2023-07-17,2023-07-23,Standard Class,CUST-00104,Corporate,Central,PROD-0134,Furniture,Chairs,6,656.2,0.1,3543.48,479.26
ORD-001035,2023-12-30,2023-12-31,First Class,CUST-00095,Home Office,Central,PROD-0135,Office Supplies,Art,9,126.93,0.1,1028.13,52.04
ORD-001036,2026-06-05,2026-06-07,Second Class,CUST-00597,Home Office,East,PROD-0136,Technology,Copiers,11,185.31,0.0,2038.41,327.44
ORD-001037,2026-01-27,2026-01-31,Second Class,CUST-00848,Home Office,East,PROD-0137,Technology,Copiers,7,656.88,0.0,4598.16,701.74
ORD-001038,2024-07-14,2024-07-20,Second Class,CUST-00806,Home Office,West,PROD-0138,Office Supplies,Paper,5,153.85,0.1,692.33,31.7
ORD-001039,2023-04-16,2023-04-19,Second Class,CUST-00002,Home Office,East,PROD-0139,Furniture,Chairs,9,606.54,0.1,4912.97,529.95
ORD-001040,2023-06-29,2023-07-04,Second Class,CUST-00813,Consumer,Central,PROD-0140,Office Supplies,Storage,3,315.61,0.0,946.83,-86.67
ORD-001041,2024-03-03,2024-03-05,Standard Class,CUST-00159,Consumer,Central,PROD-0141,Furniture,Furnishings,9,148.27,0.15,1134.27,444.73
ORD-001042,2025-06-14,2025-06-16,Standard Class,CUST-00828,Consumer,South,PROD-0142,Office Supplies,Binders,9,15.53,0.0,139.77,21.06
ORD-001043,2024-12-15,2024-12-22,Second Class,CUST-00321,Corporate,East,PROD-0143,Furniture,Furnishings,11,741.66,0.0,8158.26,1105.78
ORD-001044,2023-04-15,2023-04-17,Same Day,CUST-00645,Consumer,Central,PROD-0144,Office Supplies,Art,9,830.4,0.0,7473.6,1583.44
ORD-001045,2024-05-16,2024-05-20,Second Class,CUST-00409,Consumer,Central,PROD-0145,Office Supplies,Paper,1,101.77,0.0,101.77,-5.16
ORD-001046,2024-10-31,2024-11-06,Standard Class,CUST-00780,Consumer,Central,PROD-0146,Furniture,Bookcases,6,438.21,0.3,1840.48,620.34
ORD-001047,2023-01-28,2023-02-01,First Class,CUST-00286,Home Office,Central,PROD-0147,Furniture,Bookcases,6,74.48,0.1,402.19,-39.5
ORD-001048,2023-12-17,2023-12-24,First Class,CUST-00560,Consumer,South,PROD-0148,Office Supplies,Art,1,353.48,0.3,247.44,28.1
ORD-001049,2026-02-05,2026-02-10,Standard Class,CUST-00590,Corporate,East,PROD-0149,Technology,Machines,1,708.96,0.3,496.27,-34.83
ORD-001050,2023-07-12,2023-07-13,Standard Class,CUST-00408,Corporate,West,PROD-0150,Office Supplies,Labels,2,38.95,0.0,77.9,27.93
ORD-001051,2025-11-03,2025-11-09,Second Class,CUST-00297,Consumer,West,PROD-0151,Technology,Machines,9,635.79,0.2,4577.69,536.98
ORD-001052,2026-01-06,2026-01-08,Standard Class,CUST-00379,Corporate,West,PROD-0152,Furniture,Bookcases,8,425.96,0.0,3407.68,720.09
ORD-001053,2025-06-04,2025-06-06,Standard Class,CUST-00743,Corporate,South,PROD-0153,Technology,Accessories,3,781.6,0.0,2344.8,211.31
ORD-001054,2024-03-16,2024-03-20,First Class,CUST-00681,Consumer,East,PROD-0154,Office Supplies,Art,3,534.4,0.1,1442.88,-106.03
ORD-001055,2026-02-12,2026-02-16,Standard Class,CUST-00683,Corporate,South,PROD-0155,Furniture,Bookcases,5,22.23,0.15,94.48,-2.71
ORD-001056,2026-05-21,2026-05-25,Second Class,CUST-00584,Corporate,Central,PROD-0156,Office Supplies,Labels,4,763.51,0.0,3054.04,305.35
ORD-001057,2025-09-26,2025-09-27,Second Class,CUST-00843,Consumer,South,PROD-0157,Technology,Phones,2,246.0,0.0,492.0,100.9
ORD-001058,2023-10-30,2023-10-31,Standard Class,CUST-00280,Consumer,East,PROD-0158,Technology,Copiers,4,743.98,0.1,2678.33,-157.71
ORD-001059,2024-12-19,2024-12-23,Second Class,CUST-00350,Consumer,Central,PROD-0159,Office Supplies,Storage,5,703.95,0.15,2991.79,184.91
ORD-001060,2025-12-02,2025-12-09,Standard Class,CUST-00153,Consumer,South,PROD-0160,Furniture,Chairs,11,891.03,0.1,8821.2,2352.88
ORD-001061,2024-02-27,2024-02-29,Second Class,CUST-00262,Home Office,South,PROD-0161,Office Supplies,Labels,2,142.84,0.0,285.68,7.91
ORD-001062,2024-04-17,2024-04-23,Same Day,CUST-00109,Corporate,West,PROD-0162,Office Supplies,Binders,7,813.1,0.15,4837.94,626.9
ORD-001063,2025-04-01,2025-04-06,Standard Class,CUST-00869,Consumer,East,PROD-0163,Office Supplies,Labels,9,20.04,0.0,180.36,44.73
ORD-001064,2026-02-08,2026-02-09,Second Class,CUST-00302,Consumer,West,PROD-0164,Furniture,Bookcases,8,615.97,0.0,4927.76,644.97
ORD-001065,2026-01-09,2026-01-15,Standard Class,CUST-00435,Consumer,South,PROD-0165,Furniture,Bookcases,7,693.69,0.0,4855.83,-365.53
ORD-001066,2025-05-24,2025-05-26,Standard Class,CUST-00051,Corporate,West,PROD-0166,Technology,Copiers,4,718.05,0.1,2584.98,660.37
ORD-001067,2025-04-26,2025-04-28,Standard Class,CUST-00113,Consumer,West,PROD-0167,Office Supplies,Labels,4,28.58,0.1,102.89,6.07
ORD-001068,2025-12-19,2025-12-20,Second Class,CUST-00184,Corporate,West,PROD-0168,Office Supplies,Binders,7,728.1,0.0,5096.7,1270.3
ORD-001069,2025-04-26,2025-05-03,First Class,CUST-00685,Corporate,South,PROD-0169,Office Supplies,Labels,10,847.43,0.0,8474.3,3356.36
ORD-001070,2026-05-04,2026-05-07,Standard Class,CUST-00603,Home Office,West,PROD-0170,Furniture,Tables,5,781.46,0.0,3907.3,730.57
ORD-001071,2025-07-02,2025-07-06,Standard Class,CUST-00441,Consumer,East,PROD-0171,Office Supplies,Art,7,433.74,0.0,3036.18,626.2
ORD-001072,2024-04-12,2024-04-13,First Class,CUST-00758,Home Office,Central,PROD-0172,Technology,Machines,3,147.56,0.0,442.68,44.69
ORD-001073,2026-05-27,2026-05-30,First Class,CUST-00860,Consumer,Central,PROD-0173,Technology,Copiers,2,110.48,0.3,154.67,-8.43
ORD-001074,2025-09-08,2025-09-13,Standard Class,CUST-00790,Corporate,East,PROD-0174,Technology,Copiers,2,312.36,0.0,624.72,-2.5
ORD-001075,2024-04-28,2024-05-03,First Class,CUST-00198,Corporate,South,PROD-0175,Office Supplies,Storage,4,169.44,0.0,677.76,235.31
ORD-001076,2025-06-16,2025-06-17,Standard Class,CUST-00867,Consumer,West,PROD-0176,Office Supplies,Labels,7,436.28,0.0,3053.96,601.15
ORD-001077,2024-11-28,2024-11-29,Standard Class,CUST-00868,Consumer,Central,PROD-0177,Office Supplies,Labels,2,55.75,0.0,111.5,0.59
ORD-001078,2024-12-05,2024-12-10,First Class,CUST-00559,Corporate,Central,PROD-0178,Office Supplies,Paper,7,485.22,0.15,2887.06,-86.52
ORD-001079,2023-02-06,2023-02-09,First Class,CUST-00530,Consumer,South,PROD-0179,Technology,Phones,9,450.33,0.0,4052.97,-182.82
ORD-001080,2026-05-16,2026-05-20,Standard Class,CUST-00576,Home Office,East,PROD-0180,Technology,Accessories,2,523.31,0.1,941.96,96.63
ORD-001081,2025-11-05,2025-11-10,First Class,CUST-00287,Corporate,South,PROD-0181,Office Supplies,Art,9,689.33,0.0,6203.97,681.01
ORD-001082,2023-05-24,2023-05-26,First Class,CUST-00690,Home Office,West,PROD-0182,Furniture,Tables,11,613.06,0.3,4720.56,1479.78
ORD-001083,2025-01-20,2025-01-21,Standard Class,CUST-00234,Home Office,Central,PROD-0183,Office Supplies,Labels,8,404.27,0.0,3234.16,437.43
ORD-001084,2024-06-05,2024-06-06,Standard Class,CUST-00688,Corporate,South,PROD-0184,Technology,Accessories,10,224.53,0.1,2020.77,-101.85
ORD-001085,2023-08-28,2023-08-29,Standard Class,CUST-00775,Consumer,East,PROD-0185,Furniture,Chairs,3,636.23,0.0,1908.69,716.44
ORD-001086,2025-09-27,2025-09-30,Standard Class,CUST-00776,Consumer,East,PROD-0186,Office Supplies,Binders,1,762.82,0.0,762.82,302.04
ORD-001087,2024-09-06,2024-09-11,Second Class,CUST-00217,Consumer,South,PROD-0187,Technology,Copiers,4,170.01,0.0,680.04,-11.65
ORD-001088,2025-04-09,2025-04-15,Standard Class,CUST-00431,Corporate,Central,PROD-0188,Office Supplies,Paper,7,262.06,0.3,1284.09,360.88
ORD-001089,2024-07-21,2024-07-27,Standard Class,CUST-00082,Corporate,South,PROD-0189,Office Supplies,Binders,10,211.82,0.0,2118.2,728.47
ORD-001090,2023-08-04,2023-08-06,Same Day,CUST-00583,Corporate,South,PROD-0190,Furniture,Bookcases,9,27.39,0.1,221.86,-6.07
ORD-001091,2025-05-06,2025-05-07,Standard Class,CUST-00677,Consumer,South,PROD-0191,Furniture,Furnishings,11,700.56,0.0,7706.16,1258.58
ORD-001092,2025-01-02,2025-01-05,Standard Class,CUST-00768,Consumer,Central,PROD-0192,Furniture,Furnishings,6,651.77,0.0,3910.62,1025.77
ORD-001093,2024-04-08,2024-04-09,Standard Class,CUST-00597,Consumer,East,PROD-0193,Technology,Accessories,1,171.5,0.3,120.05,46.63
ORD-001094,2023-07-11,2023-07-16,Standard Class,CUST-00838,Corporate,Central,PROD-0194,Office Supplies,Art,10,206.21,0.5,1031.05,152.46
ORD-001095,2025-03-15,2025-03-22,Standard Class,CUST-00272,Consumer,South,PROD-0195,Furniture,Tables,4,715.78,0.0,2863.12,1086.62
ORD-001096,2023-03-05,2023-03-10,Standard Class,CUST-00686,Corporate,Central,PROD-0196,Technology,Machines,9,12.89,0.1,104.41,7.54
ORD-001097,2024-07-29,2024-08-03,Second Class,CUST-00182,Consumer,East,PROD-0197,Technology,Phones,7,21.61,0.1,136.14,30.28
ORD-001098,2025-08-06,2025-08-12,Second Class,CUST-00543,Corporate,West,PROD-0198,Office Supplies,Storage,3,338.3,0.15,862.67,170.78
ORD-001099,2024-05-20,2024-05-21,Standard Class,CUST-00483,Corporate,East,PROD-0199,Furniture,Tables,5,185.52,0.0,927.6,136.38
ORD-001100,2023-11-03,2023-11-07,Standard Class,CUST-00169,Corporate,South,PROD-0200,Furniture,Chairs,11,169.9,0.0,1868.9,718.82
ORD-001101,2026-02-24,2026-03-01,Second Class,CUST-00265,Corporate,East,PROD-0201,Furniture,Chairs,7,801.49,0.1,5049.39,694.91
ORD-001102,2023-12-26,2023-12-27,Standard Class,CUST-00592,Corporate,Central,PROD-0202,Technology,Phones,7,610.91,0.1,3848.73,1499.28
ORD-001103,2026-04-27,2026-04-28,Standard Class,CUST-00773,Consumer,South,PROD-0203,Technology,Machines,1,688.33,0.0,688.33,122.79
ORD-001104,2024-11-04,2024-11-05,First Class,CUST-00210,Consumer,East,PROD-0204,Furniture,Furnishings,3,188.52,0.1,509.0,164.41
ORD-001105,2023-02-27,2023-03-01,First Class,CUST-00853,Consumer,Central,PROD-0205,Office Supplies,Binders,3,407.5,0.0,1222.5,-60.98
ORD-001106,2024-05-07,2024-05-10,Standard Class,CUST-00172,Consumer,South,PROD-0206,Office Supplies,Storage,3,54.66,0.0,163.98,50.77
ORD-001107,2024-03-21,2024-03-23,Standard Class,CUST-00748,Home Office,West,PROD-0207,Technology,Accessories,1,275.96,0.0,275.96,-9.38
ORD-001108,2025-12-30,2025-12-31,Second Class,CUST-00260,Corporate,East,PROD-0208,Technology,Machines,6,273.48,0.0,1640.88,367.22
ORD-001109,2023-04-27,2023-05-02,First Class,CUST-00281,Consumer,Central,PROD-0209,Furniture,Bookcases,2,559.87,0.0,1119.74,-78.26
ORD-001110,2025-12-09,2025-12-13,Standard Class,CUST-00333,Corporate,West,PROD-0210,Office Supplies,Paper,4,197.2,0.15,670.48,73.85
ORD-001111,2023-08-18,2023-08-21,Standard Class,CUST-00315,Consumer,South,PROD-0211,Technology,Phones,7,55.19,0.0,386.33,127.16
ORD-001112,2024-02-20,2024-02-25,First Class,CUST-00642,Home Office,Central,PROD-0212,Office Supplies,Binders,3,744.05,0.0,2232.15,787.81
ORD-001113,2026-06-12,2026-06-15,Standard Class,CUST-00331,Consumer,South,PROD-0213,Office Supplies,Art,3,773.58,0.0,2320.74,582.97
ORD-001114,2025-07-18,2025-07-22,First Class,CUST-00587,Corporate,Central,PROD-0214,Office Supplies,Labels,10,821.99,0.0,8219.9,2144.11
ORD-001115,2024-04-14,2024-04-21,First Class,CUST-00122,Consumer,Central,PROD-0215,Office Supplies,Storage,8,804.96,0.2,5151.74,301.28
ORD-001116,2023-11-30,2023-12-02,Standard Class,CUST-00095,Home Office,East,PROD-0216,Office Supplies,Binders,8,815.96,0.0,6527.68,1212.07
ORD-001117,2025-12-28,2026-01-03,Standard Class,CUST-00617,Home Office,South,PROD-0217,Office Supplies,Storage,7,326.7,0.2,1829.52,456.15
ORD-001118,2026-01-11,2026-01-18,Standard Class,CUST-00639,Consumer,East,PROD-0218,Office Supplies,Storage,11,854.05,0.1,8455.09,2861.71
ORD-001119,2024-01-22,2024-01-24,Same Day,CUST-00847,Corporate,West,PROD-0219,Office Supplies,Art,7,788.1,0.2,4413.36,1038.06
ORD-001120,2023-01-13,2023-01-20,Standard Class,CUST-00341,Corporate,Central,PROD-0220,Technology,Machines,5,511.99,0.0,2559.95,344.53
ORD-001121,2023-07-17,2023-07-24,Standard Class,CUST-00684,Consumer,East,PROD-0221,Furniture,Bookcases,6,89.28,0.0,535.68,115.29
ORD-001122,2023-06-21,2023-06-25,Standard Class,CUST-00189,Home Office,Central,PROD-0222,Furniture,Tables,8,848.45,0.0,6787.6,377.28
ORD-001123,2024-11-07,2024-11-08,Second Class,CUST-00352,Corporate,South,PROD-0223,Technology,Copiers,1,779.93,0.0,779.93,154.22
ORD-001124,2024-11-06,2024-11-07,Second Class,CUST-00465,Corporate,West,PROD-0224,Technology,Phones,6,650.0,0.0,3900.0,879.83
ORD-001125,2024-05-12,2024-05-13,Standard Class,CUST-00277,Consumer,West,PROD-0225,Furniture,Bookcases,4,869.56,0.3,2434.77,296.7
ORD-001126,2024-06-10,2024-06-14,Standard Class,CUST-00419,Corporate,East,PROD-0226,Furniture,Bookcases,8,558.14,0.1,4018.61,385.85
ORD-001127,2025-09-20,2025-09-23,Second Class,CUST-00142,Corporate,East,PROD-0227,Office Supplies,Binders,3,485.28,0.3,1019.09,197.97
ORD-001128,2025-12-28,2026-01-03,Standard Class,CUST-00119,Consumer,West,PROD-0228,Furniture,Furnishings,9,872.54,0.0,7852.86,824.1
ORD-001129,2024-01-22,2024-01-26,Standard Class,CUST-00140,Corporate,South,PROD-0229,Office Supplies,Binders,9,159.33,0.15,1218.87,123.87
ORD-001130,2024-02-04,2024-02-09,Standard Class,CUST-00060,Consumer,East,PROD-0230,Office Supplies,Art,3,21.25,0.1,57.38,18.23
ORD-001131,2026-01-04,2026-01-06,Second Class,CUST-00426,Home Office,West,PROD-0231,Office Supplies,Binders,6,509.06,0.0,3054.36,167.88
ORD-001132,2023-03-31,2023-04-02,Standard Class,CUST-00078,Consumer,Central,PROD-0232,Technology,Accessories,5,559.93,0.0,2799.65,-56.04
ORD-001133,2023-01-22,2023-01-29,Standard Class,CUST-00626,Corporate,South,PROD-0233,Technology,Phones,3,749.68,0.0,2249.04,835.57
ORD-001134,2025-07-13,2025-07-15,Standard Class,CUST-00684,Consumer,South,PROD-0234,Office Supplies,Binders,3,686.82,0.0,2060.46,344.05
ORD-001135,2025-04-28,2025-05-03,Second Class,CUST-00183,Consumer,South,PROD-0235,Furniture,Bookcases,7,308.17,0.0,2157.19,424.01
ORD-001136,2023-09-24,2023-09-30,Standard Class,CUST-00484,Consumer,Central,PROD-0236,Office Supplies,Binders,5,514.31,0.0,2571.55,161.79
ORD-001137,2023-07-30,2023-08-06,Second Class,CUST-00446,Corporate,West,PROD-0237,Office Supplies,Paper,4,561.36,0.0,2245.44,73.18
ORD-001138,2025-01-26,2025-01-29,Second Class,CUST-00261,Corporate,Central,PROD-0238,Technology,Copiers,1,681.03,0.2,544.82,194.9
ORD-001139,2024-08-25,2024-08-26,Standard Class,CUST-00338,Home Office,South,PROD-0239,Furniture,Furnishings,2,251.17,0.15,426.99,20.05
ORD-001140,2023-04-23,2023-04-24,Standard Class,CUST-00189,Home Office,South,PROD-0240,Furniture,Tables,2,96.23,0.0,192.46,47.78
ORD-001141,2025-12-14,2025-12-20,Standard Class,CUST-00778,Consumer,West,PROD-0241,Office Supplies,Storage,11,550.68,0.0,6057.48,1295.49
ORD-001142,2024-12-07,2024-12-10,Standard Class,CUST-00067,Consumer,West,PROD-0242,Office Supplies,Storage,5,531.54,0.0,2657.7,622.39
ORD-001143,2024-12-17,2024-12-22,Standard Class,CUST-00678,Consumer,East,PROD-0243,Office Supplies,Labels,1,874.02,0.5,437.01,82.96
ORD-001144,2025-04-18,2025-04-25,First Class,CUST-00581,Consumer,East,PROD-0244,Technology,Phones,3,739.86,0.0,2219.58,153.31
ORD-001145,2025-07-14,2025-07-21,Second Class,CUST-00432,Consumer,Central,PROD-0245,Office Supplies,Art,7,139.16,0.0,974.12,176.99
ORD-001146,2024-01-03,2024-01-10,Second Class,CUST-00519,Consumer,East,PROD-0246,Furniture,Chairs,2,239.92,0.0,479.84,183.73
ORD-001147,2024-12-01,2024-12-03,Second Class,CUST-00883,Consumer,West,PROD-0247,Furniture,Furnishings,6,814.67,0.0,4888.02,58.51
ORD-001148,2025-04-29,2025-05-06,Second Class,CUST-00065,Consumer,East,PROD-0248,Office Supplies,Binders,2,392.4,0.0,784.8,136.74
ORD-001149,2026-06-20,2026-06-26,Second Class,CUST-00149,Consumer,East,PROD-0249,Furniture,Tables,7,101.8,0.0,712.6,94.37
ORD-001150,2026-02-03,2026-02-06,Standard Class,CUST-00053,Corporate,Central,PROD-0250,Technology,Accessories,11,852.64,0.1,8441.14,1599.9
ORD-001151,2024-12-04,2024-12-09,Standard Class,CUST-00529,Corporate,West,PROD-0251,Furniture,Tables,6,751.42,0.0,4508.52,1547.69
ORD-001152,2023-11-13,2023-11-14,Standard Class,CUST-00351,Consumer,West,PROD-0252,Furniture,Tables,11,366.15,0.0,4027.65,-60.64
ORD-001153,2024-06-11,2024-06-15,Standard Class,CUST-00009,Consumer,East,PROD-0253,Technology,Machines,5,538.99,0.1,2425.45,-17.87
ORD-001154,2024-08-13,2024-08-16,Second Class,CUST-00103,Consumer,South,PROD-0254,Office Supplies,Art,8,532.85,0.15,3623.38,414.61
ORD-001155,2026-06-12,2026-06-18,Standard Class,CUST-00449,Consumer,Central,PROD-0255,Technology,Machines,5,129.46,0.0,647.3,122.26
ORD-001156,2023-10-25,2023-10-30,Second Class,CUST-00285,Consumer,South,PROD-0256,Office Supplies,Art,4,782.27,0.0,3129.08,177.44
ORD-001157,2024-01-29,2024-01-31,Standard Class,CUST-00473,Consumer,East,PROD-0257,Furniture,Tables,4,395.44,0.5,790.88,61.79
ORD-001158,2023-04-05,2023-04-10,Second Class,CUST-00148,Corporate,Central,PROD-0258,Office Supplies,Art,8,136.81,0.0,1094.48,372.78
ORD-001159,2024-12-10,2024-12-13,Standard Class,CUST-00297,Consumer,West,PROD-0259,Technology,Phones,4,270.77,0.15,920.62,-46.27
ORD-001160,2023-03-19,2023-03-20,Standard Class,CUST-00867,Corporate,South,PROD-0260,Office Supplies,Labels,10,265.32,0.0,2653.2,746.26
ORD-001161,2023-11-04,2023-11-10,Second Class,CUST-00324,Consumer,South,PROD-0261,Technology,Machines,5,406.84,0.0,2034.2,618.57
ORD-001162,2026-06-14,2026-06-16,Standard Class,CUST-00432,Home Office,West,PROD-0262,Technology,Phones,4,811.15,0.0,3244.6,-134.48
ORD-001163,2025-11-23,2025-11-30,Second Class,CUST-00079,Consumer,East,PROD-0263,Office Supplies,Storage,2,160.98,0.1,289.76,-25.36
ORD-001164,2026-06-21,2026-06-27,First Class,CUST-00735,Consumer,South,PROD-0264,Furniture,Furnishings,1,217.74,0.0,217.74,46.5
ORD-001165,2024-10-10,2024-10-14,Second Class,CUST-00080,Consumer,East,PROD-0265,Office Supplies,Binders,6,772.54,0.0,4635.24,35.88
ORD-001166,2026-04-07,2026-04-14,Same Day,CUST-00156,Consumer,South,PROD-0266,Office Supplies,Paper,6,519.7,0.0,3118.2,339.59
ORD-001167,2023-01-15,2023-01-21,Second Class,CUST-00475,Home Office,Central,PROD-0267,Furniture,Furnishings,10,518.36,0.3,3628.52,948.7
ORD-001168,2026-03-26,2026-04-02,Standard Class,CUST-00542,Consumer,South,PROD-0268,Technology,Phones,3,361.75,0.0,1085.25,433.74
ORD-001169,2025-06-15,2025-06-16,Standard Class,CUST-00032,Consumer,Central,PROD-0269,Technology,Copiers,10,795.61,0.0,7956.1,555.23
ORD-001170,2023-10-06,2023-10-09,Standard Class,CUST-00110,Consumer,West,PROD-0270,Furniture,Tables,3,341.21,0.0,1023.63,260.68
ORD-001171,2023-04-23,2023-04-25,Standard Class,CUST-00705,Consumer,South,PROD-0271,Office Supplies,Labels,2,682.05,0.0,1364.1,435.38
ORD-001172,2024-12-21,2024-12-25,Standard Class,CUST-00691,Corporate,South,PROD-0272,Furniture,Tables,6,320.8,0.1,1732.32,300.37
ORD-001173,2023-01-24,2023-01-31,Standard Class,CUST-00641,Home Office,Central,PROD-0273,Technology,Copiers,4,384.39,0.0,1537.56,572.78
ORD-001174,2024-01-04,2024-01-11,Second Class,CUST-00567,Home Office,East,PROD-0274,Furniture,Bookcases,9,510.51,0.2,3675.67,1142.48
ORD-001175,2023-03-13,2023-03-20,Standard Class,CUST-00518,Consumer,Central,PROD-0275,Office Supplies,Binders,4,104.31,0.0,417.24,82.17
ORD-001176,2025-12-06,2025-12-11,Standard Class,CUST-00252,Corporate,Central,PROD-0276,Technology,Machines,3,814.38,0.0,2443.14,913.66
ORD-001177,2023-02-21,2023-02-27,First Class,CUST-00351,Consumer,West,PROD-0277,Technology,Copiers,5,577.4,0.1,2598.3,278.28
ORD-001178,2023-03-04,2023-03-09,First Class,CUST-00840,Consumer,South,PROD-0278,Technology,Copiers,1,731.48,0.15,621.76,20.46
ORD-001179,2026-06-18,2026-06-24,First Class,CUST-00107,Consumer,East,PROD-0279,Furniture,Bookcases,11,726.05,0.0,7986.55,2350.79
ORD-001180,2026-05-05,2026-05-08,First Class,CUST-00416,Consumer,West,PROD-0280,Furniture,Bookcases,10,189.83,0.3,1328.81,-116.27
ORD-001181,2026-05-24,2026-05-31,Standard Class,CUST-00703,Consumer,South,PROD-0281,Office Supplies,Paper,9,63.35,0.0,570.15,-24.07
ORD-001182,2025-08-30,2025-09-01,Standard Class,CUST-00018,Consumer,East,PROD-0282,Technology,Copiers,8,820.12,0.1,5904.86,2021.48
ORD-001183,2025-10-21,2025-10-27,Standard Class,CUST-00849,Corporate,East,PROD-0283,Office Supplies,Art,1,887.63,0.15,754.49,88.65
ORD-001184,2023-03-15,2023-03-22,Standard Class,CUST-00313,Corporate,South,PROD-0284,Office Supplies,Paper,10,346.23,0.0,3462.3,1300.35
ORD-001185,2024-08-27,2024-08-31,Standard Class,CUST-00233,Consumer,Central,PROD-0285,Office Supplies,Labels,5,803.17,0.2,3212.68,25.34
ORD-001186,2024-01-15,2024-01-17,Standard Class,CUST-00782,Home Office,South,PROD-0286,Office Supplies,Art,1,796.31,0.1,716.68,283.89
ORD-001187,2025-11-03,2025-11-09,Standard Class,CUST-00418,Corporate,Central,PROD-0287,Office Supplies,Binders,10,182.53,0.1,1642.77,67.54
ORD-001188,2023-12-24,2023-12-26,Second Class,CUST-00549,Consumer,Central,PROD-0288,Technology,Phones,5,696.08,0.2,2784.32,85.1
ORD-001189,2025-11-18,2025-11-25,Standard Class,CUST-00675,Home Office,Central,PROD-0289,Furniture,Bookcases,1,886.1,0.0,886.1,204.3
ORD-001190,2025-05-11,2025-05-13,Standard Class,CUST-00290,Consumer,West,PROD-0290,Office Supplies,Art,4,19.22,0.0,76.88,13.88
ORD-001191,2024-12-17,2024-12-18,Second Class,CUST-00716,Corporate,West,PROD-0291,Office Supplies,Paper,10,679.17,0.15,5772.94,-404.32
ORD-001192,2026-04-18,2026-04-20,Standard Class,CUST-00641,Home Office,East,PROD-0292,Technology,Phones,6,121.32,0.0,727.92,75.47
ORD-001193,2024-12-25,2024-12-30,First Class,CUST-00537,Consumer,South,PROD-0293,Technology,Machines,8,836.58,0.0,6692.64,1902.63
ORD-001194,2025-07-22,2025-07-25,First Class,CUST-00304,Consumer,East,PROD-0294,Technology,Copiers,7,107.29,0.0,751.03,247.09
ORD-001195,2024-01-23,2024-01-28,First Class,CUST-00127,Corporate,East,PROD-0295,Furniture,Bookcases,6,850.11,0.0,5100.66,-320.33
ORD-001196,2023-12-29,2024-01-03,Second Class,CUST-00274,Consumer,Central,PROD-0296,Technology,Copiers,11,14.16,0.0,155.76,-14.93
ORD-001197,2024-10-16,2024-10-18,Standard Class,CUST-00517,Home Office,Central,PROD-0297,Furniture,Furnishings,4,493.28,0.2,1578.5,377.31
ORD-001198,2023-11-14,2023-11-19,Second Class,CUST-00664,Corporate,South,PROD-0298,Office Supplies,Art,1,666.71,0.1,600.04,8.53
ORD-001199,2023-11-25,2023-11-30,Standard Class,CUST-00865,Corporate,West,PROD-0299,Technology,Copiers,11,431.73,0.0,4749.03,463.21
ORD-001200,2024-04-15,2024-04-21,Second Class,CUST-00285,Consumer,West,PROD-0300,Technology,Copiers,8,32.02,0.0,256.16,98.04
ORD-001201,2023-10-29,2023-11-05,Standard Class,CUST-00761,Home Office,South,PROD-0001,Office Supplies,Art,5,697.11,0.0,3485.55,-187.48
ORD-001202,2023-11-04,2023-11-10,Standard Class,CUST-00455,Consumer,East,PROD-0002,Office Supplies,Labels,7,790.34,0.0,5532.38,1623.64
ORD-001203,2025-10-18,2025-10-20,First Class,CUST-00197,Corporate,Central,PROD-0003,Technology,Accessories,1,760.07,0.0,760.07,-38.88
ORD-001204,2023-03-15,2023-03-16,Standard Class,CUST-00084,Home Office,East,PROD-0004,Technology,Machines,3,873.05,0.2,2095.32,770.31
ORD-001205,2024-01-03,2024-01-10,Standard Class,CUST-00168,Corporate,South,PROD-0005,Technology,Accessories,11,714.03,0.15,6676.18,2372.09
ORD-001206,2023-08-05,2023-08-07,Standard Class,CUST-00260,Corporate,East,PROD-0006,Technology,Phones,8,23.66,0.1,170.35,36.6
ORD-001207,2023-05-28,2023-05-31,Standard Class,CUST-00443,Consumer,South,PROD-0007,Office Supplies,Paper,1,798.37,0.0,798.37,-24.57
ORD-001208,2025-08-05,2025-08-07,Standard Class,CUST-00521,Consumer,East,PROD-0008,Office Supplies,Art,7,862.81,0.3,4227.77,511.48
ORD-001209,2026-02-03,2026-02-05,Second Class,CUST-00149,Consumer,South,PROD-0009,Office Supplies,Storage,3,435.16,0.0,1305.48,403.31
ORD-001210,2024-06-19,2024-06-22,Second Class,CUST-00435,Consumer,East,PROD-0010,Technology,Phones,3,703.07,0.0,2109.21,242.44
ORD-001211,2026-03-27,2026-04-02,First Class,CUST-00570,Consumer,Central,PROD-0011,Technology,Phones,2,890.32,0.2,1424.51,568.23
ORD-001212,2023-09-25,2023-10-02,Standard Class,CUST-00388,Consumer,West,PROD-0012,Technology,Phones,10,408.14,0.0,4081.4,1340.03
ORD-001213,2023-11-07,2023-11-09,Standard Class,CUST-00638,Consumer,South,PROD-0013,Office Supplies,Binders,11,171.12,0.15,1599.97,172.85
ORD-001214,2026-05-10,2026-05-16,Standard Class,CUST-00638,Consumer,South,PROD-0014,Technology,Copiers,4,336.2,0.0,1344.8,-68.33
ORD-001215,2025-11-03,2025-11-07,Standard Class,CUST-00110,Corporate,West,PROD-0015,Furniture,Tables,3,760.71,0.15,1939.81,125.35
ORD-001216,2023-11-04,2023-11-09,First Class,CUST-00599,Home Office,South,PROD-0016,Office Supplies,Paper,1,180.61,0.0,180.61,22.85
ORD-001217,2026-02-05,2026-02-06,First Class,CUST-00537,Corporate,East,PROD-0017,Office Supplies,Binders,4,758.18,0.0,3032.72,305.3
ORD-001218,2025-08-26,2025-08-31,Standard Class,CUST-00223,Corporate,East,PROD-0018,Office Supplies,Labels,4,517.71,0.0,2070.84,237.21
ORD-001219,2024-04-15,2024-04-21,Standard Class,CUST-00125,Consumer,Central,PROD-0019,Technology,Phones,2,38.82,0.3,54.35,-5.31
ORD-001220,2026-06-08,2026-06-10,Standard Class,CUST-00705,Corporate,South,PROD-0020,Technology,Phones,10,478.17,0.2,3825.36,437.53
ORD-001221,2026-06-21,2026-06-26,First Class,CUST-00154,Home Office,Central,PROD-0021,Technology,Phones,2,787.39,0.0,1574.78,4.2
ORD-001222,2026-02-04,2026-02-09,Standard Class,CUST-00639,Consumer,West,PROD-0022,Furniture,Tables,5,876.95,0.0,4384.75,-305.95
ORD-001223,2024-05-22,2024-05-24,Standard Class,CUST-00254,Consumer,West,PROD-0023,Office Supplies,Storage,8,682.53,0.0,5460.24,1847.88
ORD-001224,2024-03-07,2024-03-10,Standard Class,CUST-00290,Corporate,West,PROD-0024,Furniture,Bookcases,5,414.98,0.15,1763.66,-155.08
ORD-001225,2025-07-30,2025-08-02,Standard Class,CUST-00808,Consumer,East,PROD-0025,Office Supplies,Storage,2,473.25,0.2,757.2,199.37
ORD-001226,2025-03-24,2025-03-31,Standard Class,CUST-00790,Consumer,East,PROD-0026,Office Supplies,Art,10,195.11,0.0,1951.1,-72.79
ORD-001227,2026-02-12,2026-02-15,Standard Class,CUST-00850,Consumer,South,PROD-0027,Furniture,Bookcases,6,138.44,0.3,581.45,59.4
ORD-001228,2023-09-25,2023-09-29,Second Class,CUST-00490,Consumer,South,PROD-0028,Furniture,Tables,1,564.9,0.0,564.9,3.12
ORD-001229,2023-09-15,2023-09-18,Second Class,CUST-00814,Corporate,East,PROD-0029,Office Supplies,Storage,9,572.6,0.15,4380.39,273.07
ORD-001230,2023-07-16,2023-07-17,Standard Class,CUST-00530,Consumer,South,PROD-0030,Office Supplies,Binders,2,881.61,0.15,1498.74,76.27
ORD-001231,2024-03-19,2024-03-21,Standard Class,CUST-00724,Consumer,Central,PROD-0031,Technology,Phones,6,651.87,0.0,3911.22,1212.59
ORD-001232,2024-11-20,2024-11-25,Second Class,CUST-00886,Corporate,West,PROD-0032,Office Supplies,Storage,11,411.2,0.0,4523.2,1750.34
ORD-001233,2025-05-05,2025-05-07,Second Class,CUST-00056,Home Office,Central,PROD-0033,Technology,Accessories,2,570.32,0.0,1140.64,18.36
ORD-001234,2026-06-02,2026-06-05,First Class,CUST-00067,Consumer,West,PROD-0034,Technology,Machines,9,543.22,0.3,3422.29,804.56
ORD-001235,2024-10-22,2024-10-27,Standard Class,CUST-00529,Consumer,East,PROD-0035,Office Supplies,Labels,9,230.24,0.0,2072.16,297.81
ORD-001236,2023-04-21,2023-04-28,Standard Class,CUST-00047,Consumer,East,PROD-0036,Technology,Copiers,2,755.49,0.0,1510.98,153.39
ORD-001237,2025-06-21,2025-06-24,Standard Class,CUST-00758,Corporate,East,PROD-0037,Furniture,Tables,5,404.71,0.0,2023.55,-96.78
ORD-001238,2024-09-08,2024-09-10,Standard Class,CUST-00129,Consumer,Central,PROD-0038,Furniture,Furnishings,8,500.51,0.15,3403.47,542.09
ORD-001239,2025-04-05,2025-04-10,Second Class,CUST-00692,Corporate,East,PROD-0039,Furniture,Bookcases,9,393.24,0.0,3539.16,59.1
ORD-001240,2024-11-19,2024-11-25,First Class,CUST-00640,Consumer,South,PROD-0040,Office Supplies,Art,10,872.68,0.0,8726.8,-106.36
ORD-001241,2025-10-25,2025-10-29,First Class,CUST-00575,Home Office,Central,PROD-0041,Technology,Phones,3,213.17,0.1,575.56,88.92
ORD-001242,2024-05-29,2024-06-01,Standard Class,CUST-00687,Consumer,West,PROD-0042,Technology,Phones,10,95.91,0.0,959.1,-59.81
ORD-001243,2026-04-22,2026-04-25,First Class,CUST-00553,Consumer,East,PROD-0043,Office Supplies,Art,9,162.35,0.0,1461.15,-96.76
ORD-001244,2023-05-19,2023-05-23,Standard Class,CUST-00775,Corporate,East,PROD-0044,Office Supplies,Labels,4,90.08,0.1,324.29,-10.8
ORD-001245,2025-07-13,2025-07-20,Standard Class,CUST-00825,Corporate,Central,PROD-0045,Office Supplies,Binders,3,701.8,0.15,1789.59,299.82
ORD-001246,2026-06-01,2026-06-02,Same Day,CUST-00209,Consumer,Central,PROD-0046,Office Supplies,Art,5,221.67,0.0,1108.35,299.51
ORD-001247,2023-04-03,2023-04-07,Second Class,CUST-00278,Corporate,West,PROD-0047,Furniture,Tables,6,155.02,0.15,790.6,300.72
ORD-001248,2025-08-16,2025-08-19,Second Class,CUST-00376,Home Office,East,PROD-0048,Furniture,Tables,7,583.56,0.0,4084.92,1079.73
ORD-001249,2025-09-14,2025-09-21,Standard Class,CUST-00622,Corporate,West,PROD-0049,Furniture,Furnishings,3,799.67,0.0,2399.01,509.47
ORD-001250,2026-01-24,2026-01-26,Standard Class,CUST-00883,Corporate,West,PROD-0050,Furniture,Furnishings,3,859.16,0.0,2577.48,143.93
ORD-001251,2024-02-18,2024-02-25,Standard Class,CUST-00864,Home Office,West,PROD-0051,Office Supplies,Art,4,604.19,0.0,2416.76,749.38
ORD-001252,2024-06-02,2024-06-08,Standard Class,CUST-00535,Consumer,East,PROD-0052,Technology,Accessories,10,12.43,0.3,87.01,10.08
ORD-001253,2025-09-17,2025-09-22,Second Class,CUST-00606,Consumer,Central,PROD-0053,Furniture,Furnishings,3,105.78,0.2,253.87,-0.68
ORD-001254,2023-04-07,2023-04-11,Second Class,CUST-00001,Consumer,South,PROD-0054,Furniture,Tables,8,452.94,0.15,3079.99,-76.76
ORD-001255,2024-09-24,2024-09-29,Standard Class,CUST-00672,Home Office,East,PROD-0055,Technology,Phones,11,712.0,0.0,7832.0,-23.29
ORD-001256,2023-05-19,2023-05-20,Standard Class,CUST-00002,Home Office,West,PROD-0056,Furniture,Chairs,3,437.51,0.15,1115.65,154.67
ORD-001257,2024-12-30,2025-01-05,Standard Class,CUST-00764,Consumer,South,PROD-0057,Office Supplies,Art,2,748.37,0.0,1496.74,61.03
ORD-001258,2026-05-27,2026-06-01,Standard Class,CUST-00474,Corporate,East,PROD-0058,Technology,Machines,4,644.65,0.0,2578.6,903.63
ORD-001259,2025-11-28,2025-11-30,Standard Class,CUST-00561,Consumer,Central,PROD-0059,Office Supplies,Art,1,742.47,0.2,593.98,143.11
ORD-001260,2025-12-24,2025-12-26,Standard Class,CUST-00192,Corporate,East,PROD-0060,Technology,Phones,8,144.85,0.0,1158.8,17.63
ORD-001261,2023-11-13,2023-11-14,Same Day,CUST-00764,Consumer,Central,PROD-0061,Office Supplies,Binders,3,43.99,0.0,131.97,50.88
ORD-001262,2024-08-03,2024-08-07,Standard Class,CUST-00819,Consumer,South,PROD-0062,Office Supplies,Art,11,768.57,0.1,7608.84,1866.21
ORD-001263,2024-12-01,2024-12-02,Standard Class,CUST-00294,Corporate,East,PROD-0063,Technology,Phones,1,400.88,0.0,400.88,63.66
ORD-001264,2024-09-29,2024-10-02,Standard Class,CUST-00431,Home Office,East,PROD-0064,Office Supplies,Paper,4,859.63,0.0,3438.52,226.41
ORD-001265,2023-08-30,2023-09-05,First Class,CUST-00209,Corporate,South,PROD-0065,Furniture,Tables,9,10.45,0.0,94.05,37.54
ORD-001266,2024-03-15,2024-03-17,Standard Class,CUST-00178,Consumer,Central,PROD-0066,Office Supplies,Art,11,138.96,0.0,1528.56,205.27
ORD-001267,2026-06-19,2026-06-25,Second Class,CUST-00419,Corporate,East,PROD-0067,Office Supplies,Storage,6,391.71,0.0,2350.26,174.74
ORD-001268,2026-05-20,2026-05-27,Standard Class,CUST-00147,Consumer,East,PROD-0068,Technology,Machines,6,317.76,0.0,1906.56,166.19
ORD-001269,2024-02-03,2024-02-10,Standard Class,CUST-00835,Consumer,West,PROD-0069,Technology,Accessories,8,515.46,0.0,4123.68,1319.6
ORD-001270,2025-02-03,2025-02-08,Standard Class,CUST-00567,Consumer,West,PROD-0070,Office Supplies,Art,4,892.99,0.1,3214.76,549.88
ORD-001271,2025-09-30,2025-10-03,Second Class,CUST-00528,Consumer,South,PROD-0071,Technology,Machines,7,206.23,0.0,1443.61,36.46
ORD-001272,2025-06-12,2025-06-15,Standard Class,CUST-00703,Consumer,West,PROD-0072,Office Supplies,Storage,7,890.01,0.15,5295.56,-340.5
ORD-001273,2023-03-26,2023-04-02,Standard Class,CUST-00763,Consumer,West,PROD-0073,Office Supplies,Binders,5,248.95,0.2,995.8,312.93
ORD-001274,2023-04-29,2023-05-05,Standard Class,CUST-00219,Home Office,South,PROD-0074,Office Supplies,Binders,4,524.26,0.1,1887.34,491.78
ORD-001275,2026-05-20,2026-05-24,Second Class,CUST-00774,Corporate,East,PROD-0075,Technology,Machines,10,95.3,0.1,857.7,205.79
ORD-001276,2025-09-10,2025-09-17,Standard Class,CUST-00701,Consumer,South,PROD-0076,Technology,Copiers,4,553.74,0.0,2214.96,534.87
ORD-001277,2025-09-27,2025-10-02,Standard Class,CUST-00833,Corporate,Central,PROD-0077,Technology,Accessories,3,706.94,0.1,1908.74,667.94
ORD-001278,2025-08-22,2025-08-23,Standard Class,CUST-00288,Home Office,Central,PROD-0078,Office Supplies,Binders,9,335.54,0.0,3019.86,561.46
ORD-001279,2023-06-28,2023-07-03,First Class,CUST-00243,Home Office,South,PROD-0079,Furniture,Bookcases,5,191.63,0.15,814.43,304.56
ORD-001280,2026-04-09,2026-04-14,Standard Class,CUST-00082,Consumer,Central,PROD-0080,Technology,Accessories,9,251.28,0.0,2261.52,650.52
ORD-001281,2024-01-11,2024-01-15,Standard Class,CUST-00772,Corporate,South,PROD-0081,Office Supplies,Storage,10,350.13,0.0,3501.3,698.22
ORD-001282,2026-03-11,2026-03-17,Standard Class,CUST-00345,Consumer,Central,PROD-0082,Technology,Machines,10,887.79,0.0,8877.9,2780.62
ORD-001283,2023-01-21,2023-01-28,Standard Class,CUST-00184,Corporate,South,PROD-0083,Technology,Copiers,3,380.59,0.0,1141.77,-91.35
ORD-001284,2026-03-19,2026-03-20,Standard Class,CUST-00608,Consumer,West,PROD-0084,Office Supplies,Labels,4,486.44,0.1,1751.18,13.42
ORD-001285,2023-08-11,2023-08-12,Standard Class,CUST-00770,Corporate,East,PROD-0085,Technology,Machines,4,688.78,0.5,1377.56,100.15
ORD-001286,2025-07-08,2025-07-10,Standard Class,CUST-00313,Home Office,South,PROD-0086,Furniture,Furnishings,7,260.16,0.0,1821.12,82.54
ORD-001287,2024-11-21,2024-11-22,Standard Class,CUST-00167,Corporate,Central,PROD-0087,Furniture,Tables,8,394.41,0.0,3155.28,1154.49
ORD-001288,2025-12-02,2025-12-03,Second Class,CUST-00767,Consumer,East,PROD-0088,Furniture,Furnishings,6,345.11,0.2,1656.53,380.85
ORD-001289,2025-01-29,2025-02-04,Standard Class,CUST-00399,Consumer,West,PROD-0089,Technology,Phones,7,799.5,0.0,5596.5,486.21
ORD-001290,2025-11-21,2025-11-24,Standard Class,CUST-00732,Consumer,Central,PROD-0090,Furniture,Tables,10,465.88,0.15,3959.98,1033.86
ORD-001291,2024-08-07,2024-08-14,Standard Class,CUST-00761,Home Office,South,PROD-0091,Furniture,Furnishings,11,678.09,0.0,7458.99,7.53
ORD-001292,2025-10-18,2025-10-21,Standard Class,CUST-00582,Consumer,Central,PROD-0092,Furniture,Furnishings,7,597.39,0.0,4181.73,-162.91
ORD-001293,2026-01-09,2026-01-12,Standard Class,CUST-00025,Corporate,South,PROD-0093,Furniture,Chairs,9,159.34,0.0,1434.06,-120.76
ORD-001294,2025-11-20,2025-11-23,Standard Class,CUST-00344,Consumer,West,PROD-0094,Technology,Accessories,11,355.25,0.0,3907.75,947.51
ORD-001295,2023-04-15,2023-04-18,Same Day,CUST-00709,Corporate,West,PROD-0095,Technology,Machines,11,10.04,0.0,110.44,20.06
ORD-001296,2025-05-27,2025-05-29,First Class,CUST-00353,Consumer,East,PROD-0096,Office Supplies,Art,4,722.74,0.1,2601.86,771.86
ORD-001297,2023-11-04,2023-11-10,Standard Class,CUST-00165,Consumer,West,PROD-0097,Technology,Copiers,5,553.89,0.15,2354.03,406.9
ORD-001298,2024-06-07,2024-06-11,Second Class,CUST-00187,Consumer,Central,PROD-0098,Technology,Phones,3,164.79,0.0,494.37,66.21
ORD-001299,2024-05-12,2024-05-14,Standard Class,CUST-00730,Corporate,West,PROD-0099,Furniture,Chairs,6,808.07,0.0,4848.42,122.11
ORD-001300,2023-01-21,2023-01-22,Standard Class,CUST-00636,Home Office,Central,PROD-0100,Technology,Machines,2,266.99,0.0,533.98,157.94
ORD-001301,2025-02-13,2025-02-14,Standard Class,CUST-00372,Consumer,East,PROD-0101,Furniture,Tables,3,223.56,0.0,670.68,91.66
ORD-001302,2024-09-04,2024-09-06,Standard Class,CUST-00054,Consumer,Central,PROD-0102,Technology,Machines,11,539.01,0.0,5929.11,1163.55
ORD-001303,2024-11-06,2024-11-07,Same Day,CUST-00564,Consumer,South,PROD-0103,Office Supplies,Storage,1,184.29,0.0,184.29,38.15
ORD-001304,2025-10-04,2025-10-05,Standard Class,CUST-00726,Home Office,East,PROD-0104,Office Supplies,Art,2,714.89,0.1,1286.8,-64.08
ORD-001305,2024-09-12,2024-09-15,First Class,CUST-00786,Corporate,South,PROD-0105,Office Supplies,Art,11,177.15,0.0,1948.65,637.21
ORD-001306,2025-02-21,2025-02-24,Same Day,CUST-00821,Corporate,South,PROD-0106,Office Supplies,Storage,2,486.16,0.0,972.32,292.87
ORD-001307,2026-01-20,2026-01-21,Standard Class,CUST-00573,Consumer,West,PROD-0107,Office Supplies,Storage,8,875.46,0.15,5953.13,-179.48
ORD-001308,2023-12-10,2023-12-14,First Class,CUST-00411,Corporate,Central,PROD-0108,Office Supplies,Labels,11,794.38,0.0,8738.18,-544.59
ORD-001309,2023-10-14,2023-10-19,Standard Class,CUST-00516,Corporate,East,PROD-0109,Office Supplies,Art,8,724.36,0.0,5794.88,836.09
ORD-001310,2023-09-30,2023-10-02,Standard Class,CUST-00593,Corporate,Central,PROD-0110,Office Supplies,Binders,11,507.7,0.0,5584.7,1438.34
ORD-001311,2024-09-15,2024-09-19,Standard Class,CUST-00394,Home Office,West,PROD-0111,Office Supplies,Art,5,798.23,0.0,3991.15,-321.34
ORD-001312,2023-04-30,2023-05-01,First Class,CUST-00320,Corporate,East,PROD-0112,Technology,Phones,8,801.64,0.0,6413.12,2461.51
ORD-001313,2024-10-11,2024-10-13,Standard Class,CUST-00619,Home Office,Central,PROD-0113,Technology,Accessories,6,848.05,0.1,4579.47,1020.32
ORD-001314,2026-03-02,2026-03-08,Standard Class,CUST-00728,Corporate,Central,PROD-0114,Technology,Accessories,4,117.14,0.0,468.56,85.51
ORD-001315,2026-04-12,2026-04-19,Second Class,CUST-00059,Corporate,Central,PROD-0115,Office Supplies,Paper,5,55.67,0.0,278.35,11.87
ORD-001316,2026-04-23,2026-04-30,Standard Class,CUST-00051,Consumer,West,PROD-0116,Technology,Phones,5,627.48,0.0,3137.4,-16.81
ORD-001317,2023-07-24,2023-07-28,Standard Class,CUST-00135,Consumer,East,PROD-0117,Furniture,Furnishings,10,112.35,0.1,1011.15,186.92
ORD-001318,2023-04-12,2023-04-13,Standard Class,CUST-00404,Consumer,South,PROD-0118,Office Supplies,Labels,2,217.25,0.0,434.5,115.27
ORD-001319,2025-10-17,2025-10-24,First Class,CUST-00220,Home Office,East,PROD-0119,Furniture,Chairs,5,884.13,0.1,3978.58,-273.63
ORD-001320,2025-01-30,2025-02-03,Standard Class,CUST-00310,Consumer,Central,PROD-0120,Furniture,Tables,11,829.19,0.0,9121.09,3229.47
ORD-001321,2026-05-02,2026-05-03,Standard Class,CUST-00246,Corporate,South,PROD-0121,Furniture,Furnishings,3,828.9,0.3,1740.69,-38.89
ORD-001322,2024-08-11,2024-08-13,First Class,CUST-00202,Consumer,South,PROD-0122,Furniture,Bookcases,8,14.03,0.1,101.02,39.43
ORD-001323,2025-01-15,2025-01-16,Standard Class,CUST-00277,Corporate,Central,PROD-0123,Office Supplies,Labels,9,576.67,0.15,4411.53,750.11
ORD-001324,2025-12-22,2025-12-26,Same Day,CUST-00622,Home Office,Central,PROD-0124,Technology,Accessories,4,496.3,0.0,1985.2,-158.8
ORD-001325,2025-12-23,2025-12-25,Standard Class,CUST-00231,Consumer,Central,PROD-0125,Furniture,Chairs,1,294.3,0.0,294.3,81.34
ORD-001326,2023-05-26,2023-06-02,Same Day,CUST-00392,Corporate,Central,PROD-0126,Technology,Machines,8,386.27,0.1,2781.14,-31.88
ORD-001327,2024-04-10,2024-04-16,Standard Class,CUST-00891,Home Office,East,PROD-0127,Technology,Accessories,3,523.4,0.0,1570.2,303.64
ORD-001328,2025-12-19,2025-12-26,Standard Class,CUST-00461,Consumer,East,PROD-0128,Furniture,Chairs,4,638.18,0.3,1786.9,29.57
ORD-001329,2023-09-28,2023-10-05,Standard Class,CUST-00888,Corporate,South,PROD-0129,Furniture,Bookcases,9,794.94,0.3,5008.12,-249.01
ORD-001330,2024-05-23,2024-05-30,Standard Class,CUST-00647,Corporate,West,PROD-0130,Technology,Accessories,10,156.85,0.0,1568.5,393.59
ORD-001331,2026-04-14,2026-04-19,Second Class,CUST-00407,Home Office,West,PROD-0131,Furniture,Bookcases,4,157.01,0.0,628.04,221.93
ORD-001332,2025-04-03,2025-04-05,Standard Class,CUST-00580,Consumer,South,PROD-0132,Furniture,Furnishings,2,274.78,0.0,549.56,157.8
ORD-001333,2024-06-27,2024-07-02,Standard Class,CUST-00833,Home Office,Central,PROD-0133,Office Supplies,Storage,10,86.67,0.0,866.7,165.45
ORD-001334,2026-05-09,2026-05-15,Standard Class,CUST-00578,Corporate,Central,PROD-0134,Office Supplies,Storage,9,453.9,0.0,4085.1,-59.75
ORD-001335,2026-03-15,2026-03-22,Standard Class,CUST-00162,Consumer,West,PROD-0135,Technology,Phones,2,240.58,0.1,433.04,103.48
ORD-001336,2025-09-09,2025-09-14,Standard Class,CUST-00134,Consumer,East,PROD-0136,Technology,Machines,7,859.43,0.1,5414.41,918.28
ORD-001337,2024-05-26,2024-05-28,Standard Class,CUST-00869,Consumer,South,PROD-0137,Office Supplies,Binders,1,318.83,0.0,318.83,-21.95
ORD-001338,2023-08-22,2023-08-28,Standard Class,CUST-00696,Consumer,Central,PROD-0138,Furniture,Furnishings,8,491.42,0.0,3931.36,233.52
ORD-001339,2026-02-03,2026-02-08,First Class,CUST-00382,Consumer,East,PROD-0139,Office Supplies,Storage,8,351.81,0.1,2533.03,447.66
ORD-001340,2023-02-13,2023-02-19,Standard Class,CUST-00893,Consumer,East,PROD-0140,Furniture,Tables,5,764.98,0.0,3824.9,1405.96
ORD-001341,2023-02-07,2023-02-13,Standard Class,CUST-00684,Consumer,Central,PROD-0141,Technology,Machines,6,77.51,0.0,465.06,178.19
ORD-001342,2024-04-09,2024-04-12,Standard Class,CUST-00703,Corporate,Central,PROD-0142,Technology,Phones,1,453.27,0.0,453.27,77.48
ORD-001343,2024-07-20,2024-07-26,Standard Class,CUST-00268,Consumer,Central,PROD-0143,Technology,Accessories,10,33.83,0.0,338.3,19.19
ORD-001344,2025-09-05,2025-09-11,Same Day,CUST-00138,Consumer,South,PROD-0144,Technology,Phones,2,808.0,0.0,1616.0,27.53
ORD-001345,2024-08-02,2024-08-05,Second Class,CUST-00810,Home Office,Central,PROD-0145,Office Supplies,Paper,2,655.19,0.0,1310.38,152.66
ORD-001346,2026-03-14,2026-03-19,Standard Class,CUST-00302,Home Office,Central,PROD-0146,Office Supplies,Art,1,361.78,0.0,361.78,42.74
ORD-001347,2024-09-28,2024-09-29,Standard Class,CUST-00367,Consumer,South,PROD-0147,Office Supplies,Art,2,194.27,0.0,388.54,-20.43
ORD-001348,2025-08-09,2025-08-16,Second Class,CUST-00185,Consumer,West,PROD-0148,Furniture,Furnishings,4,525.16,0.3,1470.45,-131.28
ORD-001349,2024-10-13,2024-10-19,Standard Class,CUST-00088,Consumer,West,PROD-0149,Technology,Copiers,10,765.92,0.3,5361.44,1075.6
ORD-001350,2025-03-07,2025-03-13,Standard Class,CUST-00078,Corporate,East,PROD-0150,Technology,Phones,8,791.76,0.0,6334.08,289.83
ORD-001351,2025-09-08,2025-09-10,Standard Class,CUST-00489,Corporate,South,PROD-0151,Office Supplies,Storage,8,874.24,0.1,6294.53,471.0
ORD-001352,2024-06-16,2024-06-18,Standard Class,CUST-00516,Consumer,East,PROD-0152,Office Supplies,Binders,2,420.52,0.0,841.04,-24.82
ORD-001353,2023-05-04,2023-05-09,Standard Class,CUST-00898,Corporate,East,PROD-0153,Furniture,Furnishings,9,434.27,0.2,3126.74,572.8
ORD-001354,2025-10-13,2025-10-15,Second Class,CUST-00291,Consumer,West,PROD-0154,Office Supplies,Binders,6,446.5,0.0,2679.0,169.02
ORD-001355,2023-10-28,2023-11-04,First Class,CUST-00077,Consumer,East,PROD-0155,Office Supplies,Paper,8,703.49,0.2,4502.34,238.96
ORD-001356,2026-01-26,2026-01-29,Standard Class,CUST-00195,Corporate,East,PROD-0156,Office Supplies,Binders,3,269.28,0.0,807.84,66.27
ORD-001357,2025-08-31,2025-09-06,Standard Class,CUST-00783,Home Office,Central,PROD-0157,Office Supplies,Storage,9,610.23,0.0,5492.07,1622.99
ORD-001358,2023-04-06,2023-04-08,Standard Class,CUST-00580,Consumer,East,PROD-0158,Office Supplies,Labels,8,152.02,0.15,1033.74,316.53
ORD-001359,2025-01-02,2025-01-04,Standard Class,CUST-00527,Corporate,East,PROD-0159,Furniture,Bookcases,9,809.91,0.3,5102.43,1108.38
ORD-001360,2023-03-05,2023-03-07,Standard Class,CUST-00443,Consumer,West,PROD-0160,Furniture,Tables,4,789.63,0.1,2842.67,647.74
ORD-001361,2024-03-25,2024-03-27,Standard Class,CUST-00842,Consumer,South,PROD-0161,Office Supplies,Binders,1,435.56,0.0,435.56,-41.98
ORD-001362,2025-09-17,2025-09-24,Standard Class,CUST-00098,Consumer,Central,PROD-0162,Office Supplies,Art,1,795.12,0.0,795.12,254.58
ORD-001363,2025-01-19,2025-01-23,Standard Class,CUST-00245,Home Office,East,PROD-0163,Furniture,Chairs,11,863.96,0.2,7602.85,2108.58
ORD-001364,2024-11-17,2024-11-22,First Class,CUST-00373,Corporate,Central,PROD-0164,Furniture,Tables,10,315.11,0.15,2678.44,83.64
ORD-001365,2025-09-01,2025-09-06,Standard Class,CUST-00882,Consumer,West,PROD-0165,Office Supplies,Labels,6,770.6,0.0,4623.6,411.9
ORD-001366,2026-05-06,2026-05-12,Standard Class,CUST-00746,Consumer,Central,PROD-0166,Furniture,Furnishings,10,173.61,0.15,1475.69,292.31
ORD-001367,2024-02-27,2024-03-01,Standard Class,CUST-00672,Home Office,West,PROD-0167,Furniture,Bookcases,8,891.56,0.0,7132.48,2765.77
ORD-001368,2025-04-16,2025-04-22,Standard Class,CUST-00652,Consumer,Central,PROD-0168,Office Supplies,Labels,4,215.28,0.0,861.12,-19.18
ORD-001369,2023-07-24,2023-07-31,Standard Class,CUST-00156,Corporate,South,PROD-0169,Office Supplies,Paper,4,517.18,0.0,2068.72,613.83
ORD-001370,2025-09-05,2025-09-07,Standard Class,CUST-00063,Consumer,South,PROD-0170,Technology,Machines,3,217.4,0.0,652.2,213.95
ORD-001371,2025-01-10,2025-01-12,Standard Class,CUST-00204,Corporate,Central,PROD-0171,Office Supplies,Labels,6,89.54,0.0,537.24,136.72
ORD-001372,2026-05-02,2026-05-09,Standard Class,CUST-00066,Corporate,South,PROD-0172,Office Supplies,Storage,2,837.48,0.1,1507.46,90.79
ORD-001373,2023-02-05,2023-02-08,Standard Class,CUST-00098,Consumer,East,PROD-0173,Furniture,Furnishings,8,835.42,0.0,6683.36,233.36
ORD-001374,2026-05-31,2026-06-03,Second Class,CUST-00890,Corporate,West,PROD-0174,Technology,Copiers,4,257.43,0.0,1029.72,-60.13
ORD-001375,2024-10-14,2024-10-15,Standard Class,CUST-00389,Consumer,Central,PROD-0175,Office Supplies,Art,1,340.49,0.15,289.42,91.78
ORD-001376,2024-05-20,2024-05-21,Standard Class,CUST-00875,Home Office,Central,PROD-0176,Office Supplies,Paper,4,526.38,0.0,2105.52,694.15
ORD-001377,2024-03-26,2024-03-28,Standard Class,CUST-00873,Home Office,South,PROD-0177,Office Supplies,Binders,11,362.68,0.0,3989.48,1115.03
ORD-001378,2026-03-25,2026-03-27,Standard Class,CUST-00843,Corporate,West,PROD-0178,Furniture,Chairs,7,389.0,0.0,2723.0,348.38
ORD-001379,2024-10-21,2024-10-27,First Class,CUST-00587,Consumer,South,PROD-0179,Technology,Accessories,7,591.73,0.0,4142.11,-207.81
ORD-001380,2026-02-27,2026-03-03,Standard Class,CUST-00850,Home Office,South,PROD-0180,Office Supplies,Art,2,326.25,0.0,652.5,230.19
ORD-001381,2025-01-21,2025-01-24,Same Day,CUST-00855,Home Office,South,PROD-0181,Furniture,Tables,1,413.92,0.0,413.92,73.47
ORD-001382,2023-05-12,2023-05-17,Standard Class,CUST-00249,Consumer,East,PROD-0182,Furniture,Bookcases,6,444.99,0.0,2669.94,-69.48
ORD-001383,2023-10-14,2023-10-19,Standard Class,CUST-00045,Consumer,Central,PROD-0183,Office Supplies,Paper,3,296.83,0.0,890.49,128.8
ORD-001384,2023-10-16,2023-10-20,Standard Class,CUST-00123,Consumer,South,PROD-0184,Technology,Phones,10,761.37,0.1,6852.33,870.02
ORD-001385,2025-08-25,2025-08-31,Standard Class,CUST-00694,Consumer,Central,PROD-0185,Office Supplies,Art,5,842.79,0.2,3371.16,578.62
ORD-001386,2024-05-23,2024-05-30,Second Class,CUST-00493,Consumer,West,PROD-0186,Technology,Machines,6,582.36,0.0,3494.16,775.6
ORD-001387,2026-06-29,2026-07-05,Second Class,CUST-00028,Corporate,Central,PROD-0187,Technology,Copiers,5,6.27,0.0,31.35,6.12
ORD-001388,2025-05-17,2025-05-22,First Class,CUST-00519,Consumer,South,PROD-0188,Technology,Accessories,1,166.32,0.0,166.32,0.88
ORD-001389,2024-04-02,2024-04-05,Second Class,CUST-00053,Consumer,Central,PROD-0189,Office Supplies,Paper,7,28.24,0.0,197.68,8.55
ORD-001390,2026-04-10,2026-04-16,Standard Class,CUST-00666,Home Office,South,PROD-0190,Office Supplies,Paper,2,847.39,0.15,1440.56,463.62
ORD-001391,2023-09-26,2023-10-01,Standard Class,CUST-00584,Consumer,South,PROD-0191,Office Supplies,Paper,10,777.5,0.0,7775.0,635.83
ORD-001392,2023-08-26,2023-09-01,Standard Class,CUST-00799,Home Office,Central,PROD-0192,Office Supplies,Storage,5,120.58,0.3,422.03,108.02
ORD-001393,2026-06-02,2026-06-05,Same Day,CUST-00616,Home Office,Central,PROD-0193,Office Supplies,Paper,11,140.45,0.15,1313.21,-51.18
ORD-001394,2023-02-28,2023-03-06,First Class,CUST-00352,Home Office,Central,PROD-0194,Office Supplies,Storage,10,132.86,0.2,1062.88,105.72
ORD-001395,2025-05-17,2025-05-21,Second Class,CUST-00121,Corporate,South,PROD-0195,Office Supplies,Labels,8,833.22,0.0,6665.76,167.33
ORD-001396,2024-08-15,2024-08-21,Standard Class,CUST-00408,Consumer,South,PROD-0196,Furniture,Tables,2,592.84,0.15,1007.83,176.13
ORD-001397,2023-09-20,2023-09-22,Standard Class,CUST-00107,Home Office,South,PROD-0197,Office Supplies,Art,2,521.67,0.1,939.01,264.57
ORD-001398,2023-02-12,2023-02-14,Standard Class,CUST-00506,Consumer,West,PROD-0198,Furniture,Tables,7,738.25,0.15,4392.59,1620.21
ORD-001399,2023-08-14,2023-08-15,Standard Class,CUST-00414,Home Office,West,PROD-0199,Office Supplies,Paper,5,638.63,0.0,3193.15,528.7
ORD-001400,2023-06-27,2023-06-29,Standard Class,CUST-00200,Consumer,Central,PROD-0200,Office Supplies,Binders,4,712.64,0.1,2565.5,1020.45
ORD-001401,2023-08-22,2023-08-28,Standard Class,CUST-00897,Corporate,East,PROD-0201,Office Supplies,Binders,5,625.62,0.0,3128.1,82.63
ORD-001402,2024-04-12,2024-04-13,Same Day,CUST-00374,Home Office,Central,PROD-0202,Technology,Copiers,2,728.62,0.2,1165.79,-109.8
ORD-001403,2025-04-01,2025-04-08,Standard Class,CUST-00368,Home Office,West,PROD-0203,Office Supplies,Binders,11,477.48,0.0,5252.28,1860.61
ORD-001404,2025-12-25,2025-12-28,Standard Class,CUST-00650,Consumer,Central,PROD-0204,Furniture,Furnishings,3,589.16,0.0,1767.48,-21.64
ORD-001405,2023-01-09,2023-01-13,Standard Class,CUST-00380,Corporate,East,PROD-0205,Technology,Copiers,11,71.34,0.0,784.74,105.44
ORD-001406,2023-09-11,2023-09-18,Standard Class,CUST-00810,Home Office,East,PROD-0206,Furniture,Furnishings,7,866.86,0.15,5157.82,679.68
ORD-001407,2026-02-18,2026-02-21,Standard Class,CUST-00723,Consumer,Central,PROD-0207,Furniture,Bookcases,7,122.26,0.1,770.24,98.68
ORD-001408,2023-02-17,2023-02-20,Same Day,CUST-00213,Corporate,East,PROD-0208,Furniture,Bookcases,7,260.73,0.2,1460.09,-93.25
ORD-001409,2025-09-21,2025-09-23,Standard Class,CUST-00010,Consumer,Central,PROD-0209,Office Supplies,Storage,8,232.22,0.0,1857.76,279.06
ORD-001410,2025-12-17,2025-12-20,Standard Class,CUST-00641,Corporate,East,PROD-0210,Office Supplies,Storage,6,794.58,0.0,4767.48,-317.94
ORD-001411,2023-01-01,2023-01-04,Standard Class,CUST-00415,Consumer,South,PROD-0211,Office Supplies,Storage,7,708.47,0.1,4463.36,-116.86
ORD-001412,2023-09-30,2023-10-06,Standard Class,CUST-00347,Consumer,West,PROD-0212,Furniture,Furnishings,9,838.27,0.0,7544.43,1873.05
ORD-001413,2023-08-03,2023-08-06,Standard Class,CUST-00699,Consumer,West,PROD-0213,Furniture,Furnishings,2,558.64,0.15,949.69,149.93
ORD-001414,2023-08-20,2023-08-23,Standard Class,CUST-00190,Home Office,Central,PROD-0214,Technology,Copiers,11,129.58,0.0,1425.38,490.41
ORD-001415,2026-06-04,2026-06-05,First Class,CUST-00624,Corporate,East,PROD-0215,Technology,Copiers,6,47.79,0.0,286.74,-8.14
ORD-001416,2024-10-11,2024-10-17,First Class,CUST-00838,Consumer,Central,PROD-0216,Furniture,Furnishings,10,587.04,0.0,5870.4,1457.16
ORD-001417,2026-01-31,2026-02-02,Standard Class,CUST-00082,Corporate,South,PROD-0217,Furniture,Bookcases,11,222.76,0.3,1715.25,134.78
ORD-001418,2026-05-05,2026-05-07,Standard Class,CUST-00881,Consumer,Central,PROD-0218,Technology,Copiers,11,634.09,0.0,6974.99,-289.31
ORD-001419,2023-05-07,2023-05-12,Standard Class,CUST-00601,Corporate,East,PROD-0219,Furniture,Tables,10,458.31,0.0,4583.1,1337.05
ORD-001420,2026-01-18,2026-01-22,First Class,CUST-00091,Home Office,West,PROD-0220,Technology,Phones,5,470.77,0.0,2353.85,406.32
ORD-001421,2025-07-18,2025-07-25,Standard Class,CUST-00481,Consumer,Central,PROD-0221,Technology,Phones,11,686.9,0.0,7555.9,743.32
ORD-001422,2024-12-25,2025-01-01,Standard Class,CUST-00718,Consumer,Central,PROD-0222,Technology,Phones,1,97.01,0.0,97.01,19.08
ORD-001423,2024-02-03,2024-02-07,Standard Class,CUST-00345,Consumer,South,PROD-0223,Furniture,Bookcases,10,261.87,0.2,2094.96,317.19
ORD-001424,2023-07-14,2023-07-17,Standard Class,CUST-00077,Home Office,East,PROD-0224,Office Supplies,Paper,9,720.95,0.5,3244.28,1186.8
ORD-001425,2025-02-03,2025-02-09,Standard Class,CUST-00728,Home Office,Central,PROD-0225,Office Supplies,Binders,10,138.59,0.15,1178.02,44.72
ORD-001426,2023-07-08,2023-07-11,Second Class,CUST-00625,Consumer,West,PROD-0226,Furniture,Furnishings,3,547.06,0.0,1641.18,236.89
ORD-001427,2025-04-30,2025-05-02,Standard Class,CUST-00837,Consumer,South,PROD-0227,Furniture,Chairs,11,147.45,0.0,1621.95,202.13
ORD-001428,2025-07-26,2025-07-31,Standard Class,CUST-00749,Consumer,East,PROD-0228,Office Supplies,Storage,6,176.57,0.2,847.54,-76.58
ORD-001429,2023-05-16,2023-05-17,Standard Class,CUST-00133,Corporate,East,PROD-0229,Office Supplies,Labels,5,741.17,0.0,3705.85,1453.96
ORD-001430,2024-09-21,2024-09-23,Second Class,CUST-00187,Consumer,Central,PROD-0230,Technology,Phones,2,867.91,0.0,1735.82,519.62
ORD-001431,2024-11-10,2024-11-15,Standard Class,CUST-00623,Home Office,Central,PROD-0231,Furniture,Tables,4,535.69,0.0,2142.76,134.97
ORD-001432,2025-11-19,2025-11-20,Standard Class,CUST-00742,Consumer,Central,PROD-0232,Technology,Machines,4,102.72,0.0,410.88,-32.6
ORD-001433,2024-05-26,2024-05-27,Standard Class,CUST-00320,Corporate,West,PROD-0233,Office Supplies,Art,8,621.54,0.2,3977.86,993.23
ORD-001434,2026-06-17,2026-06-19,Standard Class,CUST-00754,Corporate,Central,PROD-0234,Office Supplies,Paper,3,579.1,0.0,1737.3,89.22
ORD-001435,2025-03-21,2025-03-25,Standard Class,CUST-00189,Consumer,West,PROD-0235,Office Supplies,Binders,11,887.44,0.0,9761.84,2257.41
ORD-001436,2025-03-13,2025-03-18,Standard Class,CUST-00089,Home Office,Central,PROD-0236,Office Supplies,Art,1,198.56,0.0,198.56,55.2
ORD-001437,2023-10-05,2023-10-06,Standard Class,CUST-00336,Corporate,South,PROD-0237,Office Supplies,Binders,6,619.7,0.0,3718.2,277.8
ORD-001438,2025-09-04,2025-09-10,Second Class,CUST-00595,Corporate,East,PROD-0238,Office Supplies,Storage,11,263.62,0.0,2899.82,-62.88
ORD-001439,2023-07-30,2023-07-31,Standard Class,CUST-00073,Corporate,East,PROD-0239,Furniture,Tables,3,749.98,0.1,2024.95,471.59
ORD-001440,2024-09-16,2024-09-23,First Class,CUST-00322,Corporate,West,PROD-0240,Office Supplies,Labels,3,850.68,0.0,2552.04,190.23
ORD-001441,2025-06-06,2025-06-11,Second Class,CUST-00201,Home Office,South,PROD-0241,Furniture,Furnishings,10,789.29,0.0,7892.9,1524.77
ORD-001442,2024-03-15,2024-03-22,First Class,CUST-00286,Consumer,South,PROD-0242,Office Supplies,Art,10,507.9,0.0,5079.0,657.52
ORD-001443,2024-02-24,2024-02-29,Standard Class,CUST-00548,Consumer,Central,PROD-0243,Technology,Copiers,11,639.01,0.0,7029.11,1563.47
ORD-001444,2025-05-17,2025-05-23,Standard Class,CUST-00140,Consumer,East,PROD-0244,Furniture,Chairs,6,731.69,0.15,3731.62,826.03
ORD-001445,2024-08-02,2024-08-05,Standard Class,CUST-00875,Consumer,East,PROD-0245,Technology,Phones,6,793.72,0.2,3809.86,618.13
ORD-001446,2023-12-24,2023-12-30,Standard Class,CUST-00061,Home Office,East,PROD-0246,Office Supplies,Art,11,400.15,0.0,4401.65,708.26
ORD-001447,2026-01-11,2026-01-14,Standard Class,CUST-00287,Corporate,East,PROD-0247,Office Supplies,Binders,11,286.99,0.0,3156.89,887.48
ORD-001448,2025-07-26,2025-07-30,First Class,CUST-00176,Home Office,Central,PROD-0248,Office Supplies,Labels,6,392.86,0.15,2003.59,-102.6
ORD-001449,2025-04-05,2025-04-10,Standard Class,CUST-00639,Home Office,West,PROD-0249,Technology,Machines,10,434.58,0.15,3693.93,1139.81
ORD-001450,2025-07-24,2025-07-28,Standard Class,CUST-00711,Consumer,West,PROD-0250,Office Supplies,Art,8,746.35,0.0,5970.8,1878.67
ORD-001451,2023-10-31,2023-11-03,First Class,CUST-00416,Consumer,Central,PROD-0251,Furniture,Bookcases,10,452.63,0.0,4526.3,-63.74
ORD-001452,2025-04-18,2025-04-19,Standard Class,CUST-00760,Consumer,West,PROD-0252,Furniture,Bookcases,10,514.23,0.2,4113.84,897.94
ORD-001453,2023-01-01,2023-01-02,Standard Class,CUST-00465,Corporate,West,PROD-0253,Office Supplies,Paper,7,634.95,0.15,3777.95,-301.77
ORD-001454,2024-11-17,2024-11-24,Standard Class,CUST-00065,Consumer,West,PROD-0254,Office Supplies,Binders,5,627.69,0.15,2667.68,-209.5
ORD-001455,2023-04-25,2023-05-01,Standard Class,CUST-00080,Consumer,South,PROD-0255,Furniture,Tables,8,725.56,0.1,5224.03,1790.29
ORD-001456,2024-10-10,2024-10-15,Standard Class,CUST-00446,Corporate,West,PROD-0256,Office Supplies,Paper,4,841.39,0.1,3029.0,-247.18
ORD-001457,2023-04-26,2023-05-02,First Class,CUST-00657,Home Office,South,PROD-0257,Technology,Phones,8,295.2,0.0,2361.6,400.25
ORD-001458,2023-03-26,2023-03-30,Same Day,CUST-00695,Consumer,East,PROD-0258,Furniture,Chairs,6,888.9,0.0,5333.4,687.01
ORD-001459,2024-02-08,2024-02-15,Standard Class,CUST-00308,Home Office,South,PROD-0259,Furniture,Bookcases,2,384.05,0.0,768.1,62.94
ORD-001460,2023-01-18,2023-01-25,First Class,CUST-00419,Consumer,Central,PROD-0260,Technology,Copiers,5,525.86,0.0,2629.3,-233.96
ORD-001461,2024-03-22,2024-03-23,Standard Class,CUST-00505,Home Office,South,PROD-0261,Technology,Copiers,3,890.38,0.15,2270.47,865.13
ORD-001462,2024-11-02,2024-11-08,First Class,CUST-00698,Consumer,South,PROD-0262,Technology,Machines,2,707.57,0.0,1415.14,206.9
ORD-001463,2023-02-18,2023-02-21,Standard Class,CUST-00391,Consumer,Central,PROD-0263,Office Supplies,Labels,11,828.74,0.0,9116.14,2441.4
ORD-001464,2025-03-18,2025-03-21,Second Class,CUST-00109,Consumer,Central,PROD-0264,Technology,Copiers,3,109.6,0.1,295.92,115.93
ORD-001465,2023-10-22,2023-10-26,Standard Class,CUST-00634,Home Office,East,PROD-0265,Office Supplies,Binders,11,30.99,0.0,340.89,70.34
ORD-001466,2023-01-28,2023-02-03,Standard Class,CUST-00592,Corporate,East,PROD-0266,Office Supplies,Art,5,567.31,0.1,2552.89,537.22
ORD-001467,2023-05-30,2023-06-02,Second Class,CUST-00174,Corporate,East,PROD-0267,Furniture,Chairs,10,345.62,0.15,2937.77,744.59
ORD-001468,2025-03-29,2025-04-04,First Class,CUST-00716,Home Office,South,PROD-0268,Office Supplies,Labels,7,773.49,0.2,4331.54,332.55
ORD-001469,2024-11-18,2024-11-21,Standard Class,CUST-00781,Consumer,Central,PROD-0269,Office Supplies,Paper,4,135.28,0.15,459.95,34.2
ORD-001470,2025-05-18,2025-05-21,Same Day,CUST-00032,Corporate,South,PROD-0270,Technology,Copiers,1,156.67,0.0,156.67,60.42
ORD-001471,2023-09-25,2023-09-30,Standard Class,CUST-00831,Corporate,East,PROD-0271,Office Supplies,Labels,6,330.71,0.0,1984.26,647.19
ORD-001472,2023-07-29,2023-08-01,First Class,CUST-00382,Corporate,Central,PROD-0272,Technology,Phones,6,691.22,0.1,3732.59,-280.72
ORD-001473,2024-07-25,2024-07-31,First Class,CUST-00421,Consumer,West,PROD-0273,Office Supplies,Storage,5,77.06,0.0,385.3,-35.91
ORD-001474,2024-11-22,2024-11-29,First Class,CUST-00110,Consumer,East,PROD-0274,Furniture,Bookcases,5,298.84,0.2,1195.36,326.49
ORD-001475,2023-01-19,2023-01-22,Standard Class,CUST-00304,Corporate,East,PROD-0275,Technology,Phones,7,300.98,0.0,2106.86,-152.7
ORD-001476,2024-04-23,2024-04-24,Standard Class,CUST-00651,Home Office,West,PROD-0276,Office Supplies,Binders,9,759.45,0.0,6835.05,-468.55
ORD-001477,2024-12-06,2024-12-10,Same Day,CUST-00628,Consumer,Central,PROD-0277,Furniture,Chairs,5,708.14,0.3,2478.49,838.96
ORD-001478,2024-05-03,2024-05-08,Standard Class,CUST-00779,Corporate,East,PROD-0278,Office Supplies,Art,11,648.15,0.0,7129.65,-205.11
ORD-001479,2024-02-02,2024-02-09,Standard Class,CUST-00896,Corporate,East,PROD-0279,Technology,Machines,5,304.7,0.2,1218.8,276.5
ORD-001480,2023-05-15,2023-05-21,Second Class,CUST-00443,Corporate,South,PROD-0280,Office Supplies,Paper,6,160.63,0.0,963.78,343.2
ORD-001481,2023-04-19,2023-04-20,Standard Class,CUST-00262,Consumer,West,PROD-0281,Technology,Accessories,8,42.23,0.1,304.06,-20.98
ORD-001482,2024-09-14,2024-09-16,Same Day,CUST-00583,Consumer,South,PROD-0282,Technology,Accessories,9,695.33,0.0,6257.97,-50.55
ORD-001483,2024-11-30,2024-12-04,Same Day,CUST-00480,Consumer,South,PROD-0283,Office Supplies,Art,1,130.92,0.0,130.92,18.46
ORD-001484,2023-05-19,2023-05-26,Standard Class,CUST-00825,Consumer,East,PROD-0284,Office Supplies,Art,6,85.28,0.1,460.51,183.0
ORD-001485,2024-04-02,2024-04-09,First Class,CUST-00321,Home Office,Central,PROD-0285,Office Supplies,Storage,8,891.87,0.0,7134.96,191.04
ORD-001486,2024-12-20,2024-12-21,Second Class,CUST-00710,Home Office,Central,PROD-0286,Office Supplies,Storage,7,523.09,0.0,3661.63,-350.01
ORD-001487,2026-01-26,2026-01-30,Standard Class,CUST-00140,Home Office,South,PROD-0287,Office Supplies,Art,8,808.91,0.0,6471.28,1253.99
ORD-001488,2025-11-20,2025-11-25,Standard Class,CUST-00889,Corporate,West,PROD-0288,Technology,Phones,11,592.07,0.0,6512.77,2211.97
ORD-001489,2025-05-09,2025-05-16,Standard Class,CUST-00551,Corporate,East,PROD-0289,Furniture,Chairs,7,371.04,0.1,2337.55,512.77
ORD-001490,2025-03-02,2025-03-07,Second Class,CUST-00200,Corporate,Central,PROD-0290,Technology,Accessories,5,793.72,0.1,3571.74,1111.46
ORD-001491,2024-11-01,2024-11-06,Second Class,CUST-00808,Consumer,East,PROD-0291,Furniture,Bookcases,5,31.05,0.0,155.25,24.57
ORD-001492,2024-06-10,2024-06-14,Standard Class,CUST-00454,Consumer,Central,PROD-0292,Technology,Phones,10,486.94,0.0,4869.4,859.54
ORD-001493,2025-02-12,2025-02-15,Standard Class,CUST-00449,Home Office,West,PROD-0293,Office Supplies,Paper,10,792.93,0.0,7929.3,1407.22
ORD-001494,2026-04-18,2026-04-22,Second Class,CUST-00075,Consumer,West,PROD-0294,Furniture,Bookcases,8,505.66,0.3,2831.7,149.88
ORD-001495,2024-02-10,2024-02-14,Standard Class,CUST-00327,Home Office,Central,PROD-0295,Office Supplies,Paper,3,727.15,0.1,1963.3,68.1
ORD-001496,2023-12-22,2023-12-29,Standard Class,CUST-00511,Consumer,South,PROD-0296,Furniture,Tables,9,518.43,0.2,3732.7,571.11
ORD-001497,2025-12-21,2025-12-25,Standard Class,CUST-00637,Consumer,South,PROD-0297,Office Supplies,Paper,11,481.88,0.1,4770.61,1879.83
ORD-001498,2023-12-03,2023-12-06,Standard Class,CUST-00250,Corporate,East,PROD-0298,Furniture,Bookcases,2,229.75,0.2,367.6,119.93
ORD-001499,2025-03-24,2025-03-25,Same Day,CUST-00160,Home Office,Central,PROD-0299,Office Supplies,Paper,5,148.7,0.1,669.15,114.24
ORD-001500,2023-05-16,2023-05-23,Standard Class,CUST-00784,Consumer,West,PROD-0300,Furniture,Tables,5,833.1,0.0,4165.5,1364.69
ORD-001501,2024-01-08,2024-01-14,Standard Class,CUST-00428,Consumer,East,PROD-0001,Office Supplies,Storage,11,398.64,0.15,3727.28,590.13
ORD-001502,2023-03-21,2023-03-23,First Class,CUST-00694,Corporate,East,PROD-0002,Technology,Machines,11,367.64,0.2,3235.23,247.74
ORD-001503,2023-05-21,2023-05-27,First Class,CUST-00654,Consumer,West,PROD-0003,Technology,Phones,9,427.51,0.0,3847.59,1223.16
ORD-001504,2025-12-05,2025-12-06,Same Day,CUST-00899,Home Office,Central,PROD-0004,Office Supplies,Binders,3,564.95,0.0,1694.85,-56.65
ORD-001505,2025-05-03,2025-05-08,Standard Class,CUST-00188,Consumer,East,PROD-0005,Office Supplies,Storage,4,608.08,0.0,2432.32,774.62
ORD-001506,2023-10-26,2023-10-27,Same Day,CUST-00646,Corporate,West,PROD-0006,Furniture,Bookcases,3,846.61,0.0,2539.83,-163.59
ORD-001507,2024-04-25,2024-04-27,Standard Class,CUST-00270,Home Office,West,PROD-0007,Office Supplies,Labels,11,453.61,0.0,4989.71,973.23
ORD-001508,2023-06-16,2023-06-20,Standard Class,CUST-00121,Consumer,Central,PROD-0008,Office Supplies,Paper,5,254.37,0.0,1271.85,-43.34
ORD-001509,2023-11-08,2023-11-10,Standard Class,CUST-00309,Home Office,East,PROD-0009,Technology,Phones,7,245.65,0.0,1719.55,438.31
ORD-001510,2024-08-09,2024-08-16,Standard Class,CUST-00273,Consumer,West,PROD-0010,Technology,Machines,4,225.5,0.0,902.0,217.97
ORD-001511,2023-01-16,2023-01-21,Second Class,CUST-00832,Consumer,Central,PROD-0011,Furniture,Bookcases,2,322.69,0.2,516.3,78.01
ORD-001512,2024-05-31,2024-06-01,Standard Class,CUST-00680,Home Office,East,PROD-0012,Furniture,Bookcases,6,289.68,0.0,1738.08,77.97
ORD-001513,2025-01-17,2025-01-19,Standard Class,CUST-00721,Corporate,Central,PROD-0013,Technology,Accessories,5,229.05,0.0,1145.25,391.54
ORD-001514,2025-03-18,2025-03-21,Second Class,CUST-00097,Consumer,Central,PROD-0014,Technology,Copiers,8,313.03,0.0,2504.24,-158.15
ORD-001515,2026-03-12,2026-03-14,First Class,CUST-00639,Consumer,Central,PROD-0015,Technology,Copiers,9,510.29,0.0,4592.61,647.0
ORD-001516,2023-12-18,2023-12-21,Standard Class,CUST-00792,Consumer,West,PROD-0016,Furniture,Furnishings,6,358.11,0.0,2148.66,158.95
ORD-001517,2023-01-01,2023-01-04,Standard Class,CUST-00158,Consumer,West,PROD-0017,Office Supplies,Paper,5,67.04,0.0,335.2,57.64
ORD-001518,2023-11-23,2023-11-25,Second Class,CUST-00320,Consumer,South,PROD-0018,Office Supplies,Paper,4,663.77,0.0,2655.08,715.1
ORD-001519,2023-08-27,2023-09-01,Standard Class,CUST-00202,Corporate,West,PROD-0019,Furniture,Bookcases,6,210.12,0.0,1260.72,211.55
ORD-001520,2024-10-30,2024-10-31,Second Class,CUST-00146,Home Office,West,PROD-0020,Technology,Accessories,6,750.96,0.1,4055.18,316.52
ORD-001521,2024-05-30,2024-06-02,Second Class,CUST-00020,Home Office,East,PROD-0021,Furniture,Furnishings,1,49.02,0.0,49.02,6.18
ORD-001522,2023-06-13,2023-06-19,Standard Class,CUST-00536,Consumer,East,PROD-0022,Furniture,Bookcases,5,123.75,0.15,525.94,124.63
ORD-001523,2024-03-09,2024-03-13,Standard Class,CUST-00262,Corporate,South,PROD-0023,Office Supplies,Storage,7,776.99,0.1,4895.04,1572.41
ORD-001524,2025-05-01,2025-05-02,Standard Class,CUST-00796,Corporate,East,PROD-0024,Technology,Phones,2,575.99,0.2,921.58,74.17
ORD-001525,2026-03-22,2026-03-29,Standard Class,CUST-00481,Home Office,West,PROD-0025,Office Supplies,Labels,9,715.04,0.15,5470.06,1279.33
ORD-001526,2023-08-13,2023-08-14,Standard Class,CUST-00678,Consumer,South,PROD-0026,Technology,Copiers,5,587.54,0.0,2937.7,-218.51
ORD-001527,2024-07-19,2024-07-21,Standard Class,CUST-00356,Corporate,West,PROD-0027,Office Supplies,Art,11,669.8,0.0,7367.8,208.61
ORD-001528,2023-08-02,2023-08-03,Same Day,CUST-00710,Corporate,East,PROD-0028,Technology,Phones,4,33.76,0.1,121.54,38.3
ORD-001529,2025-01-22,2025-01-29,Standard Class,CUST-00610,Consumer,Central,PROD-0029,Technology,Accessories,2,97.72,0.0,195.44,11.14
ORD-001530,2025-12-01,2025-12-07,Standard Class,CUST-00139,Home Office,Central,PROD-0030,Office Supplies,Paper,3,656.34,0.1,1772.12,623.25
ORD-001531,2026-01-30,2026-01-31,Standard Class,CUST-00651,Consumer,East,PROD-0031,Office Supplies,Binders,3,146.95,0.1,396.76,102.56
ORD-001532,2024-12-29,2025-01-05,First Class,CUST-00755,Consumer,Central,PROD-0032,Office Supplies,Art,5,51.81,0.1,233.15,-3.22
ORD-001533,2023-03-09,2023-03-12,Standard Class,CUST-00600,Consumer,East,PROD-0033,Office Supplies,Paper,5,219.57,0.0,1097.85,270.02
ORD-001534,2023-06-22,2023-06-23,First Class,CUST-00599,Home Office,East,PROD-0034,Office Supplies,Binders,5,554.91,0.0,2774.55,1015.19
ORD-001535,2023-12-25,2023-12-29,First Class,CUST-00793,Consumer,South,PROD-0035,Furniture,Tables,8,348.43,0.0,2787.44,62.63
ORD-001536,2026-04-14,2026-04-18,Standard Class,CUST-00035,Consumer,Central,PROD-0036,Furniture,Tables,6,414.02,0.0,2484.12,487.95
ORD-001537,2023-12-13,2023-12-17,Standard Class,CUST-00026,Consumer,Central,PROD-0037,Office Supplies,Storage,7,780.24,0.2,4369.34,-284.13
ORD-001538,2023-06-05,2023-06-12,Standard Class,CUST-00876,Consumer,West,PROD-0038,Office Supplies,Storage,2,198.93,0.15,338.18,79.57
ORD-001539,2025-08-27,2025-08-29,Standard Class,CUST-00708,Corporate,East,PROD-0039,Furniture,Tables,10,550.52,0.0,5505.2,201.85
ORD-001540,2024-06-30,2024-07-07,Same Day,CUST-00398,Consumer,South,PROD-0040,Technology,Copiers,2,30.95,0.15,52.61,-2.36
ORD-001541,2023-04-21,2023-04-24,Same Day,CUST-00401,Corporate,West,PROD-0041,Office Supplies,Storage,9,77.86,0.1,630.67,8.44
ORD-001542,2023-01-12,2023-01-18,Standard Class,CUST-00170,Consumer,Central,PROD-0042,Furniture,Tables,1,339.25,0.1,305.32,44.28
ORD-001543,2026-03-11,2026-03-12,Standard Class,CUST-00136,Consumer,East,PROD-0043,Office Supplies,Labels,2,117.51,0.0,235.02,64.75
ORD-001544,2024-05-13,2024-05-17,Same Day,CUST-00324,Consumer,West,PROD-0044,Technology,Phones,8,725.67,0.15,4934.56,1792.16
ORD-001545,2023-07-27,2023-07-30,Standard Class,CUST-00275,Consumer,South,PROD-0045,Office Supplies,Art,7,464.9,0.0,3254.3,770.48
ORD-001546,2023-09-12,2023-09-17,Standard Class,CUST-00124,Consumer,Central,PROD-0046,Technology,Phones,11,222.48,0.0,2447.28,218.67
ORD-001547,2026-03-27,2026-04-01,Standard Class,CUST-00359,Corporate,South,PROD-0047,Furniture,Tables,11,176.82,0.0,1945.02,195.68
ORD-001548,2024-08-07,2024-08-14,First Class,CUST-00884,Consumer,East,PROD-0048,Technology,Machines,11,791.11,0.0,8702.21,2637.0
ORD-001549,2025-09-02,2025-09-04,First Class,CUST-00062,Consumer,West,PROD-0049,Furniture,Furnishings,9,893.49,0.3,5628.99,-546.18
ORD-001550,2024-08-12,2024-08-18,Standard Class,CUST-00887,Consumer,Central,PROD-0050,Furniture,Furnishings,5,353.18,0.5,882.95,342.81
ORD-001551,2024-04-27,2024-04-29,First Class,CUST-00774,Home Office,Central,PROD-0051,Technology,Accessories,11,821.3,0.1,8130.87,905.71
ORD-001552,2023-09-18,2023-09-22,Standard Class,CUST-00355,Consumer,East,PROD-0052,Technology,Copiers,6,526.45,0.0,3158.7,648.51
ORD-001553,2023-06-23,2023-06-25,Second Class,CUST-00559,Home Office,West,PROD-0053,Office Supplies,Storage,5,749.88,0.0,3749.4,498.68
ORD-001554,2023-03-04,2023-03-05,Standard Class,CUST-00532,Corporate,South,PROD-0054,Office Supplies,Storage,3,859.04,0.2,2061.7,34.29
ORD-001555,2024-10-25,2024-10-31,Standard Class,CUST-00149,Consumer,Central,PROD-0055,Office Supplies,Paper,10,555.69,0.0,5556.9,539.18
ORD-001556,2025-03-11,2025-03-13,Standard Class,CUST-00249,Consumer,East,PROD-0056,Furniture,Tables,9,313.21,0.1,2537.0,244.19
ORD-001557,2025-08-04,2025-08-06,Standard Class,CUST-00623,Home Office,South,PROD-0057,Office Supplies,Art,11,890.65,0.0,9797.15,138.73
ORD-001558,2025-08-18,2025-08-23,First Class,CUST-00048,Corporate,South,PROD-0058,Office Supplies,Labels,2,65.57,0.5,65.57,16.35
ORD-001559,2026-02-08,2026-02-14,Standard Class,CUST-00673,Home Office,South,PROD-0059,Furniture,Chairs,8,369.74,0.0,2957.92,693.65
ORD-001560,2025-02-16,2025-02-17,Standard Class,CUST-00102,Home Office,West,PROD-0060,Furniture,Bookcases,9,310.82,0.0,2797.38,189.81
ORD-001561,2025-08-06,2025-08-07,Second Class,CUST-00473,Consumer,West,PROD-0061,Technology,Accessories,8,425.34,0.0,3402.72,860.73
ORD-001562,2023-02-07,2023-02-10,First Class,CUST-00103,Corporate,West,PROD-0062,Office Supplies,Storage,7,509.98,0.0,3569.86,753.59
ORD-001563,2023-07-12,2023-07-14,Standard Class,CUST-00326,Home Office,West,PROD-0063,Office Supplies,Labels,6,539.93,0.2,2591.66,257.06
ORD-001564,2025-05-27,2025-06-03,Standard Class,CUST-00456,Consumer,South,PROD-0064,Technology,Copiers,3,14.49,0.2,34.78,4.37
ORD-001565,2026-06-15,2026-06-18,Second Class,CUST-00847,Corporate,Central,PROD-0065,Office Supplies,Labels,5,41.26,0.1,185.67,59.6
ORD-001566,2025-09-23,2025-09-25,Standard Class,CUST-00889,Home Office,Central,PROD-0066,Technology,Copiers,9,847.93,0.1,6868.23,107.96
ORD-001567,2025-04-23,2025-04-29,First Class,CUST-00565,Consumer,East,PROD-0067,Office Supplies,Labels,8,728.68,0.2,4663.55,530.46
ORD-001568,2023-03-15,2023-03-16,Standard Class,CUST-00174,Consumer,Central,PROD-0068,Office Supplies,Storage,10,589.27,0.0,5892.7,697.42
ORD-001569,2023-05-23,2023-05-25,Standard Class,CUST-00202,Consumer,Central,PROD-0069,Furniture,Tables,5,502.5,0.0,2512.5,-121.3
ORD-001570,2023-09-16,2023-09-23,Standard Class,CUST-00230,Consumer,East,PROD-0070,Furniture,Tables,3,565.6,0.0,1696.8,-91.77
ORD-001571,2023-08-14,2023-08-17,Standard Class,CUST-00305,Home Office,South,PROD-0071,Office Supplies,Art,3,792.87,0.0,2378.61,793.88
ORD-001572,2024-12-21,2024-12-24,First Class,CUST-00462,Consumer,South,PROD-0072,Furniture,Furnishings,6,539.45,0.0,3236.7,227.8
ORD-001573,2023-12-15,2023-12-18,Standard Class,CUST-00145,Corporate,Central,PROD-0073,Office Supplies,Paper,10,453.28,0.0,4532.8,627.94
ORD-001574,2024-04-01,2024-04-02,Second Class,CUST-00104,Corporate,South,PROD-0074,Furniture,Chairs,7,818.71,0.15,4871.32,1341.07
ORD-001575,2024-12-30,2025-01-06,Second Class,CUST-00629,Home Office,East,PROD-0075,Office Supplies,Binders,10,73.21,0.1,658.89,107.58
ORD-001576,2025-05-30,2025-06-01,Second Class,CUST-00524,Consumer,South,PROD-0076,Technology,Accessories,2,84.91,0.0,169.82,-8.96
ORD-001577,2026-04-20,2026-04-22,Standard Class,CUST-00072,Consumer,East,PROD-0077,Furniture,Bookcases,3,488.59,0.1,1319.19,104.0
ORD-001578,2023-02-21,2023-02-25,Standard Class,CUST-00685,Consumer,South,PROD-0078,Office Supplies,Labels,5,386.32,0.2,1545.28,26.92
ORD-001579,2025-08-07,2025-08-10,Second Class,CUST-00561,Home Office,East,PROD-0079,Office Supplies,Paper,7,433.44,0.0,3034.08,139.59
ORD-001580,2025-12-14,2025-12-15,Standard Class,CUST-00714,Corporate,Central,PROD-0080,Office Supplies,Art,9,734.12,0.0,6607.08,2614.47
ORD-001581,2025-01-14,2025-01-18,Second Class,CUST-00821,Home Office,West,PROD-0081,Technology,Phones,2,640.3,0.0,1280.6,201.41
ORD-001582,2023-02-16,2023-02-23,Standard Class,CUST-00804,Consumer,South,PROD-0082,Office Supplies,Binders,5,590.28,0.0,2951.4,584.86
ORD-001583,2025-12-05,2025-12-10,Standard Class,CUST-00265,Corporate,South,PROD-0083,Office Supplies,Art,9,636.38,0.15,4868.31,103.26
ORD-001584,2023-07-05,2023-07-11,Standard Class,CUST-00555,Home Office,Central,PROD-0084,Office Supplies,Binders,1,807.59,0.2,646.07,228.62
ORD-001585,2025-06-19,2025-06-23,Standard Class,CUST-00558,Consumer,Central,PROD-0085,Furniture,Chairs,10,465.91,0.0,4659.1,-106.8
ORD-001586,2025-12-20,2025-12-26,Standard Class,CUST-00162,Home Office,South,PROD-0086,Technology,Machines,8,520.14,0.0,4161.12,957.42
ORD-001587,2023-11-30,2023-12-04,Standard Class,CUST-00089,Consumer,East,PROD-0087,Technology,Accessories,6,885.4,0.0,5312.4,679.34
ORD-001588,2026-01-28,2026-01-29,Standard Class,CUST-00495,Consumer,Central,PROD-0088,Furniture,Furnishings,9,107.29,0.0,965.61,-34.02
ORD-001589,2024-05-27,2024-05-29,Same Day,CUST-00464,Consumer,West,PROD-0089,Technology,Accessories,2,193.0,0.15,328.1,79.71
ORD-001590,2024-04-17,2024-04-20,Standard Class,CUST-00169,Corporate,Central,PROD-0090,Office Supplies,Labels,6,882.51,0.0,5295.06,675.61
ORD-001591,2024-03-30,2024-04-01,First Class,CUST-00501,Consumer,West,PROD-0091,Office Supplies,Binders,3,419.59,0.0,1258.77,257.25
ORD-001592,2025-05-26,2025-05-29,Standard Class,CUST-00037,Consumer,East,PROD-0092,Technology,Copiers,3,611.81,0.0,1835.43,-159.63
ORD-001593,2026-06-05,2026-06-09,Standard Class,CUST-00496,Corporate,East,PROD-0093,Furniture,Tables,4,808.12,0.0,3232.48,79.23
ORD-001594,2024-09-18,2024-09-25,Standard Class,CUST-00133,Consumer,East,PROD-0094,Office Supplies,Storage,1,697.9,0.0,697.9,184.63
ORD-001595,2025-06-19,2025-06-26,Standard Class,CUST-00515,Consumer,East,PROD-0095,Technology,Phones,6,443.46,0.0,2660.76,658.39
ORD-001596,2023-03-25,2023-04-01,Standard Class,CUST-00819,Corporate,East,PROD-0096,Office Supplies,Paper,4,618.1,0.0,2472.4,765.64
ORD-001597,2023-01-09,2023-01-14,First Class,CUST-00373,Corporate,South,PROD-0097,Technology,Machines,8,738.92,0.0,5911.36,-580.36
ORD-001598,2024-11-02,2024-11-09,Standard Class,CUST-00035,Consumer,Central,PROD-0098,Technology,Machines,6,163.63,0.1,883.6,146.0
ORD-001599,2024-06-06,2024-06-09,Standard Class,CUST-00277,Corporate,Central,PROD-0099,Office Supplies,Paper,11,629.28,0.0,6922.08,2556.71
ORD-001600,2023-06-25,2023-07-01,Standard Class,CUST-00683,Home Office,East,PROD-0100,Technology,Copiers,11,844.5,0.0,9289.5,-767.38
ORD-001601,2023-10-29,2023-11-02,Second Class,CUST-00208,Consumer,South,PROD-0101,Furniture,Furnishings,10,665.7,0.0,6657.0,-429.68
ORD-001602,2024-02-13,2024-02-20,Standard Class,CUST-00209,Consumer,Central,PROD-0102,Furniture,Bookcases,3,356.96,0.0,1070.88,299.36
ORD-001603,2024-02-22,2024-02-28,Standard Class,CUST-00342,Corporate,West,PROD-0103,Technology,Machines,2,676.87,0.3,947.62,70.45
ORD-001604,2026-03-11,2026-03-13,Standard Class,CUST-00186,Corporate,Central,PROD-0104,Office Supplies,Labels,8,82.21,0.0,657.68,137.45
ORD-001605,2024-01-27,2024-01-30,Second Class,CUST-00779,Home Office,Central,PROD-0105,Technology,Phones,3,799.93,0.1,2159.81,160.6
ORD-001606,2023-06-19,2023-06-20,Second Class,CUST-00622,Consumer,West,PROD-0106,Furniture,Tables,5,497.94,0.0,2489.7,213.02
ORD-001607,2023-03-20,2023-03-22,Second Class,CUST-00634,Home Office,West,PROD-0107,Furniture,Bookcases,4,580.25,0.0,2321.0,924.64
ORD-001608,2023-02-19,2023-02-21,Standard Class,CUST-00327,Corporate,Central,PROD-0108,Office Supplies,Binders,11,304.33,0.0,3347.63,1270.97
ORD-001609,2023-09-15,2023-09-22,Standard Class,CUST-00443,Corporate,Central,PROD-0109,Office Supplies,Paper,2,792.91,0.0,1585.82,-61.66
ORD-001610,2024-10-18,2024-10-20,Standard Class,CUST-00887,Corporate,West,PROD-0110,Technology,Accessories,9,283.61,0.0,2552.49,679.47
ORD-001611,2023-10-28,2023-11-04,Second Class,CUST-00054,Corporate,East,PROD-0111,Office Supplies,Art,1,63.06,0.0,63.06,-4.15
ORD-001612,2024-02-22,2024-02-28,First Class,CUST-00216,Home Office,East,PROD-0112,Technology,Machines,4,685.78,0.0,2743.12,-41.71
ORD-001613,2025-04-12,2025-04-17,First Class,CUST-00381,Corporate,Central,PROD-0113,Furniture,Chairs,7,847.58,0.2,4746.45,893.42
ORD-001614,2025-10-09,2025-10-14,Standard Class,CUST-00747,Consumer,Central,PROD-0114,Office Supplies,Labels,10,254.43,0.0,2544.3,453.36
ORD-001615,2023-07-13,2023-07-20,First Class,CUST-00536,Consumer,West,PROD-0115,Office Supplies,Art,3,843.13,0.0,2529.39,302.27
ORD-001616,2023-02-09,2023-02-10,Standard Class,CUST-00224,Corporate,South,PROD-0116,Office Supplies,Art,6,816.98,0.2,3921.5,506.66
ORD-001617,2025-12-21,2025-12-24,Second Class,CUST-00136,Consumer,South,PROD-0117,Technology,Copiers,9,567.66,0.2,4087.15,1220.78
ORD-001618,2025-05-20,2025-05-24,Standard Class,CUST-00482,Consumer,East,PROD-0118,Office Supplies,Art,11,124.04,0.0,1364.44,97.51
ORD-001619,2025-03-02,2025-03-08,Standard Class,CUST-00607,Corporate,East,PROD-0119,Office Supplies,Labels,8,346.41,0.0,2771.28,1083.32
ORD-001620,2024-06-13,2024-06-17,Standard Class,CUST-00176,Consumer,West,PROD-0120,Office Supplies,Art,2,226.08,0.0,452.16,171.14
ORD-001621,2025-05-01,2025-05-06,Standard Class,CUST-00685,Home Office,Central,PROD-0121,Technology,Phones,7,520.3,0.15,3095.78,895.69
ORD-001622,2023-01-24,2023-01-29,Standard Class,CUST-00357,Consumer,South,PROD-0122,Technology,Copiers,9,776.02,0.0,6984.18,587.14
ORD-001623,2024-08-30,2024-09-02,Standard Class,CUST-00577,Consumer,West,PROD-0123,Office Supplies,Paper,2,336.98,0.0,673.96,17.6
ORD-001624,2024-01-06,2024-01-10,Standard Class,CUST-00114,Consumer,East,PROD-0124,Office Supplies,Labels,6,126.97,0.0,761.82,280.25
ORD-001625,2023-07-24,2023-07-30,Standard Class,CUST-00121,Consumer,Central,PROD-0125,Furniture,Chairs,3,730.22,0.15,1862.06,264.81
ORD-001626,2023-04-24,2023-04-28,Standard Class,CUST-00606,Corporate,East,PROD-0126,Furniture,Tables,5,401.52,0.15,1706.46,55.23
ORD-001627,2025-01-21,2025-01-24,Standard Class,CUST-00620,Consumer,South,PROD-0127,Furniture,Furnishings,7,827.98,0.0,5795.86,355.96
ORD-001628,2023-05-30,2023-06-05,Standard Class,CUST-00177,Consumer,West,PROD-0128,Office Supplies,Binders,6,882.1,0.0,5292.6,1440.08
ORD-001629,2025-12-06,2025-12-11,Standard Class,CUST-00515,Home Office,South,PROD-0129,Technology,Accessories,1,646.88,0.1,582.19,205.22
ORD-001630,2023-11-19,2023-11-26,Standard Class,CUST-00191,Corporate,West,PROD-0130,Furniture,Tables,2,77.57,0.15,131.87,8.21
ORD-001631,2025-12-05,2025-12-06,Standard Class,CUST-00573,Consumer,West,PROD-0131,Office Supplies,Labels,9,713.86,0.5,3212.37,1234.03
ORD-001632,2024-07-31,2024-08-02,Second Class,CUST-00806,Corporate,Central,PROD-0132,Office Supplies,Binders,11,231.85,0.2,2040.28,265.06
ORD-001633,2023-08-27,2023-09-03,First Class,CUST-00868,Corporate,South,PROD-0133,Office Supplies,Art,7,351.6,0.0,2461.2,-208.39
ORD-001634,2025-03-29,2025-03-30,Standard Class,CUST-00655,Corporate,West,PROD-0134,Office Supplies,Art,11,627.43,0.0,6901.73,1824.68
ORD-001635,2025-06-28,2025-06-30,Second Class,CUST-00381,Consumer,East,PROD-0135,Office Supplies,Paper,9,888.89,0.0,8000.01,2482.0
ORD-001636,2023-02-01,2023-02-02,Standard Class,CUST-00130,Consumer,West,PROD-0136,Technology,Accessories,3,841.68,0.0,2525.04,519.21
ORD-001637,2023-05-27,2023-05-31,Standard Class,CUST-00315,Home Office,Central,PROD-0137,Technology,Accessories,8,73.37,0.15,498.92,-32.48
ORD-001638,2025-06-23,2025-06-27,Second Class,CUST-00101,Home Office,East,PROD-0138,Furniture,Tables,5,516.92,0.2,2067.68,460.57
ORD-001639,2023-06-09,2023-06-13,Same Day,CUST-00365,Home Office,West,PROD-0139,Office Supplies,Storage,11,354.62,0.0,3900.82,1273.1
ORD-001640,2025-03-22,2025-03-27,Second Class,CUST-00511,Consumer,Central,PROD-0140,Furniture,Furnishings,8,764.67,0.15,5199.76,1363.33
ORD-001641,2024-03-10,2024-03-14,Standard Class,CUST-00212,Corporate,South,PROD-0141,Office Supplies,Storage,4,836.52,0.0,3346.08,195.07
ORD-001642,2024-11-30,2024-12-01,Second Class,CUST-00744,Consumer,South,PROD-0142,Office Supplies,Storage,4,485.45,0.1,1747.62,6.28
ORD-001643,2024-02-12,2024-02-17,Standard Class,CUST-00487,Consumer,Central,PROD-0143,Furniture,Tables,10,850.51,0.0,8505.1,1071.04
ORD-001644,2024-02-05,2024-02-10,Standard Class,CUST-00576,Consumer,Central,PROD-0144,Technology,Accessories,9,146.36,0.0,1317.24,504.72
ORD-001645,2024-10-20,2024-10-26,Standard Class,CUST-00051,Corporate,South,PROD-0145,Office Supplies,Paper,5,65.13,0.0,325.65,-0.35
ORD-001646,2025-05-27,2025-05-31,First Class,CUST-00779,Consumer,Central,PROD-0146,Office Supplies,Art,2,210.24,0.0,420.48,126.45
ORD-001647,2024-01-19,2024-01-24,Same Day,CUST-00006,Home Office,West,PROD-0147,Office Supplies,Binders,7,774.81,0.5,2711.84,67.1
ORD-001648,2023-01-12,2023-01-18,First Class,CUST-00052,Corporate,South,PROD-0148,Office Supplies,Paper,5,244.86,0.0,1224.3,111.5
ORD-001649,2025-07-25,2025-07-27,Second Class,CUST-00132,Home Office,West,PROD-0149,Office Supplies,Binders,2,485.93,0.1,874.67,-62.88
ORD-001650,2025-07-30,2025-08-02,Standard Class,CUST-00815,Consumer,Central,PROD-0150,Office Supplies,Paper,10,551.27,0.0,5512.7,85.34
ORD-001651,2024-07-06,2024-07-11,Standard Class,CUST-00343,Consumer,South,PROD-0151,Office Supplies,Storage,4,115.45,0.0,461.8,173.58
ORD-001652,2023-01-05,2023-01-10,Standard Class,CUST-00717,Consumer,East,PROD-0152,Office Supplies,Binders,1,858.0,0.0,858.0,116.48
ORD-001653,2023-01-03,2023-01-05,Standard Class,CUST-00468,Corporate,Central,PROD-0153,Technology,Accessories,6,265.85,0.0,1595.1,403.79
ORD-001654,2023-10-19,2023-10-21,Standard Class,CUST-00353,Home Office,West,PROD-0154,Technology,Machines,5,707.34,0.5,1768.35,154.43
ORD-001655,2025-11-04,2025-11-05,Standard Class,CUST-00661,Corporate,Central,PROD-0155,Technology,Phones,10,660.56,0.0,6605.6,1628.53
ORD-001656,2025-05-06,2025-05-11,Standard Class,CUST-00607,Corporate,East,PROD-0156,Furniture,Bookcases,4,594.29,0.1,2139.44,228.51
ORD-001657,2024-06-30,2024-07-06,First Class,CUST-00802,Home Office,South,PROD-0157,Office Supplies,Storage,8,512.3,0.3,2868.88,102.76
ORD-001658,2026-01-30,2026-02-01,Standard Class,CUST-00734,Home Office,Central,PROD-0158,Furniture,Chairs,8,817.34,0.1,5884.85,1459.06
ORD-001659,2025-05-19,2025-05-21,Standard Class,CUST-00201,Corporate,West,PROD-0159,Office Supplies,Binders,6,291.72,0.0,1750.32,536.52
ORD-001660,2025-06-26,2025-07-01,Second Class,CUST-00265,Consumer,West,PROD-0160,Technology,Copiers,2,285.43,0.1,513.77,48.28
ORD-001661,2023-06-16,2023-06-23,Standard Class,CUST-00743,Consumer,Central,PROD-0161,Furniture,Chairs,7,399.43,0.15,2376.61,786.0
ORD-001662,2024-07-29,2024-08-04,Second Class,CUST-00050,Consumer,South,PROD-0162,Office Supplies,Labels,3,855.83,0.15,2182.37,-8.72
ORD-001663,2023-11-25,2023-11-27,Second Class,CUST-00777,Home Office,South,PROD-0163,Office Supplies,Storage,2,268.48,0.0,536.96,194.96
ORD-001664,2024-01-24,2024-01-25,Second Class,CUST-00640,Home Office,South,PROD-0164,Office Supplies,Art,8,154.56,0.0,1236.48,260.36
ORD-001665,2024-12-28,2025-01-01,Second Class,CUST-00628,Consumer,East,PROD-0165,Office Supplies,Paper,10,115.77,0.0,1157.7,321.55
ORD-001666,2023-06-12,2023-06-13,Standard Class,CUST-00818,Consumer,West,PROD-0166,Office Supplies,Art,6,715.01,0.15,3646.55,-303.94
ORD-001667,2024-11-19,2024-11-26,First Class,CUST-00080,Consumer,West,PROD-0167,Technology,Machines,6,165.65,0.0,993.9,64.69
ORD-001668,2024-06-21,2024-06-22,Standard Class,CUST-00553,Consumer,East,PROD-0168,Office Supplies,Paper,5,217.85,0.0,1089.25,-42.42
ORD-001669,2024-11-14,2024-11-20,Standard Class,CUST-00459,Corporate,West,PROD-0169,Furniture,Furnishings,4,321.65,0.1,1157.94,225.66
ORD-001670,2025-12-01,2025-12-08,Standard Class,CUST-00696,Consumer,East,PROD-0170,Technology,Accessories,4,256.97,0.2,822.3,86.58
ORD-001671,2026-04-12,2026-04-16,First Class,CUST-00744,Consumer,South,PROD-0171,Furniture,Furnishings,2,243.14,0.0,486.28,-11.75
ORD-001672,2024-11-28,2024-11-30,Second Class,CUST-00807,Corporate,East,PROD-0172,Office Supplies,Labels,11,689.53,0.0,7584.83,2079.29
ORD-001673,2023-05-07,2023-05-13,First Class,CUST-00302,Consumer,West,PROD-0173,Office Supplies,Art,3,62.24,0.0,186.72,60.3
ORD-001674,2025-12-16,2025-12-17,Standard Class,CUST-00493,Consumer,East,PROD-0174,Technology,Accessories,11,845.58,0.1,8371.24,3036.01
ORD-001675,2025-02-05,2025-02-12,Second Class,CUST-00120,Consumer,West,PROD-0175,Office Supplies,Art,6,151.8,0.0,910.8,282.34
ORD-001676,2026-02-27,2026-03-06,Same Day,CUST-00354,Consumer,East,PROD-0176,Furniture,Furnishings,4,679.34,0.0,2717.36,643.83
ORD-001677,2023-08-17,2023-08-20,First Class,CUST-00869,Consumer,West,PROD-0177,Office Supplies,Art,8,156.51,0.1,1126.87,21.17
ORD-001678,2023-01-28,2023-02-04,Standard Class,CUST-00823,Consumer,South,PROD-0178,Office Supplies,Paper,3,522.54,0.2,1254.1,178.45
ORD-001679,2023-08-06,2023-08-10,Standard Class,CUST-00048,Consumer,South,PROD-0179,Technology,Machines,11,869.82,0.0,9568.02,3764.43
ORD-001680,2023-10-06,2023-10-11,Standard Class,CUST-00426,Consumer,East,PROD-0180,Office Supplies,Paper,3,607.44,0.0,1822.32,266.61
ORD-001681,2024-10-17,2024-10-19,Standard Class,CUST-00852,Consumer,East,PROD-0181,Office Supplies,Art,4,832.42,0.0,3329.68,-217.03
ORD-001682,2023-10-27,2023-10-28,Standard Class,CUST-00038,Consumer,West,PROD-0182,Office Supplies,Art,6,832.52,0.1,4495.61,-198.82
ORD-001683,2024-07-20,2024-07-25,Same Day,CUST-00438,Consumer,Central,PROD-0183,Office Supplies,Art,6,847.73,0.2,4069.1,1391.86
ORD-001684,2024-04-29,2024-04-30,Standard Class,CUST-00327,Corporate,East,PROD-0184,Office Supplies,Paper,2,553.89,0.15,941.61,-81.79
ORD-001685,2026-06-26,2026-07-02,First Class,CUST-00599,Corporate,West,PROD-0185,Technology,Copiers,5,295.39,0.0,1476.95,-63.45
ORD-001686,2024-12-31,2025-01-01,Second Class,CUST-00713,Consumer,Central,PROD-0186,Office Supplies,Labels,11,734.95,0.1,7276.01,-726.68
ORD-001687,2025-08-13,2025-08-15,First Class,CUST-00790,Corporate,West,PROD-0187,Office Supplies,Binders,3,359.05,0.5,538.58,143.44
ORD-001688,2025-01-06,2025-01-12,Standard Class,CUST-00297,Consumer,Central,PROD-0188,Furniture,Chairs,7,48.09,0.0,336.63,83.92
ORD-001689,2025-12-22,2025-12-29,Standard Class,CUST-00027,Consumer,East,PROD-0189,Office Supplies,Binders,9,768.01,0.1,6220.88,1367.67
ORD-001690,2024-03-19,2024-03-24,Second Class,CUST-00184,Corporate,East,PROD-0190,Technology,Machines,3,888.77,0.1,2399.68,109.19
ORD-001691,2023-05-30,2023-06-02,Standard Class,CUST-00348,Corporate,Central,PROD-0191,Office Supplies,Paper,11,426.76,0.2,3755.49,503.81
ORD-001692,2025-03-14,2025-03-17,Standard Class,CUST-00154,Consumer,South,PROD-0192,Office Supplies,Art,11,855.65,0.0,9412.15,2893.15
ORD-001693,2024-01-06,2024-01-09,Standard Class,CUST-00081,Corporate,West,PROD-0193,Technology,Copiers,6,512.16,0.0,3072.96,-83.68
ORD-001694,2026-06-04,2026-06-09,Standard Class,CUST-00439,Home Office,West,PROD-0194,Office Supplies,Art,6,741.28,0.1,4002.91,180.05
ORD-001695,2024-05-15,2024-05-21,First Class,CUST-00076,Home Office,Central,PROD-0195,Office Supplies,Binders,5,231.77,0.2,927.08,343.5
ORD-001696,2023-03-18,2023-03-21,Standard Class,CUST-00361,Corporate,Central,PROD-0196,Office Supplies,Paper,4,27.17,0.15,92.38,-2.51
ORD-001697,2023-11-03,2023-11-09,Standard Class,CUST-00394,Corporate,South,PROD-0197,Technology,Copiers,7,424.1,0.1,2671.83,562.99
ORD-001698,2024-08-16,2024-08-22,Standard Class,CUST-00162,Home Office,Central,PROD-0198,Technology,Copiers,2,678.64,0.0,1357.28,427.26
ORD-001699,2023-11-20,2023-11-23,Standard Class,CUST-00317,Consumer,West,PROD-0199,Technology,Machines,11,755.92,0.1,7483.61,633.71
ORD-001700,2025-08-29,2025-08-31,Standard Class,CUST-00152,Consumer,South,PROD-0200,Furniture,Bookcases,2,786.43,0.0,1572.86,71.03
ORD-001701,2026-01-28,2026-01-29,Second Class,CUST-00460,Corporate,West,PROD-0201,Office Supplies,Binders,10,547.33,0.0,5473.3,1481.61
ORD-001702,2024-07-13,2024-07-16,First Class,CUST-00196,Home Office,West,PROD-0202,Office Supplies,Art,6,370.37,0.1,2000.0,645.93
ORD-001703,2023-02-05,2023-02-07,Standard Class,CUST-00438,Home Office,East,PROD-0203,Furniture,Tables,6,431.56,0.15,2200.96,336.24
ORD-001704,2024-11-14,2024-11-19,Second Class,CUST-00298,Consumer,East,PROD-0204,Office Supplies,Binders,2,389.15,0.5,389.15,-0.52
ORD-001705,2024-07-12,2024-07-18,Standard Class,CUST-00649,Home Office,West,PROD-0205,Furniture,Bookcases,11,168.76,0.15,1577.91,325.05
ORD-001706,2024-05-21,2024-05-24,Same Day,CUST-00621,Consumer,Central,PROD-0206,Office Supplies,Labels,3,457.75,0.0,1373.25,495.83
ORD-001707,2025-01-19,2025-01-24,Second Class,CUST-00490,Consumer,South,PROD-0207,Office Supplies,Binders,1,522.01,0.0,522.01,1.33
ORD-001708,2024-09-10,2024-09-13,Standard Class,CUST-00339,Home Office,West,PROD-0208,Furniture,Furnishings,10,374.38,0.3,2620.66,262.47
ORD-001709,2024-10-04,2024-10-11,Standard Class,CUST-00070,Consumer,Central,PROD-0209,Technology,Accessories,9,496.09,0.2,3571.85,561.09
ORD-001710,2024-09-03,2024-09-07,Standard Class,CUST-00487,Consumer,West,PROD-0210,Furniture,Furnishings,10,262.1,0.0,2621.0,144.47
ORD-001711,2023-04-28,2023-04-30,Standard Class,CUST-00393,Corporate,East,PROD-0211,Office Supplies,Binders,1,160.78,0.0,160.78,59.89
ORD-001712,2024-09-19,2024-09-24,Second Class,CUST-00339,Corporate,East,PROD-0212,Technology,Phones,1,479.91,0.0,479.91,122.16
ORD-001713,2023-11-01,2023-11-07,Same Day,CUST-00405,Corporate,South,PROD-0213,Furniture,Furnishings,8,113.85,0.15,774.18,-51.19
ORD-001714,2025-05-07,2025-05-14,Standard Class,CUST-00611,Home Office,Central,PROD-0214,Office Supplies,Storage,7,88.76,0.0,621.32,34.14
ORD-001715,2026-05-03,2026-05-05,Standard Class,CUST-00558,Consumer,East,PROD-0215,Furniture,Furnishings,7,693.23,0.0,4852.61,1661.43
ORD-001716,2023-07-28,2023-08-03,Second Class,CUST-00345,Consumer,East,PROD-0216,Technology,Phones,2,382.11,0.2,611.38,-25.07
ORD-001717,2026-03-14,2026-03-17,Same Day,CUST-00018,Home Office,West,PROD-0217,Office Supplies,Binders,8,798.34,0.0,6386.72,1651.02
ORD-001718,2024-05-01,2024-05-08,Standard Class,CUST-00852,Home Office,Central,PROD-0218,Office Supplies,Art,9,392.19,0.0,3529.71,95.7
ORD-001719,2023-05-20,2023-05-27,Standard Class,CUST-00453,Corporate,East,PROD-0219,Technology,Copiers,2,590.64,0.2,945.02,363.74
ORD-001720,2026-01-02,2026-01-07,Standard Class,CUST-00660,Corporate,West,PROD-0220,Technology,Copiers,11,528.08,0.1,5227.99,1095.94
ORD-001721,2024-05-23,2024-05-26,Same Day,CUST-00445,Corporate,West,PROD-0221,Office Supplies,Paper,3,60.69,0.2,145.66,-11.8
ORD-001722,2023-06-01,2023-06-04,Standard Class,CUST-00640,Consumer,South,PROD-0222,Furniture,Furnishings,7,690.41,0.0,4832.87,1016.03
ORD-001723,2026-04-08,2026-04-15,First Class,CUST-00794,Consumer,East,PROD-0223,Technology,Copiers,3,216.18,0.0,648.54,46.05
ORD-001724,2026-05-09,2026-05-13,Standard Class,CUST-00890,Consumer,West,PROD-0224,Technology,Machines,11,405.43,0.1,4013.76,-122.11
ORD-001725,2025-07-06,2025-07-10,Standard Class,CUST-00624,Consumer,West,PROD-0225,Office Supplies,Art,9,866.74,0.1,7020.59,2052.13
ORD-001726,2025-01-09,2025-01-14,First Class,CUST-00291,Consumer,Central,PROD-0226,Technology,Copiers,7,560.53,0.0,3923.71,583.36
ORD-001727,2025-02-05,2025-02-12,Second Class,CUST-00024,Home Office,West,PROD-0227,Technology,Phones,6,561.45,0.0,3368.7,1297.65
ORD-001728,2024-05-26,2024-06-01,First Class,CUST-00767,Consumer,Central,PROD-0228,Office Supplies,Labels,7,315.25,0.0,2206.75,729.78
ORD-001729,2024-09-27,2024-09-29,Standard Class,CUST-00358,Home Office,West,PROD-0229,Furniture,Furnishings,7,192.23,0.1,1211.05,27.88
ORD-001730,2026-02-11,2026-02-18,Standard Class,CUST-00663,Consumer,South,PROD-0230,Furniture,Furnishings,4,195.35,0.0,781.4,131.99
ORD-001731,2023-09-19,2023-09-20,Standard Class,CUST-00802,Corporate,South,PROD-0231,Office Supplies,Art,9,273.87,0.15,2095.11,236.21
ORD-001732,2024-03-16,2024-03-17,Second Class,CUST-00166,Corporate,South,PROD-0232,Technology,Machines,4,674.04,0.2,2156.93,201.87
ORD-001733,2025-02-23,2025-02-28,Standard Class,CUST-00181,Corporate,West,PROD-0233,Office Supplies,Art,4,551.7,0.0,2206.8,382.18
ORD-001734,2026-03-09,2026-03-15,First Class,CUST-00274,Consumer,East,PROD-0234,Office Supplies,Storage,11,131.22,0.3,1010.39,195.9
ORD-001735,2025-10-14,2025-10-19,Standard Class,CUST-00621,Corporate,Central,PROD-0235,Office Supplies,Storage,1,86.49,0.0,86.49,3.67
ORD-001736,2023-01-30,2023-02-05,Standard Class,CUST-00397,Consumer,South,PROD-0236,Office Supplies,Art,9,891.13,0.0,8020.17,-660.88
ORD-001737,2025-10-05,2025-10-11,Standard Class,CUST-00011,Home Office,West,PROD-0237,Technology,Copiers,9,862.24,0.1,6984.14,2270.26
ORD-001738,2025-11-23,2025-11-26,Standard Class,CUST-00628,Consumer,West,PROD-0238,Office Supplies,Binders,5,740.02,0.0,3700.1,192.98
ORD-001739,2023-01-30,2023-01-31,Second Class,CUST-00448,Corporate,East,PROD-0239,Technology,Accessories,9,20.45,0.0,184.05,57.21
ORD-001740,2024-05-29,2024-06-03,First Class,CUST-00599,Consumer,Central,PROD-0240,Office Supplies,Art,8,673.64,0.0,5389.12,361.07
ORD-001741,2025-12-25,2025-12-29,Standard Class,CUST-00820,Corporate,East,PROD-0241,Technology,Copiers,7,678.99,0.1,4277.64,1524.13
ORD-001742,2024-06-09,2024-06-11,First Class,CUST-00073,Consumer,South,PROD-0242,Technology,Machines,3,361.53,0.0,1084.59,49.19
ORD-001743,2024-06-30,2024-07-03,First Class,CUST-00280,Consumer,East,PROD-0243,Furniture,Chairs,6,518.61,0.0,3111.66,193.82
ORD-001744,2025-03-14,2025-03-18,Second Class,CUST-00368,Consumer,East,PROD-0244,Technology,Machines,5,857.15,0.0,4285.75,1069.09
ORD-001745,2024-12-01,2024-12-06,Standard Class,CUST-00838,Home Office,West,PROD-0245,Technology,Machines,11,660.97,0.0,7270.67,622.61
ORD-001746,2024-09-05,2024-09-11,Second Class,CUST-00603,Consumer,Central,PROD-0246,Office Supplies,Art,8,208.85,0.0,1670.8,441.87
ORD-001747,2024-08-12,2024-08-19,Same Day,CUST-00414,Consumer,South,PROD-0247,Furniture,Chairs,9,141.66,0.0,1274.94,235.75
ORD-001748,2026-04-01,2026-04-04,Same Day,CUST-00455,Consumer,Central,PROD-0248,Technology,Machines,6,363.55,0.1,1963.17,598.26
ORD-001749,2023-02-20,2023-02-25,Standard Class,CUST-00582,Consumer,South,PROD-0249,Office Supplies,Binders,4,203.2,0.0,812.8,298.2
ORD-001750,2025-08-28,2025-08-29,Standard Class,CUST-00149,Consumer,Central,PROD-0250,Technology,Phones,1,320.47,0.0,320.47,-8.23
ORD-001751,2025-01-02,2025-01-08,First Class,CUST-00380,Home Office,West,PROD-0251,Office Supplies,Art,2,379.57,0.0,759.14,-38.64
ORD-001752,2023-05-09,2023-05-15,Standard Class,CUST-00686,Consumer,South,PROD-0252,Office Supplies,Binders,1,561.74,0.0,561.74,138.92
ORD-001753,2023-06-27,2023-06-29,Standard Class,CUST-00044,Consumer,West,PROD-0253,Technology,Accessories,1,179.13,0.15,152.26,-2.26
ORD-001754,2024-09-09,2024-09-16,Standard Class,CUST-00040,Home Office,Central,PROD-0254,Technology,Machines,11,634.14,0.0,6975.54,-641.47
ORD-001755,2024-06-08,2024-06-15,Standard Class,CUST-00350,Corporate,Central,PROD-0255,Furniture,Furnishings,9,189.86,0.0,1708.74,461.48
ORD-001756,2023-04-04,2023-04-07,Standard Class,CUST-00214,Home Office,Central,PROD-0256,Office Supplies,Art,6,386.83,0.0,2320.98,424.31
ORD-001757,2024-07-08,2024-07-13,Second Class,CUST-00833,Home Office,West,PROD-0257,Furniture,Furnishings,4,451.68,0.1,1626.05,371.37
ORD-001758,2025-04-08,2025-04-15,Standard Class,CUST-00464,Consumer,West,PROD-0258,Office Supplies,Binders,8,771.44,0.0,6171.52,501.31
ORD-001759,2025-03-17,2025-03-24,Standard Class,CUST-00298,Corporate,South,PROD-0259,Office Supplies,Storage,9,344.79,0.0,3103.11,297.51
ORD-001760,2023-05-06,2023-05-10,Second Class,CUST-00222,Consumer,South,PROD-0260,Office Supplies,Storage,8,404.87,0.15,2753.12,59.87
ORD-001761,2024-06-11,2024-06-15,First Class,CUST-00205,Consumer,South,PROD-0261,Office Supplies,Labels,1,392.82,0.0,392.82,-27.09
ORD-001762,2024-04-20,2024-04-22,Standard Class,CUST-00038,Corporate,Central,PROD-0262,Office Supplies,Storage,1,358.58,0.1,322.72,119.34
ORD-001763,2024-06-02,2024-06-04,First Class,CUST-00579,Corporate,West,PROD-0263,Office Supplies,Binders,10,18.08,0.1,162.72,-6.76
ORD-001764,2024-09-01,2024-09-07,Second Class,CUST-00114,Consumer,East,PROD-0264,Technology,Accessories,8,661.06,0.1,4759.63,-71.4
ORD-001765,2024-10-17,2024-10-21,Standard Class,CUST-00302,Consumer,East,PROD-0265,Office Supplies,Labels,9,558.02,0.1,4519.96,32.38
ORD-001766,2025-02-18,2025-02-23,Second Class,CUST-00751,Corporate,South,PROD-0266,Office Supplies,Art,10,704.03,0.1,6336.27,1444.14
ORD-001767,2023-04-09,2023-04-10,First Class,CUST-00081,Consumer,East,PROD-0267,Office Supplies,Paper,5,511.1,0.0,2555.5,917.52
ORD-001768,2026-01-09,2026-01-12,Standard Class,CUST-00293,Consumer,West,PROD-0268,Furniture,Chairs,10,227.51,0.0,2275.1,708.37
ORD-001769,2024-01-23,2024-01-30,Standard Class,CUST-00189,Consumer,West,PROD-0269,Technology,Accessories,6,305.29,0.0,1831.74,62.01
ORD-001770,2025-01-29,2025-02-04,Standard Class,CUST-00364,Corporate,Central,PROD-0270,Office Supplies,Paper,2,174.94,0.1,314.89,20.95
ORD-001771,2024-06-22,2024-06-28,Standard Class,CUST-00177,Consumer,South,PROD-0271,Furniture,Furnishings,2,396.19,0.0,792.38,7.9
ORD-001772,2025-09-11,2025-09-17,Second Class,CUST-00063,Corporate,West,PROD-0272,Technology,Machines,9,266.26,0.0,2396.34,-107.31
ORD-001773,2026-04-14,2026-04-18,Standard Class,CUST-00620,Consumer,West,PROD-0273,Office Supplies,Storage,6,351.6,0.0,2109.6,828.15
ORD-001774,2023-06-09,2023-06-15,First Class,CUST-00328,Consumer,West,PROD-0274,Office Supplies,Paper,1,289.16,0.0,289.16,-9.29
ORD-001775,2024-09-11,2024-09-16,Standard Class,CUST-00107,Corporate,East,PROD-0275,Office Supplies,Paper,4,726.59,0.15,2470.41,675.89
ORD-001776,2026-03-16,2026-03-17,Standard Class,CUST-00082,Consumer,South,PROD-0276,Office Supplies,Paper,4,408.77,0.0,1635.08,-104.16
ORD-001777,2023-03-25,2023-03-26,First Class,CUST-00153,Corporate,Central,PROD-0277,Office Supplies,Paper,5,63.09,0.0,315.45,-8.56
ORD-001778,2024-01-12,2024-01-17,Second Class,CUST-00331,Consumer,South,PROD-0278,Office Supplies,Art,5,22.12,0.5,55.3,4.62
ORD-001779,2025-04-03,2025-04-05,Standard Class,CUST-00259,Consumer,Central,PROD-0279,Office Supplies,Labels,2,801.09,0.1,1441.96,-39.35
ORD-001780,2024-05-29,2024-05-30,Same Day,CUST-00258,Consumer,West,PROD-0280,Technology,Accessories,4,388.6,0.15,1321.24,-73.57
ORD-001781,2025-09-24,2025-09-28,Standard Class,CUST-00015,Consumer,Central,PROD-0281,Furniture,Furnishings,6,729.2,0.0,4375.2,951.42
ORD-001782,2026-02-28,2026-03-06,First Class,CUST-00185,Home Office,West,PROD-0282,Technology,Phones,7,536.52,0.0,3755.64,615.82
ORD-001783,2025-11-01,2025-11-02,Standard Class,CUST-00756,Corporate,South,PROD-0283,Furniture,Furnishings,5,847.39,0.1,3813.26,650.36
ORD-001784,2023-12-11,2023-12-13,First Class,CUST-00175,Consumer,West,PROD-0284,Office Supplies,Paper,10,175.25,0.1,1577.25,595.74
ORD-001785,2026-06-26,2026-06-30,Second Class,CUST-00340,Corporate,East,PROD-0285,Technology,Copiers,9,446.25,0.1,3614.62,1359.28
ORD-001786,2023-01-15,2023-01-16,Standard Class,CUST-00160,Consumer,East,PROD-0286,Furniture,Furnishings,6,643.98,0.15,3284.3,482.96
ORD-001787,2024-08-31,2024-09-03,Second Class,CUST-00298,Consumer,Central,PROD-0287,Office Supplies,Paper,5,230.25,0.0,1151.25,-26.5
ORD-001788,2023-06-28,2023-07-02,Standard Class,CUST-00836,Corporate,West,PROD-0288,Office Supplies,Binders,4,543.83,0.1,1957.79,684.06
ORD-001789,2026-03-06,2026-03-08,Second Class,CUST-00419,Consumer,South,PROD-0289,Technology,Copiers,10,709.9,0.0,7099.0,-507.98
ORD-001790,2023-06-01,2023-06-02,Standard Class,CUST-00213,Consumer,West,PROD-0290,Technology,Copiers,5,242.47,0.1,1091.12,195.86
ORD-001791,2024-02-15,2024-02-16,Standard Class,CUST-00585,Corporate,East,PROD-0291,Office Supplies,Labels,5,705.28,0.1,3173.76,-27.55
ORD-001792,2023-01-16,2023-01-21,Second Class,CUST-00593,Consumer,West,PROD-0292,Technology,Accessories,2,707.66,0.0,1415.32,380.59
ORD-001793,2026-01-25,2026-02-01,Standard Class,CUST-00835,Corporate,East,PROD-0293,Technology,Machines,1,447.92,0.0,447.92,91.51
ORD-001794,2025-07-06,2025-07-12,Standard Class,CUST-00234,Consumer,South,PROD-0294,Office Supplies,Paper,6,854.44,0.5,2563.32,364.2
ORD-001795,2024-09-15,2024-09-16,Second Class,CUST-00838,Home Office,West,PROD-0295,Office Supplies,Art,9,577.44,0.0,5196.96,669.83
ORD-001796,2026-03-07,2026-03-11,Standard Class,CUST-00462,Corporate,West,PROD-0296,Technology,Machines,5,862.68,0.2,3450.72,-209.64
ORD-001797,2024-09-27,2024-09-30,Second Class,CUST-00230,Consumer,East,PROD-0297,Office Supplies,Storage,2,217.37,0.0,434.74,171.43
ORD-001798,2024-02-26,2024-03-03,Standard Class,CUST-00791,Consumer,West,PROD-0298,Office Supplies,Paper,9,891.39,0.1,7220.26,-263.11
ORD-001799,2026-05-20,2026-05-21,Standard Class,CUST-00429,Corporate,East,PROD-0299,Office Supplies,Labels,1,642.59,0.0,642.59,118.96
ORD-001800,2026-03-18,2026-03-24,Same Day,CUST-00075,Consumer,West,PROD-0300,Technology,Accessories,5,319.21,0.2,1276.84,481.93
ORD-001801,2023-11-04,2023-11-08,Standard Class,CUST-00729,Corporate,South,PROD-0001,Technology,Phones,10,815.89,0.0,8158.9,-558.82
ORD-001802,2026-03-23,2026-03-30,Standard Class,CUST-00186,Consumer,East,PROD-0002,Technology,Phones,9,146.18,0.0,1315.62,488.52
ORD-001803,2024-03-31,2024-04-03,Standard Class,CUST-00207,Home Office,East,PROD-0003,Technology,Accessories,7,662.37,0.2,3709.27,623.81
ORD-001804,2024-04-06,2024-04-10,Standard Class,CUST-00730,Consumer,East,PROD-0004,Office Supplies,Storage,2,810.86,0.0,1621.72,-10.79
ORD-001805,2023-06-14,2023-06-21,Second Class,CUST-00075,Home Office,South,PROD-0005,Office Supplies,Labels,1,374.04,0.0,374.04,103.9
ORD-001806,2023-09-27,2023-10-02,Standard Class,CUST-00690,Consumer,South,PROD-0006,Office Supplies,Art,6,177.84,0.0,1067.04,375.28
ORD-001807,2025-04-18,2025-04-24,Same Day,CUST-00517,Corporate,South,PROD-0007,Office Supplies,Art,5,277.43,0.0,1387.15,196.68
ORD-001808,2025-01-04,2025-01-10,Second Class,CUST-00339,Corporate,South,PROD-0008,Office Supplies,Storage,4,537.8,0.0,2151.2,119.8
ORD-001809,2025-07-14,2025-07-21,First Class,CUST-00291,Corporate,East,PROD-0009,Office Supplies,Storage,10,170.67,0.3,1194.69,309.02
ORD-001810,2025-05-12,2025-05-18,Standard Class,CUST-00129,Corporate,East,PROD-0010,Furniture,Tables,1,389.02,0.0,389.02,7.0
ORD-001811,2023-07-01,2023-07-05,Standard Class,CUST-00766,Consumer,Central,PROD-0011,Furniture,Bookcases,7,181.86,0.3,891.11,-32.26
ORD-001812,2023-05-27,2023-05-28,Standard Class,CUST-00682,Home Office,East,PROD-0012,Furniture,Chairs,11,849.37,0.0,9343.07,123.04
ORD-001813,2023-12-28,2023-12-29,Standard Class,CUST-00780,Consumer,East,PROD-0013,Office Supplies,Paper,1,62.63,0.0,62.63,12.74
ORD-001814,2024-05-07,2024-05-08,First Class,CUST-00269,Consumer,East,PROD-0014,Office Supplies,Art,4,390.45,0.0,1561.8,401.59
ORD-001815,2024-09-21,2024-09-25,Standard Class,CUST-00347,Corporate,South,PROD-0015,Furniture,Tables,8,30.61,0.2,195.9,22.6
ORD-001816,2023-12-02,2023-12-09,Standard Class,CUST-00285,Consumer,Central,PROD-0016,Office Supplies,Binders,2,517.83,0.5,517.83,170.63
ORD-001817,2025-04-19,2025-04-22,First Class,CUST-00756,Consumer,East,PROD-0017,Office Supplies,Art,10,554.1,0.0,5541.0,-304.55
ORD-001818,2023-11-08,2023-11-14,First Class,CUST-00791,Consumer,West,PROD-0018,Furniture,Chairs,10,266.67,0.0,2666.7,789.63
ORD-001819,2024-11-22,2024-11-24,Standard Class,CUST-00253,Corporate,East,PROD-0019,Furniture,Chairs,7,861.95,0.3,4223.56,167.58
ORD-001820,2025-04-17,2025-04-20,Standard Class,CUST-00165,Consumer,East,PROD-0020,Office Supplies,Paper,8,265.65,0.15,1806.42,254.22
ORD-001821,2024-09-10,2024-09-12,Second Class,CUST-00220,Corporate,Central,PROD-0021,Office Supplies,Art,8,626.38,0.3,3507.73,746.57
ORD-001822,2026-03-30,2026-04-06,First Class,CUST-00563,Corporate,West,PROD-0022,Office Supplies,Labels,6,555.33,0.1,2998.78,1022.75
ORD-001823,2024-11-04,2024-11-09,Standard Class,CUST-00837,Consumer,East,PROD-0023,Technology,Accessories,5,841.7,0.0,4208.5,87.99
ORD-001824,2026-03-18,2026-03-24,Standard Class,CUST-00331,Home Office,West,PROD-0024,Office Supplies,Binders,8,54.19,0.3,303.46,54.74
ORD-001825,2024-05-03,2024-05-10,Standard Class,CUST-00650,Consumer,Central,PROD-0025,Office Supplies,Paper,8,467.85,0.0,3742.8,-131.2
ORD-001826,2023-08-31,2023-09-01,Standard Class,CUST-00657,Corporate,South,PROD-0026,Office Supplies,Art,10,558.13,0.0,5581.3,542.06
ORD-001827,2026-06-15,2026-06-16,Same Day,CUST-00365,Consumer,Central,PROD-0027,Technology,Phones,1,732.86,0.1,659.57,122.03
ORD-001828,2023-08-01,2023-08-08,Standard Class,CUST-00367,Consumer,West,PROD-0028,Technology,Phones,7,200.3,0.0,1402.1,204.55
ORD-001829,2023-01-04,2023-01-10,Standard Class,CUST-00155,Home Office,West,PROD-0029,Furniture,Chairs,3,578.89,0.0,1736.67,463.54
ORD-001830,2024-08-14,2024-08-21,Standard Class,CUST-00280,Corporate,East,PROD-0030,Furniture,Chairs,8,77.44,0.1,557.57,-17.98
ORD-001831,2025-01-04,2025-01-07,Second Class,CUST-00363,Home Office,South,PROD-0031,Office Supplies,Storage,9,784.47,0.0,7060.23,1218.78
ORD-001832,2023-04-26,2023-05-01,Second Class,CUST-00012,Corporate,East,PROD-0032,Office Supplies,Binders,8,461.54,0.0,3692.32,655.83
ORD-001833,2024-09-27,2024-10-04,Standard Class,CUST-00063,Consumer,East,PROD-0033,Office Supplies,Paper,8,599.01,0.5,2396.04,746.91
ORD-001834,2025-12-12,2025-12-16,Standard Class,CUST-00267,Home Office,West,PROD-0034,Office Supplies,Labels,9,431.0,0.0,3879.0,999.29
ORD-001835,2024-06-14,2024-06-18,Second Class,CUST-00316,Home Office,West,PROD-0035,Office Supplies,Paper,4,565.15,0.1,2034.54,54.0
ORD-001836,2025-07-04,2025-07-10,Second Class,CUST-00065,Corporate,South,PROD-0036,Office Supplies,Art,8,794.07,0.0,6352.56,-441.18
ORD-001837,2023-07-09,2023-07-11,First Class,CUST-00445,Home Office,Central,PROD-0037,Office Supplies,Art,5,729.64,0.15,3100.97,788.74
ORD-001838,2023-06-29,2023-07-04,Standard Class,CUST-00331,Consumer,South,PROD-0038,Technology,Phones,4,803.36,0.2,2570.75,1025.61
ORD-001839,2025-06-26,2025-07-01,Second Class,CUST-00193,Consumer,South,PROD-0039,Technology,Phones,6,844.93,0.2,4055.66,1356.0
ORD-001840,2025-11-08,2025-11-10,Standard Class,CUST-00625,Home Office,East,PROD-0040,Office Supplies,Storage,2,258.09,0.0,516.18,189.58
ORD-001841,2026-02-21,2026-02-25,Standard Class,CUST-00320,Consumer,East,PROD-0041,Office Supplies,Storage,5,874.14,0.0,4370.7,-157.77
ORD-001842,2024-10-05,2024-10-12,Standard Class,CUST-00179,Consumer,East,PROD-0042,Technology,Phones,9,445.76,0.0,4011.84,1025.27
ORD-001843,2025-11-25,2025-12-02,Standard Class,CUST-00769,Consumer,South,PROD-0043,Technology,Accessories,3,177.91,0.0,533.73,174.08
ORD-001844,2024-12-23,2024-12-29,Standard Class,CUST-00454,Consumer,West,PROD-0044,Office Supplies,Paper,11,653.15,0.15,6106.95,2051.67
ORD-001845,2024-03-13,2024-03-18,Standard Class,CUST-00281,Consumer,Central,PROD-0045,Technology,Accessories,7,895.48,0.0,6268.36,1641.31
ORD-001846,2023-08-20,2023-08-21,Second Class,CUST-00690,Consumer,Central,PROD-0046,Office Supplies,Binders,8,208.79,0.2,1336.26,94.57
ORD-001847,2024-01-27,2024-02-02,Standard Class,CUST-00056,Consumer,East,PROD-0047,Technology,Phones,8,297.63,0.1,2142.94,493.0
ORD-001848,2025-11-12,2025-11-18,Second Class,CUST-00177,Consumer,East,PROD-0048,Furniture,Bookcases,3,287.63,0.15,733.46,172.68
ORD-001849,2024-07-10,2024-07-16,Same Day,CUST-00077,Corporate,West,PROD-0049,Furniture,Tables,4,343.13,0.0,1372.52,-40.24
ORD-001850,2025-06-07,2025-06-08,Second Class,CUST-00487,Home Office,West,PROD-0050,Office Supplies,Art,11,300.29,0.2,2642.55,-122.11
ORD-001851,2025-10-20,2025-10-27,Standard Class,CUST-00451,Consumer,Central,PROD-0051,Furniture,Bookcases,7,119.06,0.0,833.42,-14.84
ORD-001852,2025-02-06,2025-02-13,Standard Class,CUST-00147,Consumer,East,PROD-0052,Office Supplies,Labels,10,802.12,0.1,7219.08,2852.25
ORD-001853,2023-04-11,2023-04-14,Second Class,CUST-00596,Corporate,East,PROD-0053,Furniture,Bookcases,1,708.59,0.0,708.59,-5.7
ORD-001854,2025-08-27,2025-08-29,Second Class,CUST-00310,Consumer,Central,PROD-0054,Office Supplies,Binders,7,93.87,0.1,591.38,49.7
ORD-001855,2025-11-17,2025-11-18,Second Class,CUST-00413,Consumer,South,PROD-0055,Furniture,Chairs,7,136.59,0.0,956.13,11.65
ORD-001856,2025-12-07,2025-12-13,Standard Class,CUST-00061,Corporate,Central,PROD-0056,Technology,Copiers,4,153.89,0.0,615.56,35.37
ORD-001857,2023-12-15,2023-12-16,First Class,CUST-00146,Home Office,West,PROD-0057,Furniture,Chairs,3,304.56,0.0,913.68,0.59
ORD-001858,2023-02-28,2023-03-01,Standard Class,CUST-00703,Home Office,East,PROD-0058,Technology,Machines,2,776.88,0.0,1553.76,178.6
ORD-001859,2026-06-12,2026-06-17,Standard Class,CUST-00069,Consumer,East,PROD-0059,Office Supplies,Labels,6,215.51,0.0,1293.06,-47.97
ORD-001860,2024-07-07,2024-07-09,Second Class,CUST-00747,Corporate,West,PROD-0060,Furniture,Chairs,11,606.02,0.0,6666.22,487.06
ORD-001861,2026-02-07,2026-02-09,Standard Class,CUST-00507,Consumer,South,PROD-0061,Technology,Accessories,2,771.74,0.0,1543.48,-118.25
ORD-001862,2024-07-10,2024-07-16,Standard Class,CUST-00728,Corporate,East,PROD-0062,Furniture,Tables,8,751.94,0.1,5413.97,-381.01
ORD-001863,2026-05-07,2026-05-10,Standard Class,CUST-00219,Home Office,South,PROD-0063,Office Supplies,Binders,6,222.26,0.0,1333.56,223.11
ORD-001864,2023-07-21,2023-07-23,Standard Class,CUST-00523,Consumer,Central,PROD-0064,Office Supplies,Art,5,102.79,0.0,513.95,145.01
ORD-001865,2026-06-02,2026-06-06,Second Class,CUST-00483,Consumer,South,PROD-0065,Office Supplies,Labels,5,234.22,0.0,1171.1,-0.06
ORD-001866,2024-04-16,2024-04-19,Standard Class,CUST-00313,Consumer,South,PROD-0066,Technology,Copiers,5,334.83,0.0,1674.15,455.62
ORD-001867,2026-03-14,2026-03-17,Standard Class,CUST-00450,Home Office,South,PROD-0067,Technology,Machines,6,676.99,0.1,3655.75,1117.14
ORD-001868,2024-11-19,2024-11-22,Standard Class,CUST-00171,Consumer,East,PROD-0068,Technology,Copiers,6,243.49,0.0,1460.94,503.26
ORD-001869,2023-06-22,2023-06-29,Standard Class,CUST-00063,Corporate,Central,PROD-0069,Technology,Accessories,9,119.63,0.0,1076.67,231.61
ORD-001870,2025-05-26,2025-05-27,Standard Class,CUST-00825,Consumer,Central,PROD-0070,Furniture,Tables,7,584.74,0.1,3683.86,803.08
ORD-001871,2025-06-02,2025-06-06,Standard Class,CUST-00139,Home Office,South,PROD-0071,Furniture,Bookcases,5,15.31,0.0,76.55,-3.85
ORD-001872,2026-05-03,2026-05-05,Second Class,CUST-00179,Consumer,West,PROD-0072,Office Supplies,Paper,5,451.86,0.0,2259.3,815.07
ORD-001873,2026-03-18,2026-03-22,Standard Class,CUST-00884,Corporate,West,PROD-0073,Office Supplies,Art,4,745.14,0.0,2980.56,891.11
ORD-001874,2025-10-23,2025-10-30,Standard Class,CUST-00099,Consumer,Central,PROD-0074,Technology,Copiers,11,314.57,0.1,3114.24,450.93
ORD-001875,2023-03-09,2023-03-12,First Class,CUST-00286,Home Office,South,PROD-0075,Technology,Copiers,5,748.75,0.1,3369.38,1285.06
ORD-001876,2023-07-05,2023-07-11,First Class,CUST-00469,Home Office,Central,PROD-0076,Office Supplies,Art,10,89.48,0.1,805.32,55.14
ORD-001877,2023-03-01,2023-03-03,Standard Class,CUST-00336,Corporate,East,PROD-0077,Furniture,Furnishings,9,548.04,0.0,4932.36,1425.42
ORD-001878,2023-03-12,2023-03-13,Standard Class,CUST-00023,Corporate,South,PROD-0078,Technology,Copiers,5,288.54,0.2,1154.16,-96.93
ORD-001879,2026-03-02,2026-03-09,Standard Class,CUST-00275,Consumer,East,PROD-0079,Furniture,Tables,5,424.53,0.0,2122.65,-76.25
ORD-001880,2025-09-30,2025-10-04,First Class,CUST-00777,Consumer,East,PROD-0080,Office Supplies,Storage,4,260.25,0.0,1041.0,290.99
ORD-001881,2025-02-06,2025-02-09,Standard Class,CUST-00505,Corporate,South,PROD-0081,Office Supplies,Binders,6,331.07,0.1,1787.78,240.11
ORD-001882,2023-12-29,2024-01-03,Standard Class,CUST-00037,Corporate,South,PROD-0082,Technology,Phones,8,106.43,0.1,766.3,305.61
ORD-001883,2025-02-24,2025-03-01,Standard Class,CUST-00764,Consumer,Central,PROD-0083,Office Supplies,Paper,2,871.06,0.0,1742.12,0.2
ORD-001884,2024-02-17,2024-02-21,Standard Class,CUST-00724,Consumer,East,PROD-0084,Technology,Copiers,9,372.65,0.0,3353.85,439.32
ORD-001885,2024-03-09,2024-03-12,Standard Class,CUST-00284,Home Office,Central,PROD-0085,Technology,Copiers,9,669.62,0.15,5122.59,666.2
ORD-001886,2024-08-25,2024-08-29,First Class,CUST-00801,Corporate,Central,PROD-0086,Technology,Copiers,8,9.16,0.0,73.28,28.57
ORD-001887,2024-12-05,2024-12-12,First Class,CUST-00720,Consumer,South,PROD-0087,Office Supplies,Labels,11,267.15,0.1,2644.78,766.87
ORD-001888,2023-08-10,2023-08-11,Second Class,CUST-00199,Consumer,East,PROD-0088,Office Supplies,Art,6,396.7,0.2,1904.16,-142.65
ORD-001889,2024-07-04,2024-07-07,Standard Class,CUST-00097,Consumer,West,PROD-0089,Technology,Machines,3,104.5,0.0,313.5,75.5
ORD-001890,2023-03-29,2023-04-02,Standard Class,CUST-00041,Consumer,Central,PROD-0090,Technology,Copiers,11,753.39,0.0,8287.29,830.16
ORD-001891,2025-01-12,2025-01-15,Second Class,CUST-00214,Consumer,West,PROD-0091,Furniture,Chairs,5,454.34,0.0,2271.7,488.91
ORD-001892,2023-09-26,2023-09-27,Second Class,CUST-00548,Consumer,West,PROD-0092,Office Supplies,Storage,6,434.77,0.0,2608.62,235.93
ORD-001893,2023-04-02,2023-04-05,Standard Class,CUST-00199,Consumer,Central,PROD-0093,Furniture,Furnishings,3,296.08,0.0,888.24,7.04
ORD-001894,2025-03-13,2025-03-17,Standard Class,CUST-00772,Corporate,West,PROD-0094,Office Supplies,Labels,1,296.01,0.1,266.41,84.45
ORD-001895,2025-08-24,2025-08-31,Standard Class,CUST-00623,Home Office,Central,PROD-0095,Technology,Copiers,5,366.48,0.15,1557.54,316.11
ORD-001896,2023-06-25,2023-06-29,Second Class,CUST-00688,Consumer,West,PROD-0096,Technology,Accessories,11,440.52,0.3,3392.0,903.43
ORD-001897,2023-10-15,2023-10-22,Standard Class,CUST-00143,Home Office,West,PROD-0097,Technology,Machines,10,282.47,0.1,2542.23,696.02
ORD-001898,2025-10-17,2025-10-23,Standard Class,CUST-00619,Consumer,South,PROD-0098,Office Supplies,Paper,10,676.02,0.2,5408.16,-460.48
ORD-001899,2025-10-23,2025-10-25,Standard Class,CUST-00477,Consumer,Central,PROD-0099,Furniture,Chairs,3,700.31,0.15,1785.79,378.34
ORD-001900,2023-08-25,2023-08-30,Standard Class,CUST-00537,Corporate,West,PROD-0100,Office Supplies,Storage,11,546.93,0.0,6016.23,1121.02
ORD-001901,2025-05-31,2025-06-03,Second Class,CUST-00638,Consumer,West,PROD-0101,Technology,Phones,1,687.67,0.0,687.67,193.5
ORD-001902,2024-10-08,2024-10-13,Standard Class,CUST-00302,Home Office,West,PROD-0102,Technology,Phones,3,102.06,0.1,275.56,-8.03
ORD-001903,2023-08-11,2023-08-14,Standard Class,CUST-00545,Corporate,Central,PROD-0103,Technology,Copiers,4,301.11,0.0,1204.44,327.2
ORD-001904,2023-07-05,2023-07-11,Standard Class,CUST-00587,Corporate,East,PROD-0104,Office Supplies,Art,7,242.34,0.2,1357.1,-87.24
ORD-001905,2023-04-07,2023-04-10,Standard Class,CUST-00403,Home Office,East,PROD-0105,Office Supplies,Storage,5,138.03,0.0,690.15,47.31
ORD-001906,2025-08-16,2025-08-22,First Class,CUST-00134,Corporate,West,PROD-0106,Technology,Phones,9,89.23,0.0,803.07,121.89
ORD-001907,2025-05-20,2025-05-26,Standard Class,CUST-00444,Home Office,West,PROD-0107,Technology,Accessories,11,66.42,0.1,657.56,189.8
ORD-001908,2024-11-04,2024-11-06,Standard Class,CUST-00505,Corporate,South,PROD-0108,Technology,Copiers,3,820.89,0.0,2462.67,593.13
ORD-001909,2023-09-16,2023-09-17,Second Class,CUST-00292,Home Office,East,PROD-0109,Furniture,Furnishings,9,199.59,0.0,1796.31,67.43
ORD-001910,2023-06-28,2023-06-29,Standard Class,CUST-00355,Consumer,South,PROD-0110,Office Supplies,Labels,1,854.89,0.0,854.89,216.74
ORD-001911,2025-05-12,2025-05-13,Second Class,CUST-00068,Corporate,West,PROD-0111,Technology,Machines,11,284.4,0.1,2815.56,9.57
ORD-001912,2025-12-31,2026-01-05,Standard Class,CUST-00105,Consumer,West,PROD-0112,Technology,Machines,11,670.31,0.2,5898.73,1329.69
ORD-001913,2026-02-25,2026-02-26,First Class,CUST-00568,Consumer,South,PROD-0113,Furniture,Tables,1,490.91,0.0,490.91,66.32
ORD-001914,2023-05-26,2023-05-27,Standard Class,CUST-00650,Consumer,West,PROD-0114,Furniture,Chairs,11,387.42,0.0,4261.62,113.68
ORD-001915,2023-05-12,2023-05-19,Standard Class,CUST-00533,Consumer,West,PROD-0115,Technology,Accessories,5,230.75,0.0,1153.75,168.7
ORD-001916,2024-05-03,2024-05-07,Standard Class,CUST-00385,Home Office,South,PROD-0116,Office Supplies,Labels,8,456.74,0.0,3653.92,-46.33
ORD-001917,2026-02-16,2026-02-21,Standard Class,CUST-00068,Consumer,West,PROD-0117,Office Supplies,Binders,3,652.55,0.0,1957.65,459.19
ORD-001918,2024-10-01,2024-10-02,Standard Class,CUST-00395,Consumer,Central,PROD-0118,Technology,Copiers,8,64.41,0.0,515.28,40.87
ORD-001919,2024-12-21,2024-12-23,Standard Class,CUST-00031,Home Office,South,PROD-0119,Technology,Phones,8,659.47,0.1,4748.18,102.22
ORD-001920,2025-07-16,2025-07-19,First Class,CUST-00237,Consumer,Central,PROD-0120,Furniture,Bookcases,4,34.88,0.0,139.52,53.46
ORD-001921,2023-12-27,2023-12-29,Standard Class,CUST-00870,Consumer,Central,PROD-0121,Furniture,Furnishings,7,315.39,0.1,1986.96,-109.18
ORD-001922,2025-07-18,2025-07-20,Standard Class,CUST-00558,Consumer,Central,PROD-0122,Office Supplies,Paper,2,193.64,0.15,329.19,-3.8
ORD-001923,2026-04-20,2026-04-21,Standard Class,CUST-00375,Consumer,West,PROD-0123,Office Supplies,Paper,1,274.06,0.1,246.65,54.89
ORD-001924,2025-11-24,2025-11-28,Standard Class,CUST-00079,Consumer,West,PROD-0124,Furniture,Bookcases,1,17.51,0.0,17.51,5.43
ORD-001925,2024-10-05,2024-10-12,Standard Class,CUST-00790,Consumer,Central,PROD-0125,Office Supplies,Labels,11,581.54,0.1,5757.25,838.99
ORD-001926,2025-09-13,2025-09-15,Standard Class,CUST-00876,Home Office,West,PROD-0126,Technology,Copiers,7,615.91,0.0,4311.37,108.87
ORD-001927,2025-06-25,2025-06-27,Standard Class,CUST-00503,Home Office,Central,PROD-0127,Technology,Accessories,8,470.2,0.0,3761.6,181.4
ORD-001928,2026-06-18,2026-06-25,First Class,CUST-00771,Home Office,West,PROD-0128,Technology,Accessories,6,90.17,0.0,541.02,200.76
ORD-001929,2023-02-01,2023-02-04,Standard Class,CUST-00578,Corporate,South,PROD-0129,Furniture,Bookcases,10,418.51,0.0,4185.1,805.62
ORD-001930,2023-10-05,2023-10-07,Standard Class,CUST-00591,Home Office,Central,PROD-0130,Technology,Machines,5,574.78,0.0,2873.9,646.14
ORD-001931,2023-04-14,2023-04-20,First Class,CUST-00492,Consumer,East,PROD-0131,Office Supplies,Labels,4,889.76,0.15,3025.18,-180.73
ORD-001932,2023-12-09,2023-12-12,Standard Class,CUST-00412,Consumer,South,PROD-0132,Office Supplies,Storage,11,741.07,0.0,8151.77,709.63
ORD-001933,2023-05-04,2023-05-08,Standard Class,CUST-00800,Consumer,Central,PROD-0133,Office Supplies,Labels,7,353.69,0.0,2475.83,864.4
ORD-001934,2025-01-07,2025-01-12,Standard Class,CUST-00651,Consumer,Central,PROD-0134,Office Supplies,Labels,8,499.71,0.15,3398.03,-195.73
ORD-001935,2023-05-03,2023-05-06,Standard Class,CUST-00295,Consumer,South,PROD-0135,Furniture,Furnishings,11,681.03,0.1,6742.2,600.16
ORD-001936,2024-06-18,2024-06-24,Standard Class,CUST-00651,Consumer,South,PROD-0136,Furniture,Tables,2,151.38,0.1,272.48,97.59
ORD-001937,2026-06-13,2026-06-15,Standard Class,CUST-00473,Corporate,East,PROD-0137,Technology,Machines,4,598.41,0.3,1675.55,209.62
ORD-001938,2026-06-05,2026-06-11,Second Class,CUST-00812,Consumer,Central,PROD-0138,Office Supplies,Labels,1,27.77,0.1,24.99,1.63
ORD-001939,2025-01-24,2025-01-28,Standard Class,CUST-00334,Consumer,East,PROD-0139,Office Supplies,Labels,5,289.21,0.0,1446.05,-141.44
ORD-001940,2025-04-06,2025-04-12,Second Class,CUST-00465,Home Office,East,PROD-0140,Technology,Accessories,3,110.36,0.2,264.86,56.95
ORD-001941,2024-04-23,2024-04-30,Standard Class,CUST-00290,Consumer,South,PROD-0141,Technology,Copiers,6,594.0,0.0,3564.0,895.44
ORD-001942,2023-05-16,2023-05-23,Standard Class,CUST-00714,Consumer,East,PROD-0142,Furniture,Furnishings,1,93.84,0.2,75.07,11.5
ORD-001943,2023-04-25,2023-04-27,Standard Class,CUST-00626,Corporate,East,PROD-0143,Office Supplies,Paper,4,215.77,0.0,863.08,-56.74
ORD-001944,2024-05-12,2024-05-13,Second Class,CUST-00300,Consumer,East,PROD-0144,Furniture,Chairs,3,101.79,0.1,274.83,99.48
ORD-001945,2025-02-18,2025-02-19,Standard Class,CUST-00678,Consumer,West,PROD-0145,Office Supplies,Storage,7,564.2,0.0,3949.4,362.78
ORD-001946,2025-05-21,2025-05-24,Standard Class,CUST-00031,Consumer,East,PROD-0146,Office Supplies,Paper,6,45.42,0.0,272.52,80.22
ORD-001947,2023-09-27,2023-09-29,First Class,CUST-00068,Corporate,West,PROD-0147,Office Supplies,Paper,10,352.03,0.0,3520.3,171.9
ORD-001948,2023-05-08,2023-05-13,Standard Class,CUST-00229,Corporate,Central,PROD-0148,Office Supplies,Art,10,821.36,0.2,6570.88,2532.41
ORD-001949,2025-03-22,2025-03-25,Standard Class,CUST-00399,Home Office,West,PROD-0149,Office Supplies,Art,11,546.89,0.1,5414.21,327.49
ORD-001950,2026-06-27,2026-07-04,Standard Class,CUST-00527,Consumer,West,PROD-0150,Office Supplies,Storage,11,96.39,0.1,954.26,-61.58
ORD-001951,2023-12-03,2023-12-04,Standard Class,CUST-00280,Corporate,South,PROD-0151,Furniture,Bookcases,9,855.04,0.0,7695.36,2279.41
ORD-001952,2023-09-04,2023-09-10,Standard Class,CUST-00572,Consumer,Central,PROD-0152,Office Supplies,Labels,8,422.51,0.2,2704.06,249.56
ORD-001953,2025-07-30,2025-08-01,Second Class,CUST-00657,Consumer,West,PROD-0153,Office Supplies,Storage,8,474.06,0.0,3792.48,1008.27
ORD-001954,2023-05-21,2023-05-28,Same Day,CUST-00291,Consumer,Central,PROD-0154,Office Supplies,Paper,4,306.6,0.2,981.12,-76.79
ORD-001955,2025-06-05,2025-06-09,Standard Class,CUST-00655,Home Office,South,PROD-0155,Technology,Phones,3,36.7,0.1,99.09,21.94
ORD-001956,2024-06-01,2024-06-03,Standard Class,CUST-00848,Home Office,East,PROD-0156,Office Supplies,Art,9,147.1,0.0,1323.9,524.24
ORD-001957,2023-05-14,2023-05-15,Standard Class,CUST-00866,Corporate,West,PROD-0157,Office Supplies,Labels,2,643.86,0.2,1030.18,385.97
ORD-001958,2026-02-22,2026-02-26,First Class,CUST-00080,Consumer,Central,PROD-0158,Technology,Machines,11,714.84,0.0,7863.24,1763.58
ORD-001959,2026-01-19,2026-01-26,Standard Class,CUST-00821,Corporate,West,PROD-0159,Technology,Accessories,5,297.09,0.1,1336.9,346.91
ORD-001960,2024-08-28,2024-08-29,First Class,CUST-00525,Consumer,West,PROD-0160,Furniture,Chairs,7,42.98,0.1,270.77,65.56
ORD-001961,2023-06-02,2023-06-07,First Class,CUST-00228,Home Office,Central,PROD-0161,Furniture,Furnishings,10,93.9,0.0,939.0,-4.08
ORD-001962,2025-06-07,2025-06-11,Standard Class,CUST-00198,Home Office,East,PROD-0162,Office Supplies,Storage,5,402.01,0.0,2010.05,127.2
ORD-001963,2024-11-30,2024-12-03,Standard Class,CUST-00545,Consumer,Central,PROD-0163,Technology,Machines,9,382.27,0.15,2924.37,1028.84
ORD-001964,2024-04-22,2024-04-28,Standard Class,CUST-00027,Consumer,South,PROD-0164,Furniture,Chairs,7,654.13,0.0,4578.91,994.28
ORD-001965,2024-06-05,2024-06-06,Same Day,CUST-00327,Corporate,West,PROD-0165,Technology,Phones,7,663.23,0.0,4642.61,262.28
ORD-001966,2023-05-26,2023-05-31,Standard Class,CUST-00763,Home Office,South,PROD-0166,Technology,Accessories,9,307.11,0.0,2763.99,1068.19
ORD-001967,2024-09-05,2024-09-09,Standard Class,CUST-00494,Home Office,West,PROD-0167,Furniture,Furnishings,4,350.96,0.0,1403.84,307.45
ORD-001968,2023-03-26,2023-04-02,First Class,CUST-00240,Consumer,East,PROD-0168,Office Supplies,Labels,4,812.39,0.1,2924.6,1127.48
ORD-001969,2024-12-21,2024-12-23,Second Class,CUST-00240,Home Office,West,PROD-0169,Office Supplies,Binders,8,708.8,0.0,5670.4,1276.3
ORD-001970,2024-04-26,2024-04-30,First Class,CUST-00239,Corporate,South,PROD-0170,Office Supplies,Paper,1,361.53,0.15,307.3,98.96
ORD-001971,2024-04-06,2024-04-07,Standard Class,CUST-00695,Consumer,East,PROD-0171,Technology,Accessories,7,658.74,0.1,4150.06,289.83
ORD-001972,2026-05-27,2026-05-28,Standard Class,CUST-00579,Home Office,East,PROD-0172,Furniture,Furnishings,11,301.17,0.1,2981.58,756.81
ORD-001973,2025-01-17,2025-01-19,Second Class,CUST-00504,Consumer,East,PROD-0173,Technology,Phones,6,16.39,0.2,78.67,13.6
ORD-001974,2025-04-12,2025-04-16,Standard Class,CUST-00304,Consumer,East,PROD-0174,Technology,Accessories,7,710.39,0.0,4972.73,1020.17
ORD-001975,2026-05-24,2026-05-25,Standard Class,CUST-00046,Corporate,Central,PROD-0175,Office Supplies,Art,7,211.81,0.1,1334.4,28.58
ORD-001976,2025-08-18,2025-08-19,Standard Class,CUST-00726,Consumer,South,PROD-0176,Office Supplies,Binders,4,513.68,0.0,2054.72,318.23
ORD-001977,2024-08-11,2024-08-14,First Class,CUST-00532,Consumer,West,PROD-0177,Office Supplies,Paper,5,614.82,0.2,2459.28,416.44
ORD-001978,2025-12-12,2025-12-16,Standard Class,CUST-00580,Consumer,Central,PROD-0178,Office Supplies,Paper,10,415.98,0.5,2079.9,779.11
ORD-001979,2024-12-03,2024-12-10,First Class,CUST-00389,Consumer,West,PROD-0179,Furniture,Furnishings,10,201.67,0.0,2016.7,732.98
ORD-001980,2025-12-31,2026-01-06,Standard Class,CUST-00116,Consumer,West,PROD-0180,Office Supplies,Art,8,804.67,0.0,6437.36,505.32
ORD-001981,2023-05-14,2023-05-21,Second Class,CUST-00599,Consumer,West,PROD-0181,Office Supplies,Storage,1,880.37,0.2,704.3,-49.39
ORD-001982,2025-06-30,2025-07-02,First Class,CUST-00461,Consumer,West,PROD-0182,Office Supplies,Art,3,363.8,0.0,1091.4,-55.61
ORD-001983,2023-11-15,2023-11-18,First Class,CUST-00487,Corporate,East,PROD-0183,Furniture,Bookcases,1,266.7,0.2,213.36,14.88
ORD-001984,2026-02-28,2026-03-05,Standard Class,CUST-00197,Consumer,Central,PROD-0184,Office Supplies,Art,8,219.49,0.3,1229.14,480.3
ORD-001985,2024-03-07,2024-03-08,First Class,CUST-00462,Consumer,West,PROD-0185,Office Supplies,Labels,10,379.89,0.1,3419.01,-58.89
ORD-001986,2026-06-27,2026-07-01,First Class,CUST-00312,Consumer,South,PROD-0186,Office Supplies,Paper,7,286.48,0.0,2005.36,110.45
ORD-001987,2025-09-16,2025-09-23,Second Class,CUST-00017,Corporate,South,PROD-0187,Furniture,Chairs,4,600.65,0.2,1922.08,466.43
ORD-001988,2023-06-29,2023-07-02,Second Class,CUST-00303,Corporate,South,PROD-0188,Office Supplies,Labels,11,833.01,0.0,9163.11,2705.37
ORD-001989,2023-02-01,2023-02-05,Standard Class,CUST-00251,Consumer,Central,PROD-0189,Office Supplies,Labels,9,677.35,0.0,6096.15,58.12
ORD-001990,2024-11-22,2024-11-26,Same Day,CUST-00621,Consumer,Central,PROD-0190,Office Supplies,Storage,10,551.38,0.0,5513.8,1890.13
ORD-001991,2024-10-27,2024-10-30,First Class,CUST-00269,Consumer,South,PROD-0191,Office Supplies,Labels,3,595.76,0.3,1251.1,470.29
ORD-001992,2024-06-10,2024-06-11,Standard Class,CUST-00879,Consumer,South,PROD-0192,Furniture,Tables,4,441.74,0.1,1590.26,612.07
ORD-001993,2023-11-21,2023-11-23,Second Class,CUST-00174,Consumer,West,PROD-0193,Technology,Phones,11,508.29,0.0,5591.19,414.0
ORD-001994,2024-10-13,2024-10-15,Standard Class,CUST-00055,Corporate,Central,PROD-0194,Technology,Phones,11,176.66,0.1,1748.93,104.12
ORD-001995,2025-11-04,2025-11-10,Standard Class,CUST-00731,Home Office,South,PROD-0195,Technology,Accessories,9,428.79,0.5,1929.56,222.86
ORD-001996,2023-07-13,2023-07-20,Standard Class,CUST-00568,Consumer,Central,PROD-0196,Office Supplies,Storage,5,325.96,0.2,1303.84,118.61
ORD-001997,2023-10-19,2023-10-26,First Class,CUST-00310,Corporate,East,PROD-0197,Office Supplies,Storage,8,278.33,0.0,2226.64,799.97
ORD-001998,2023-09-18,2023-09-20,First Class,CUST-00566,Consumer,South,PROD-0198,Furniture,Furnishings,11,463.71,0.1,4590.73,574.92
ORD-001999,2026-03-02,2026-03-06,Second Class,CUST-00807,Corporate,Central,PROD-0199,Technology,Phones,3,413.4,0.0,1240.2,99.3
ORD-002000,2023-05-02,2023-05-08,Standard Class,CUST-00024,Consumer,South,PROD-0200,Technology,Machines,5,789.94,0.0,3949.7,735.86
ORD-002001,2025-06-30,2025-07-04,Standard Class,CUST-00431,Consumer,West,PROD-0201,Technology,Copiers,3,891.68,0.1,2407.54,201.5
ORD-002002,2026-03-21,2026-03-24,Same Day,CUST-00894,Consumer,South,PROD-0202,Technology,Phones,7,702.37,0.0,4916.59,1683.67
ORD-002003,2025-02-12,2025-02-13,First Class,CUST-00338,Home Office,West,PROD-0203,Furniture,Tables,4,599.48,0.0,2397.92,3.51
ORD-002004,2025-03-31,2025-04-06,Standard Class,CUST-00880,Consumer,South,PROD-0204,Furniture,Tables,1,752.81,0.1,677.53,96.25
ORD-002005,2026-01-30,2026-02-01,Second Class,CUST-00548,Home Office,Central,PROD-0205,Furniture,Furnishings,7,63.92,0.0,447.44,46.79
ORD-002006,2023-11-30,2023-12-06,Standard Class,CUST-00414,Corporate,Central,PROD-0206,Furniture,Furnishings,2,617.96,0.0,1235.92,84.49
ORD-002007,2024-11-08,2024-11-13,First Class,CUST-00142,Corporate,West,PROD-0207,Office Supplies,Binders,5,299.18,0.0,1495.9,199.15
ORD-002008,2025-08-30,2025-09-03,Standard Class,CUST-00162,Consumer,Central,PROD-0208,Technology,Copiers,5,422.03,0.1,1899.13,122.67
ORD-002009,2024-04-27,2024-05-03,Standard Class,CUST-00142,Consumer,West,PROD-0209,Office Supplies,Art,8,601.01,0.0,4808.08,643.78
ORD-002010,2024-07-29,2024-07-30,Standard Class,CUST-00668,Consumer,South,PROD-0210,Office Supplies,Labels,1,641.53,0.0,641.53,68.5
ORD-002011,2025-08-17,2025-08-21,Second Class,CUST-00281,Home Office,West,PROD-0211,Office Supplies,Art,3,573.98,0.3,1205.36,-25.21
ORD-002012,2026-01-24,2026-01-29,Standard Class,CUST-00675,Consumer,East,PROD-0212,Technology,Accessories,5,386.4,0.0,1932.0,459.35
ORD-002013,2024-02-03,2024-02-06,First Class,CUST-00167,Consumer,East,PROD-0213,Office Supplies,Paper,10,26.87,0.5,134.35,34.26
ORD-002014,2026-05-02,2026-05-04,Second Class,CUST-00032,Home Office,East,PROD-0214,Office Supplies,Storage,3,499.67,0.0,1499.01,169.81
ORD-002015,2024-03-11,2024-03-14,Standard Class,CUST-00816,Corporate,East,PROD-0215,Office Supplies,Art,2,548.14,0.15,931.84,255.79
ORD-002016,2023-02-20,2023-02-23,Second Class,CUST-00657,Consumer,South,PROD-0216,Furniture,Chairs,11,218.18,0.0,2399.98,185.09
ORD-002017,2025-06-23,2025-06-29,Standard Class,CUST-00221,Home Office,South,PROD-0217,Office Supplies,Labels,2,396.34,0.0,792.68,188.84
ORD-002018,2025-07-19,2025-07-26,Standard Class,CUST-00063,Home Office,West,PROD-0218,Technology,Accessories,8,844.89,0.0,6759.12,903.73
ORD-002019,2023-11-04,2023-11-10,Second Class,CUST-00486,Home Office,West,PROD-0219,Office Supplies,Labels,3,247.65,0.0,742.95,286.55
ORD-002020,2025-11-26,2025-12-02,Standard Class,CUST-00632,Consumer,Central,PROD-0220,Furniture,Bookcases,7,891.7,0.0,6241.9,1793.54
ORD-002021,2023-04-02,2023-04-06,Standard Class,CUST-00083,Consumer,Central,PROD-0221,Technology,Phones,6,684.8,0.0,4108.8,-298.76
ORD-002022,2024-10-28,2024-11-04,Standard Class,CUST-00623,Consumer,East,PROD-0222,Furniture,Tables,8,531.05,0.0,4248.4,850.16
ORD-002023,2025-11-17,2025-11-24,Second Class,CUST-00641,Corporate,East,PROD-0223,Technology,Phones,5,80.8,0.15,343.4,38.98
ORD-002024,2024-09-06,2024-09-13,Standard Class,CUST-00824,Consumer,West,PROD-0224,Technology,Copiers,2,641.05,0.0,1282.1,480.76
ORD-002025,2025-02-06,2025-02-07,First Class,CUST-00243,Corporate,West,PROD-0225,Furniture,Tables,1,284.48,0.0,284.48,99.77
ORD-002026,2024-06-08,2024-06-15,Standard Class,CUST-00377,Consumer,West,PROD-0226,Furniture,Furnishings,7,247.13,0.1,1556.92,558.47
ORD-002027,2024-02-16,2024-02-19,Standard Class,CUST-00791,Consumer,Central,PROD-0227,Furniture,Bookcases,8,391.64,0.0,3133.12,793.56
ORD-002028,2023-03-24,2023-03-30,Standard Class,CUST-00832,Corporate,East,PROD-0228,Office Supplies,Storage,1,87.7,0.0,87.7,10.45
ORD-002029,2025-01-25,2025-01-26,Standard Class,CUST-00119,Home Office,Central,PROD-0229,Office Supplies,Storage,4,797.44,0.0,3189.76,989.88
ORD-002030,2025-08-14,2025-08-17,Standard Class,CUST-00518,Consumer,East,PROD-0230,Furniture,Bookcases,11,811.11,0.1,8029.99,-382.12
ORD-002031,2024-09-05,2024-09-07,Standard Class,CUST-00432,Home Office,South,PROD-0231,Office Supplies,Storage,3,103.57,0.0,310.71,76.53
ORD-002032,2025-07-23,2025-07-28,Second Class,CUST-00785,Corporate,Central,PROD-0232,Office Supplies,Storage,11,896.86,0.15,8385.64,2839.39
ORD-002033,2024-06-06,2024-06-11,Standard Class,CUST-00148,Consumer,West,PROD-0233,Furniture,Tables,5,873.97,0.0,4369.85,149.17
ORD-002034,2024-01-27,2024-02-01,First Class,CUST-00200,Consumer,Central,PROD-0234,Technology,Accessories,5,688.15,0.2,2752.6,-247.51
ORD-002035,2024-11-14,2024-11-18,First Class,CUST-00128,Consumer,East,PROD-0235,Office Supplies,Paper,9,656.76,0.3,4137.59,464.68
ORD-002036,2024-02-25,2024-02-29,First Class,CUST-00405,Consumer,South,PROD-0236,Office Supplies,Labels,1,789.95,0.0,789.95,40.96
ORD-002037,2025-06-26,2025-07-03,Standard Class,CUST-00672,Consumer,West,PROD-0237,Furniture,Tables,11,436.47,0.1,4321.05,1644.61
ORD-002038,2023-08-23,2023-08-26,Standard Class,CUST-00323,Consumer,East,PROD-0238,Technology,Phones,7,185.92,0.15,1106.22,384.93
ORD-002039,2024-10-12,2024-10-19,Second Class,CUST-00210,Home Office,Central,PROD-0239,Furniture,Chairs,1,607.3,0.0,607.3,56.3
ORD-002040,2026-06-10,2026-06-12,Standard Class,CUST-00386,Corporate,South,PROD-0240,Furniture,Bookcases,9,117.06,0.15,895.51,229.27
ORD-002041,2023-03-03,2023-03-06,Same Day,CUST-00854,Consumer,South,PROD-0241,Office Supplies,Art,1,765.15,0.0,765.15,23.23
ORD-002042,2025-05-22,2025-05-23,Standard Class,CUST-00721,Corporate,Central,PROD-0242,Office Supplies,Labels,4,593.03,0.2,1897.7,669.65
ORD-002043,2024-08-06,2024-08-13,Second Class,CUST-00850,Corporate,South,PROD-0243,Office Supplies,Storage,8,308.18,0.1,2218.9,411.96
ORD-002044,2024-12-01,2024-12-04,Second Class,CUST-00261,Consumer,West,PROD-0244,Office Supplies,Paper,3,446.53,0.0,1339.59,143.8
ORD-002045,2024-04-05,2024-04-08,Second Class,CUST-00847,Consumer,East,PROD-0245,Office Supplies,Binders,8,184.6,0.0,1476.8,66.25
ORD-002046,2023-01-10,2023-01-17,Standard Class,CUST-00860,Home Office,West,PROD-0246,Office Supplies,Art,6,42.91,0.1,231.71,-9.53
ORD-002047,2026-03-16,2026-03-17,Second Class,CUST-00794,Corporate,West,PROD-0247,Technology,Copiers,9,565.6,0.0,5090.4,1736.71
ORD-002048,2024-05-25,2024-05-29,First Class,CUST-00523,Home Office,Central,PROD-0248,Office Supplies,Paper,8,880.84,0.0,7046.72,816.39
ORD-002049,2025-11-28,2025-12-01,Standard Class,CUST-00645,Home Office,Central,PROD-0249,Office Supplies,Binders,4,171.22,0.1,616.39,-39.86
ORD-002050,2023-11-07,2023-11-11,Standard Class,CUST-00758,Consumer,Central,PROD-0250,Technology,Machines,1,815.39,0.0,815.39,316.96
ORD-002051,2025-08-22,2025-08-29,First Class,CUST-00498,Home Office,South,PROD-0251,Office Supplies,Labels,3,588.53,0.1,1589.03,575.88
ORD-002052,2023-08-22,2023-08-23,Standard Class,CUST-00723,Consumer,East,PROD-0252,Technology,Phones,11,237.59,0.0,2613.49,338.19
ORD-002053,2025-05-02,2025-05-05,First Class,CUST-00429,Corporate,South,PROD-0253,Furniture,Tables,1,475.36,0.0,475.36,46.67
ORD-002054,2024-07-22,2024-07-25,Standard Class,CUST-00543,Corporate,Central,PROD-0254,Furniture,Tables,10,349.01,0.0,3490.1,1170.34
ORD-002055,2024-03-13,2024-03-20,Standard Class,CUST-00532,Consumer,West,PROD-0255,Technology,Copiers,2,773.95,0.0,1547.9,256.57
ORD-002056,2023-12-23,2023-12-30,Standard Class,CUST-00455,Consumer,South,PROD-0256,Office Supplies,Art,11,771.5,0.15,7213.52,151.31
ORD-002057,2023-05-03,2023-05-06,First Class,CUST-00711,Corporate,South,PROD-0257,Technology,Machines,8,259.31,0.15,1763.31,415.25
ORD-002058,2026-01-11,2026-01-18,Standard Class,CUST-00362,Consumer,South,PROD-0258,Office Supplies,Labels,7,257.68,0.0,1803.76,345.07
ORD-002059,2024-03-19,2024-03-24,Standard Class,CUST-00024,Home Office,West,PROD-0259,Technology,Accessories,1,67.68,0.0,67.68,26.74
ORD-002060,2024-05-15,2024-05-22,Standard Class,CUST-00384,Consumer,Central,PROD-0260,Technology,Accessories,11,791.27,0.1,7833.57,2849.08
ORD-002061,2023-07-23,2023-07-24,Standard Class,CUST-00445,Corporate,West,PROD-0261,Furniture,Tables,7,475.54,0.0,3328.78,1011.97
ORD-002062,2024-01-27,2024-01-28,Standard Class,CUST-00372,Home Office,West,PROD-0262,Technology,Copiers,8,555.86,0.0,4446.88,1663.59
ORD-002063,2025-11-26,2025-12-01,First Class,CUST-00631,Corporate,West,PROD-0263,Office Supplies,Paper,8,106.34,0.0,850.72,65.53
ORD-002064,2023-11-21,2023-11-27,Standard Class,CUST-00830,Corporate,South,PROD-0264,Furniture,Bookcases,10,132.08,0.2,1056.64,-47.99
ORD-002065,2024-04-13,2024-04-16,Second Class,CUST-00691,Home Office,East,PROD-0265,Furniture,Tables,1,201.13,0.2,160.9,55.81
ORD-002066,2024-10-22,2024-10-28,Second Class,CUST-00450,Corporate,South,PROD-0266,Technology,Copiers,4,205.55,0.1,739.98,263.82
ORD-002067,2024-05-21,2024-05-28,Standard Class,CUST-00745,Home Office,Central,PROD-0267,Technology,Machines,4,40.92,0.1,147.31,38.1
ORD-002068,2024-05-02,2024-05-09,Standard Class,CUST-00751,Home Office,East,PROD-0268,Furniture,Bookcases,7,348.97,0.0,2442.79,191.47
ORD-002069,2024-06-17,2024-06-23,Second Class,CUST-00436,Consumer,Central,PROD-0269,Technology,Machines,10,809.31,0.0,8093.1,347.07
ORD-002070,2023-06-09,2023-06-13,Standard Class,CUST-00183,Corporate,East,PROD-0270,Technology,Accessories,3,690.09,0.0,2070.27,622.48
ORD-002071,2026-05-21,2026-05-26,Standard Class,CUST-00824,Corporate,Central,PROD-0271,Technology,Copiers,10,831.24,0.0,8312.4,2178.51
ORD-002072,2026-04-29,2026-05-06,Standard Class,CUST-00746,Home Office,West,PROD-0272,Office Supplies,Binders,4,74.34,0.0,297.36,4.89
ORD-002073,2025-06-04,2025-06-06,Standard Class,CUST-00708,Corporate,Central,PROD-0273,Technology,Machines,6,409.47,0.3,1719.77,500.12
ORD-002074,2024-09-19,2024-09-22,Standard Class,CUST-00227,Corporate,West,PROD-0274,Technology,Accessories,7,104.85,0.0,733.95,216.53
ORD-002075,2026-04-24,2026-04-26,Standard Class,CUST-00466,Corporate,Central,PROD-0275,Office Supplies,Labels,6,511.51,0.0,3069.06,145.97
ORD-002076,2024-07-17,2024-07-19,Standard Class,CUST-00881,Home Office,Central,PROD-0276,Office Supplies,Paper,11,46.53,0.0,511.83,-45.35
ORD-002077,2025-06-22,2025-06-28,Standard Class,CUST-00460,Consumer,South,PROD-0277,Technology,Accessories,4,693.4,0.0,2773.6,776.56
ORD-002078,2025-11-06,2025-11-13,First Class,CUST-00528,Consumer,West,PROD-0278,Technology,Copiers,9,637.21,0.0,5734.89,67.94
ORD-002079,2024-04-28,2024-05-02,Standard Class,CUST-00750,Consumer,Central,PROD-0279,Office Supplies,Storage,7,384.34,0.0,2690.38,329.31
ORD-002080,2024-08-16,2024-08-21,Standard Class,CUST-00033,Corporate,South,PROD-0280,Furniture,Furnishings,6,67.13,0.0,402.78,143.64
ORD-002081,2025-06-08,2025-06-14,First Class,CUST-00322,Consumer,South,PROD-0281,Office Supplies,Paper,3,52.57,0.0,157.71,5.34
ORD-002082,2024-02-04,2024-02-06,Standard Class,CUST-00878,Corporate,South,PROD-0282,Office Supplies,Art,4,460.4,0.2,1473.28,485.86
ORD-002083,2024-03-27,2024-03-30,Second Class,CUST-00179,Home Office,Central,PROD-0283,Office Supplies,Storage,5,350.53,0.0,1752.65,283.58
ORD-002084,2024-07-31,2024-08-02,Standard Class,CUST-00357,Home Office,East,PROD-0284,Office Supplies,Labels,1,802.71,0.0,802.71,-25.83
ORD-002085,2026-03-19,2026-03-25,Second Class,CUST-00817,Home Office,West,PROD-0285,Technology,Copiers,11,547.68,0.0,6024.48,433.44
ORD-002086,2023-11-21,2023-11-28,First Class,CUST-00636,Consumer,Central,PROD-0286,Furniture,Furnishings,5,834.78,0.2,3339.12,1052.2
ORD-002087,2024-05-18,2024-05-23,Second Class,CUST-00337,Consumer,West,PROD-0287,Technology,Phones,9,810.51,0.1,6565.13,2465.17
ORD-002088,2023-11-16,2023-11-18,Standard Class,CUST-00549,Consumer,East,PROD-0288,Office Supplies,Paper,9,593.21,0.5,2669.45,603.44
ORD-002089,2025-04-27,2025-05-03,Same Day,CUST-00299,Home Office,Central,PROD-0289,Office Supplies,Paper,3,264.73,0.15,675.06,-22.8
ORD-002090,2025-06-21,2025-06-28,Standard Class,CUST-00036,Home Office,South,PROD-0290,Furniture,Bookcases,2,119.04,0.0,238.08,18.44
ORD-002091,2024-05-22,2024-05-24,Second Class,CUST-00382,Consumer,East,PROD-0291,Furniture,Bookcases,5,578.42,0.0,2892.1,1105.85
ORD-002092,2025-07-24,2025-07-31,Standard Class,CUST-00655,Consumer,Central,PROD-0292,Office Supplies,Paper,8,617.05,0.0,4936.4,1139.33
ORD-002093,2025-11-01,2025-11-03,Second Class,CUST-00057,Consumer,Central,PROD-0293,Furniture,Chairs,10,123.99,0.0,1239.9,-95.77
ORD-002094,2023-02-25,2023-02-27,Standard Class,CUST-00253,Consumer,Central,PROD-0294,Office Supplies,Art,11,127.59,0.0,1403.49,-100.97
ORD-002095,2023-11-19,2023-11-23,Standard Class,CUST-00150,Consumer,Central,PROD-0295,Office Supplies,Labels,9,416.51,0.3,2624.01,-79.67
ORD-002096,2023-10-18,2023-10-20,Second Class,CUST-00685,Consumer,South,PROD-0296,Office Supplies,Storage,1,437.56,0.1,393.8,-1.47
ORD-002097,2024-08-17,2024-08-21,Second Class,CUST-00601,Consumer,East,PROD-0297,Furniture,Chairs,5,370.54,0.0,1852.7,618.03
ORD-002098,2024-06-16,2024-06-18,Standard Class,CUST-00179,Corporate,Central,PROD-0298,Office Supplies,Storage,6,747.57,0.1,4036.88,331.42
ORD-002099,2023-03-23,2023-03-29,Standard Class,CUST-00397,Consumer,South,PROD-0299,Technology,Accessories,4,880.61,0.0,3522.44,478.77
ORD-002100,2025-12-18,2025-12-20,Standard Class,CUST-00424,Consumer,West,PROD-0300,Office Supplies,Art,4,854.47,0.3,2392.52,889.64
ORD-002101,2024-07-10,2024-07-15,Standard Class,CUST-00188,Corporate,East,PROD-0001,Office Supplies,Storage,9,319.27,0.2,2298.74,-122.74
ORD-002102,2024-10-28,2024-10-30,Standard Class,CUST-00294,Consumer,West,PROD-0002,Office Supplies,Labels,7,272.34,0.0,1906.38,472.43
ORD-002103,2024-09-15,2024-09-21,Standard Class,CUST-00037,Corporate,South,PROD-0003,Technology,Phones,2,227.6,0.0,455.2,121.61
ORD-002104,2023-06-05,2023-06-07,Same Day,CUST-00857,Corporate,Central,PROD-0004,Furniture,Chairs,1,472.81,0.1,425.53,-26.82
ORD-002105,2026-02-09,2026-02-12,Standard Class,CUST-00129,Corporate,West,PROD-0005,Office Supplies,Art,10,243.9,0.0,2439.0,54.74
ORD-002106,2023-03-05,2023-03-06,Same Day,CUST-00869,Corporate,South,PROD-0006,Office Supplies,Binders,11,460.56,0.0,5066.16,1596.35
ORD-002107,2025-02-10,2025-02-14,Same Day,CUST-00299,Home Office,South,PROD-0007,Office Supplies,Art,9,53.85,0.0,484.65,174.44
ORD-002108,2026-01-24,2026-01-31,Second Class,CUST-00253,Home Office,East,PROD-0008,Office Supplies,Paper,7,406.42,0.0,2844.94,996.46
ORD-002109,2023-05-06,2023-05-11,Second Class,CUST-00647,Consumer,West,PROD-0009,Office Supplies,Labels,3,367.4,0.15,936.87,125.34
ORD-002110,2025-12-21,2025-12-26,Standard Class,CUST-00156,Consumer,West,PROD-0010,Office Supplies,Storage,6,678.22,0.0,4069.32,1596.68
ORD-002111,2024-01-10,2024-01-15,Standard Class,CUST-00368,Home Office,South,PROD-0011,Office Supplies,Art,4,346.21,0.0,1384.84,63.36
ORD-002112,2024-09-29,2024-10-04,Standard Class,CUST-00221,Home Office,East,PROD-0012,Office Supplies,Storage,7,365.96,0.0,2561.72,890.66
ORD-002113,2024-03-10,2024-03-15,Standard Class,CUST-00566,Corporate,East,PROD-0013,Office Supplies,Binders,1,42.49,0.0,42.49,2.02
ORD-002114,2024-09-23,2024-09-27,Standard Class,CUST-00293,Consumer,South,PROD-0014,Office Supplies,Paper,8,744.11,0.0,5952.88,822.58
ORD-002115,2024-01-03,2024-01-05,Same Day,CUST-00689,Home Office,West,PROD-0015,Office Supplies,Art,7,114.22,0.0,799.54,38.94
ORD-002116,2023-03-15,2023-03-22,Second Class,CUST-00121,Corporate,West,PROD-0016,Office Supplies,Paper,3,457.44,0.15,1166.47,-56.23
ORD-002117,2024-02-27,2024-03-02,Second Class,CUST-00102,Consumer,Central,PROD-0017,Furniture,Furnishings,2,103.41,0.2,165.46,39.15
ORD-002118,2025-01-10,2025-01-12,Standard Class,CUST-00141,Consumer,Central,PROD-0018,Office Supplies,Storage,1,817.54,0.1,735.79,102.23
ORD-002119,2025-05-19,2025-05-22,Standard Class,CUST-00438,Consumer,West,PROD-0019,Office Supplies,Art,2,622.27,0.0,1244.54,63.32
ORD-002120,2025-12-12,2025-12-15,First Class,CUST-00219,Consumer,South,PROD-0020,Furniture,Tables,10,275.83,0.3,1930.81,79.02
ORD-002121,2023-12-05,2023-12-08,First Class,CUST-00030,Corporate,Central,PROD-0021,Office Supplies,Paper,5,295.89,0.0,1479.45,335.23
ORD-002122,2024-08-10,2024-08-17,First Class,CUST-00575,Corporate,West,PROD-0022,Technology,Copiers,9,202.45,0.0,1822.05,22.14
ORD-002123,2025-10-08,2025-10-09,Same Day,CUST-00468,Consumer,East,PROD-0023,Office Supplies,Storage,8,838.86,0.0,6710.88,2443.23
ORD-002124,2025-03-22,2025-03-24,Second Class,CUST-00196,Corporate,South,PROD-0024,Technology,Copiers,1,220.61,0.15,187.52,44.6
ORD-002125,2025-07-21,2025-07-25,First Class,CUST-00549,Consumer,East,PROD-0025,Office Supplies,Art,10,331.64,0.0,3316.4,811.82
ORD-002126,2023-03-21,2023-03-27,Standard Class,CUST-00533,Home Office,East,PROD-0026,Technology,Accessories,4,180.7,0.2,578.24,58.07
ORD-002127,2023-09-25,2023-10-01,Standard Class,CUST-00367,Consumer,South,PROD-0027,Furniture,Furnishings,6,737.92,0.2,3542.02,618.31
ORD-002128,2025-02-13,2025-02-18,Second Class,CUST-00760,Home Office,West,PROD-0028,Office Supplies,Binders,7,600.93,0.0,4206.51,542.37
ORD-002129,2023-08-17,2023-08-24,Standard Class,CUST-00113,Corporate,Central,PROD-0029,Furniture,Tables,11,862.14,0.0,9483.54,-457.68
ORD-002130,2024-05-08,2024-05-12,Standard Class,CUST-00143,Home Office,South,PROD-0030,Office Supplies,Storage,4,48.41,0.0,193.64,41.55
ORD-002131,2024-03-09,2024-03-12,Standard Class,CUST-00151,Consumer,South,PROD-0031,Technology,Accessories,7,578.66,0.15,3443.03,951.36
ORD-002132,2026-05-05,2026-05-11,Same Day,CUST-00686,Corporate,West,PROD-0032,Office Supplies,Paper,1,753.15,0.15,640.18,-41.16
ORD-002133,2025-05-07,2025-05-08,Standard Class,CUST-00893,Corporate,South,PROD-0033,Office Supplies,Paper,1,96.71,0.0,96.71,-5.4
ORD-002134,2025-11-15,2025-11-22,Standard Class,CUST-00374,Corporate,West,PROD-0034,Office Supplies,Paper,8,789.83,0.0,6318.64,2440.03
ORD-002135,2023-04-20,2023-04-26,Standard Class,CUST-00197,Home Office,South,PROD-0035,Office Supplies,Art,5,828.64,0.15,3521.72,-103.75
ORD-002136,2025-05-28,2025-05-29,Standard Class,CUST-00546,Home Office,West,PROD-0036,Technology,Accessories,5,446.1,0.1,2007.45,-166.52
ORD-002137,2026-01-20,2026-01-24,Standard Class,CUST-00032,Consumer,Central,PROD-0037,Office Supplies,Labels,5,771.35,0.0,3856.75,982.96
ORD-002138,2026-01-28,2026-02-01,First Class,CUST-00136,Corporate,Central,PROD-0038,Furniture,Chairs,7,43.56,0.0,304.92,67.26
ORD-002139,2026-02-02,2026-02-04,Standard Class,CUST-00557,Consumer,East,PROD-0039,Technology,Copiers,6,703.03,0.2,3374.54,871.6
ORD-002140,2024-09-15,2024-09-21,First Class,CUST-00795,Home Office,Central,PROD-0040,Office Supplies,Storage,6,531.8,0.0,3190.8,781.51
ORD-002141,2024-02-03,2024-02-08,Standard Class,CUST-00220,Consumer,Central,PROD-0041,Technology,Phones,2,459.92,0.0,919.84,259.02
ORD-002142,2024-02-20,2024-02-21,First Class,CUST-00298,Home Office,Central,PROD-0042,Office Supplies,Binders,8,350.88,0.15,2385.98,902.71
ORD-002143,2024-11-24,2024-11-30,Same Day,CUST-00390,Corporate,East,PROD-0043,Office Supplies,Paper,4,762.38,0.0,3049.52,363.05
ORD-002144,2026-02-19,2026-02-24,Standard Class,CUST-00308,Corporate,West,PROD-0044,Office Supplies,Art,1,287.67,0.1,258.9,-8.69
ORD-002145,2026-05-16,2026-05-21,Standard Class,CUST-00813,Consumer,West,PROD-0045,Furniture,Furnishings,1,59.69,0.0,59.69,21.28
ORD-002146,2026-01-29,2026-02-05,Standard Class,CUST-00273,Consumer,East,PROD-0046,Office Supplies,Binders,7,817.79,0.0,5724.53,-373.12
ORD-002147,2025-03-15,2025-03-21,Second Class,CUST-00835,Consumer,East,PROD-0047,Office Supplies,Storage,7,433.01,0.1,2727.96,663.93
ORD-002148,2025-04-19,2025-04-21,Second Class,CUST-00188,Consumer,South,PROD-0048,Office Supplies,Paper,9,149.84,0.0,1348.56,480.55
ORD-002149,2026-01-01,2026-01-05,Standard Class,CUST-00852,Corporate,East,PROD-0049,Furniture,Bookcases,11,557.92,0.0,6137.12,-499.31
ORD-002150,2026-04-20,2026-04-27,Standard Class,CUST-00283,Consumer,Central,PROD-0050,Technology,Accessories,2,715.14,0.0,1430.28,385.05
ORD-002151,2024-08-03,2024-08-10,Second Class,CUST-00605,Corporate,Central,PROD-0051,Furniture,Chairs,11,364.9,0.15,3411.81,-144.98
ORD-002152,2025-06-08,2025-06-11,Standard Class,CUST-00403,Consumer,Central,PROD-0052,Furniture,Tables,9,645.71,0.0,5811.39,865.04
ORD-002153,2023-03-12,2023-03-17,First Class,CUST-00531,Consumer,East,PROD-0053,Furniture,Furnishings,2,19.95,0.0,39.9,0.53
ORD-002154,2023-11-07,2023-11-14,Standard Class,CUST-00228,Corporate,East,PROD-0054,Technology,Machines,2,294.97,0.2,471.95,135.83
ORD-002155,2025-07-18,2025-07-23,Standard Class,CUST-00514,Home Office,West,PROD-0055,Office Supplies,Labels,8,457.25,0.2,2926.4,734.46
ORD-002156,2024-11-22,2024-11-29,First Class,CUST-00523,Consumer,Central,PROD-0056,Office Supplies,Binders,8,397.64,0.5,1590.56,526.49
ORD-002157,2025-04-19,2025-04-26,Second Class,CUST-00195,Corporate,East,PROD-0057,Office Supplies,Labels,7,150.15,0.0,1051.05,191.14
ORD-002158,2023-03-17,2023-03-20,Standard Class,CUST-00397,Consumer,Central,PROD-0058,Office Supplies,Labels,3,86.02,0.1,232.25,60.59
ORD-002159,2024-02-16,2024-02-19,Second Class,CUST-00580,Corporate,West,PROD-0059,Furniture,Bookcases,2,320.11,0.0,640.22,3.01
ORD-002160,2026-01-22,2026-01-25,Standard Class,CUST-00888,Consumer,West,PROD-0060,Office Supplies,Paper,5,229.25,0.3,802.38,100.63
ORD-002161,2023-07-25,2023-07-30,Standard Class,CUST-00095,Consumer,West,PROD-0061,Office Supplies,Paper,7,794.99,0.15,4730.19,629.2
ORD-002162,2024-12-15,2024-12-17,Second Class,CUST-00809,Corporate,East,PROD-0062,Office Supplies,Paper,7,778.73,0.2,4360.89,279.85
ORD-002163,2025-11-11,2025-11-13,Standard Class,CUST-00853,Corporate,South,PROD-0063,Office Supplies,Paper,9,486.47,0.0,4378.23,-235.64
ORD-002164,2024-03-16,2024-03-18,First Class,CUST-00523,Consumer,South,PROD-0064,Technology,Accessories,2,567.85,0.1,1022.13,155.85
ORD-002165,2025-11-01,2025-11-06,Standard Class,CUST-00254,Corporate,South,PROD-0065,Technology,Phones,8,572.24,0.0,4577.92,1034.46
ORD-002166,2026-06-02,2026-06-07,Standard Class,CUST-00339,Consumer,West,PROD-0066,Office Supplies,Paper,10,547.61,0.15,4654.69,222.63
ORD-002167,2024-12-28,2024-12-30,Standard Class,CUST-00783,Consumer,South,PROD-0067,Technology,Copiers,3,282.78,0.0,848.34,-4.42
ORD-002168,2024-12-20,2024-12-23,Standard Class,CUST-00149,Corporate,East,PROD-0068,Office Supplies,Storage,2,262.33,0.0,524.66,145.01
ORD-002169,2023-11-27,2023-12-02,First Class,CUST-00676,Consumer,South,PROD-0069,Technology,Phones,1,499.41,0.2,399.53,157.69
ORD-002170,2024-03-25,2024-03-27,Standard Class,CUST-00374,Corporate,South,PROD-0070,Office Supplies,Paper,9,864.57,0.0,7781.13,2997.63
ORD-002171,2023-08-17,2023-08-21,Second Class,CUST-00189,Consumer,Central,PROD-0071,Office Supplies,Labels,7,564.36,0.0,3950.52,95.29
ORD-002172,2026-01-21,2026-01-27,Standard Class,CUST-00367,Consumer,West,PROD-0072,Furniture,Bookcases,8,714.16,0.0,5713.28,415.6
ORD-002173,2023-11-12,2023-11-17,Standard Class,CUST-00634,Consumer,South,PROD-0073,Technology,Accessories,7,798.92,0.0,5592.44,133.58
ORD-002174,2024-12-25,2024-12-26,Standard Class,CUST-00602,Consumer,East,PROD-0074,Office Supplies,Labels,3,21.66,0.1,58.48,9.29
ORD-002175,2023-10-25,2023-10-29,Standard Class,CUST-00537,Consumer,West,PROD-0075,Office Supplies,Art,9,246.02,0.0,2214.18,733.56
ORD-002176,2023-03-24,2023-03-26,Standard Class,CUST-00382,Corporate,East,PROD-0076,Technology,Accessories,4,783.16,0.0,3132.64,899.1
ORD-002177,2025-03-30,2025-04-05,Standard Class,CUST-00739,Consumer,East,PROD-0077,Technology,Phones,9,199.35,0.1,1614.73,-126.7
ORD-002178,2026-03-18,2026-03-19,Second Class,CUST-00077,Consumer,East,PROD-0078,Technology,Phones,9,763.93,0.1,6187.83,1024.56
ORD-002179,2024-08-06,2024-08-08,Same Day,CUST-00243,Consumer,East,PROD-0079,Furniture,Furnishings,2,661.28,0.3,925.79,67.97
ORD-002180,2023-06-12,2023-06-15,Standard Class,CUST-00129,Corporate,West,PROD-0080,Office Supplies,Binders,9,129.98,0.0,1169.82,316.83
ORD-002181,2026-05-23,2026-05-30,Standard Class,CUST-00262,Corporate,East,PROD-0081,Furniture,Chairs,4,272.91,0.0,1091.64,195.56
ORD-002182,2023-03-20,2023-03-26,Standard Class,CUST-00371,Consumer,Central,PROD-0082,Technology,Phones,11,492.37,0.15,4603.66,254.94
ORD-002183,2024-02-16,2024-02-18,Standard Class,CUST-00837,Corporate,West,PROD-0083,Office Supplies,Binders,6,273.9,0.2,1314.72,-71.99
ORD-002184,2023-12-01,2023-12-07,Standard Class,CUST-00399,Corporate,West,PROD-0084,Office Supplies,Labels,4,33.91,0.0,135.64,29.54
ORD-002185,2023-12-11,2023-12-13,Standard Class,CUST-00669,Home Office,Central,PROD-0085,Technology,Phones,5,226.12,0.0,1130.6,367.11
ORD-002186,2023-05-20,2023-05-22,Same Day,CUST-00333,Home Office,East,PROD-0086,Office Supplies,Art,2,333.94,0.5,333.94,110.46
ORD-002187,2025-02-23,2025-02-24,First Class,CUST-00548,Corporate,Central,PROD-0087,Furniture,Tables,10,52.23,0.1,470.07,-21.13
ORD-002188,2026-05-12,2026-05-14,Second Class,CUST-00548,Home Office,West,PROD-0088,Technology,Machines,8,239.26,0.2,1531.26,-15.66
ORD-002189,2026-06-25,2026-06-30,Standard Class,CUST-00900,Home Office,West,PROD-0089,Technology,Phones,9,720.79,0.0,6487.11,1822.68
ORD-002190,2025-09-29,2025-10-01,Standard Class,CUST-00121,Corporate,East,PROD-0090,Office Supplies,Art,8,130.85,0.0,1046.8,347.02
ORD-002191,2023-12-07,2023-12-08,Second Class,CUST-00251,Consumer,South,PROD-0091,Furniture,Furnishings,10,191.16,0.1,1720.44,358.76
ORD-002192,2023-10-20,2023-10-24,Standard Class,CUST-00533,Home Office,East,PROD-0092,Furniture,Tables,1,492.1,0.0,492.1,65.07
ORD-002193,2024-07-15,2024-07-18,First Class,CUST-00297,Home Office,South,PROD-0093,Office Supplies,Binders,3,304.62,0.0,913.86,264.83
ORD-002194,2025-01-22,2025-01-23,Standard Class,CUST-00445,Consumer,West,PROD-0094,Office Supplies,Labels,4,114.98,0.0,459.92,149.93
ORD-002195,2024-09-14,2024-09-15,Standard Class,CUST-00899,Consumer,East,PROD-0095,Technology,Copiers,6,557.61,0.1,3011.09,20.13
ORD-002196,2026-02-24,2026-03-01,Second Class,CUST-00739,Consumer,West,PROD-0096,Technology,Phones,1,882.05,0.1,793.85,107.33
ORD-002197,2026-03-26,2026-03-30,Same Day,CUST-00098,Consumer,East,PROD-0097,Technology,Copiers,2,767.66,0.0,1535.32,515.02
ORD-002198,2023-10-01,2023-10-06,Second Class,CUST-00874,Home Office,South,PROD-0098,Technology,Accessories,6,500.85,0.1,2704.59,940.49
ORD-002199,2024-02-04,2024-02-10,Same Day,CUST-00266,Corporate,West,PROD-0099,Technology,Phones,11,656.19,0.0,7218.09,-544.79
ORD-002200,2026-05-26,2026-06-01,Standard Class,CUST-00277,Consumer,South,PROD-0100,Office Supplies,Paper,7,12.77,0.1,80.45,3.8
ORD-002201,2024-02-03,2024-02-07,Standard Class,CUST-00103,Home Office,Central,PROD-0101,Furniture,Furnishings,8,141.55,0.15,962.54,223.98
ORD-002202,2025-08-29,2025-09-03,Standard Class,CUST-00106,Corporate,East,PROD-0102,Furniture,Chairs,10,730.21,0.0,7302.1,820.44
ORD-002203,2026-05-05,2026-05-08,Standard Class,CUST-00142,Consumer,East,PROD-0103,Office Supplies,Art,8,873.29,0.0,6986.32,130.15
ORD-002204,2025-12-15,2025-12-20,Second Class,CUST-00869,Consumer,West,PROD-0104,Office Supplies,Labels,11,400.83,0.0,4409.13,932.48
ORD-002205,2024-06-12,2024-06-16,Standard Class,CUST-00513,Consumer,West,PROD-0105,Technology,Machines,7,147.17,0.0,1030.19,-20.31
ORD-002206,2024-12-26,2024-12-29,Second Class,CUST-00862,Home Office,East,PROD-0106,Furniture,Chairs,9,484.18,0.1,3921.86,34.32
ORD-002207,2023-03-04,2023-03-08,Standard Class,CUST-00663,Consumer,South,PROD-0107,Office Supplies,Binders,8,750.28,0.0,6002.24,1263.9
ORD-002208,2026-05-30,2026-05-31,Second Class,CUST-00621,Consumer,South,PROD-0108,Office Supplies,Paper,9,164.05,0.5,738.23,230.21
ORD-002209,2025-02-22,2025-02-26,First Class,CUST-00385,Corporate,East,PROD-0109,Office Supplies,Paper,6,53.23,0.5,159.69,56.85
ORD-002210,2023-10-08,2023-10-12,Standard Class,CUST-00341,Consumer,South,PROD-0110,Technology,Phones,3,701.83,0.0,2105.49,679.78
ORD-002211,2025-08-17,2025-08-23,Second Class,CUST-00861,Consumer,Central,PROD-0111,Technology,Copiers,9,12.87,0.1,104.25,13.52
ORD-002212,2024-02-25,2024-03-01,Standard Class,CUST-00078,Corporate,South,PROD-0112,Office Supplies,Art,3,890.47,0.0,2671.41,1027.95
ORD-002213,2026-03-08,2026-03-12,Second Class,CUST-00762,Consumer,South,PROD-0113,Technology,Machines,8,28.41,0.0,227.28,79.79
ORD-002214,2023-09-28,2023-10-04,Second Class,CUST-00007,Corporate,South,PROD-0114,Office Supplies,Binders,4,431.61,0.5,863.22,162.43
ORD-002215,2025-06-19,2025-06-20,Second Class,CUST-00657,Home Office,East,PROD-0115,Office Supplies,Binders,5,331.56,0.3,1160.46,111.42
ORD-002216,2026-04-23,2026-04-24,Second Class,CUST-00876,Consumer,South,PROD-0116,Office Supplies,Art,4,447.52,0.0,1790.08,703.12
ORD-002217,2024-09-20,2024-09-24,Second Class,CUST-00764,Consumer,East,PROD-0117,Office Supplies,Labels,1,24.77,0.0,24.77,8.9
ORD-002218,2025-06-18,2025-06-24,Standard Class,CUST-00324,Corporate,South,PROD-0118,Technology,Machines,7,637.81,0.0,4464.67,1047.42
ORD-002219,2023-07-06,2023-07-10,Standard Class,CUST-00406,Home Office,South,PROD-0119,Office Supplies,Binders,2,834.64,0.1,1502.35,160.77
ORD-002220,2026-05-27,2026-06-01,Standard Class,CUST-00895,Home Office,South,PROD-0120,Office Supplies,Art,5,7.44,0.0,37.2,-0.98
ORD-002221,2023-02-16,2023-02-18,Standard Class,CUST-00724,Consumer,Central,PROD-0121,Furniture,Furnishings,4,514.08,0.0,2056.32,406.13
ORD-002222,2023-05-20,2023-05-24,Second Class,CUST-00237,Home Office,West,PROD-0122,Furniture,Tables,7,426.66,0.0,2986.62,1178.45
ORD-002223,2026-06-29,2026-06-30,Standard Class,CUST-00018,Home Office,East,PROD-0123,Office Supplies,Art,7,514.24,0.1,3239.71,-210.54
ORD-002224,2023-04-24,2023-04-28,Standard Class,CUST-00492,Consumer,East,PROD-0124,Office Supplies,Storage,6,269.57,0.15,1374.81,449.85
ORD-002225,2025-05-26,2025-05-30,Standard Class,CUST-00795,Consumer,South,PROD-0125,Office Supplies,Labels,4,785.35,0.15,2670.19,935.02
ORD-002226,2025-08-20,2025-08-23,Second Class,CUST-00044,Consumer,West,PROD-0126,Technology,Accessories,2,466.5,0.2,746.4,119.83
ORD-002227,2024-11-20,2024-11-26,Standard Class,CUST-00037,Consumer,East,PROD-0127,Office Supplies,Labels,4,424.25,0.0,1697.0,227.94
ORD-002228,2023-11-05,2023-11-09,Second Class,CUST-00268,Home Office,Central,PROD-0128,Technology,Accessories,11,566.41,0.0,6230.51,736.29
ORD-002229,2026-01-21,2026-01-22,Same Day,CUST-00688,Consumer,East,PROD-0129,Technology,Machines,10,885.47,0.2,7083.76,1630.23
ORD-002230,2024-08-19,2024-08-24,Standard Class,CUST-00297,Consumer,South,PROD-0130,Furniture,Tables,4,197.82,0.2,633.02,77.78
ORD-002231,2023-12-28,2023-12-31,Standard Class,CUST-00401,Consumer,South,PROD-0131,Office Supplies,Paper,1,529.72,0.0,529.72,163.64
ORD-002232,2025-05-04,2025-05-05,Second Class,CUST-00037,Home Office,West,PROD-0132,Office Supplies,Art,7,726.68,0.0,5086.76,-317.13
ORD-002233,2025-08-02,2025-08-03,Standard Class,CUST-00089,Home Office,West,PROD-0133,Office Supplies,Paper,11,156.3,0.0,1719.3,613.24
ORD-002234,2023-05-23,2023-05-30,Standard Class,CUST-00190,Consumer,East,PROD-0134,Technology,Phones,5,101.83,0.15,432.78,123.68
ORD-002235,2023-06-06,2023-06-10,First Class,CUST-00160,Consumer,West,PROD-0135,Furniture,Tables,8,59.27,0.0,474.16,111.15
ORD-002236,2024-10-31,2024-11-06,Standard Class,CUST-00421,Corporate,West,PROD-0136,Office Supplies,Paper,1,494.73,0.1,445.26,169.62
ORD-002237,2023-08-19,2023-08-26,Second Class,CUST-00185,Consumer,West,PROD-0137,Technology,Machines,2,616.58,0.0,1233.16,251.47
ORD-002238,2025-10-04,2025-10-06,Standard Class,CUST-00803,Consumer,East,PROD-0138,Office Supplies,Binders,7,834.74,0.0,5843.18,1071.5
ORD-002239,2024-12-05,2024-12-08,Standard Class,CUST-00465,Consumer,East,PROD-0139,Office Supplies,Storage,3,598.38,0.0,1795.14,192.3
ORD-002240,2026-03-17,2026-03-21,Second Class,CUST-00876,Corporate,South,PROD-0140,Furniture,Tables,6,411.82,0.2,1976.74,-111.59
ORD-002241,2024-11-27,2024-12-01,Standard Class,CUST-00476,Consumer,Central,PROD-0141,Technology,Phones,4,415.31,0.0,1661.24,109.85
ORD-002242,2026-02-28,2026-03-05,Second Class,CUST-00682,Corporate,East,PROD-0142,Office Supplies,Binders,1,864.25,0.0,864.25,235.32
ORD-002243,2026-03-04,2026-03-05,Standard Class,CUST-00148,Consumer,West,PROD-0143,Office Supplies,Storage,9,204.51,0.15,1564.5,215.77
ORD-002244,2024-07-24,2024-07-29,Standard Class,CUST-00783,Home Office,West,PROD-0144,Office Supplies,Binders,1,354.41,0.0,354.41,66.59
ORD-002245,2024-06-14,2024-06-21,First Class,CUST-00748,Corporate,East,PROD-0145,Technology,Phones,8,594.44,0.0,4755.52,66.32
ORD-002246,2025-02-01,2025-02-07,Standard Class,CUST-00462,Consumer,West,PROD-0146,Office Supplies,Art,1,145.75,0.2,116.6,15.46
ORD-002247,2026-01-07,2026-01-14,Standard Class,CUST-00445,Home Office,West,PROD-0147,Furniture,Chairs,4,829.0,0.0,3316.0,172.31
ORD-002248,2025-02-08,2025-02-09,Standard Class,CUST-00847,Consumer,South,PROD-0148,Technology,Phones,3,561.39,0.3,1178.92,-106.25
ORD-002249,2025-12-10,2025-12-12,Standard Class,CUST-00863,Consumer,East,PROD-0149,Furniture,Furnishings,1,428.93,0.2,343.14,137.05
ORD-002250,2025-12-07,2025-12-08,First Class,CUST-00592,Consumer,Central,PROD-0150,Technology,Accessories,3,648.36,0.0,1945.08,-161.59
ORD-002251,2023-06-06,2023-06-09,First Class,CUST-00835,Consumer,Central,PROD-0151,Office Supplies,Storage,8,551.09,0.0,4408.72,1130.48
ORD-002252,2026-05-12,2026-05-16,First Class,CUST-00474,Home Office,Central,PROD-0152,Technology,Accessories,6,866.5,0.15,4419.15,1407.89
ORD-002253,2023-04-20,2023-04-26,Standard Class,CUST-00164,Corporate,Central,PROD-0153,Technology,Phones,4,395.49,0.0,1581.96,58.84
ORD-002254,2023-09-03,2023-09-09,Standard Class,CUST-00226,Consumer,West,PROD-0154,Office Supplies,Storage,2,159.76,0.1,287.57,103.44
ORD-002255,2024-04-27,2024-05-02,Standard Class,CUST-00735,Consumer,Central,PROD-0155,Office Supplies,Storage,9,75.02,0.0,675.18,25.7
ORD-002256,2024-03-27,2024-04-01,Same Day,CUST-00227,Consumer,East,PROD-0156,Technology,Phones,5,517.31,0.0,2586.55,644.15
ORD-002257,2025-04-01,2025-04-06,First Class,CUST-00463,Consumer,East,PROD-0157,Office Supplies,Storage,5,471.5,0.15,2003.88,-196.36
ORD-002258,2026-06-02,2026-06-07,Standard Class,CUST-00481,Consumer,West,PROD-0158,Technology,Copiers,4,838.01,0.0,3352.04,235.29
ORD-002259,2025-02-01,2025-02-03,Standard Class,CUST-00298,Consumer,Central,PROD-0159,Technology,Copiers,2,394.92,0.0,789.84,-47.63
ORD-002260,2024-12-15,2024-12-22,Standard Class,CUST-00300,Consumer,East,PROD-0160,Office Supplies,Binders,1,400.92,0.2,320.74,65.95
ORD-002261,2025-08-13,2025-08-18,Standard Class,CUST-00540,Consumer,West,PROD-0161,Office Supplies,Paper,7,858.85,0.0,6011.95,1652.99
ORD-002262,2024-04-28,2024-05-03,First Class,CUST-00817,Home Office,Central,PROD-0162,Furniture,Bookcases,9,667.22,0.1,5404.48,2018.87
ORD-002263,2024-12-17,2024-12-21,Standard Class,CUST-00317,Corporate,South,PROD-0163,Technology,Copiers,6,374.66,0.0,2247.96,346.65
ORD-002264,2024-12-12,2024-12-15,Standard Class,CUST-00760,Corporate,West,PROD-0164,Furniture,Bookcases,4,187.39,0.15,637.13,22.94
ORD-002265,2025-05-26,2025-05-28,Standard Class,CUST-00461,Corporate,East,PROD-0165,Office Supplies,Paper,4,438.23,0.1,1577.63,328.02
ORD-002266,2023-09-30,2023-10-03,Standard Class,CUST-00005,Home Office,East,PROD-0166,Office Supplies,Labels,5,469.6,0.0,2348.0,104.08
ORD-002267,2024-05-11,2024-05-17,Standard Class,CUST-00030,Home Office,Central,PROD-0167,Office Supplies,Art,10,736.31,0.0,7363.1,2026.93
ORD-002268,2026-02-04,2026-02-09,Standard Class,CUST-00814,Home Office,South,PROD-0168,Office Supplies,Labels,1,897.42,0.1,807.68,84.18
ORD-002269,2024-08-07,2024-08-10,Standard Class,CUST-00510,Home Office,West,PROD-0169,Office Supplies,Binders,4,651.36,0.2,2084.35,195.13
ORD-002270,2024-01-07,2024-01-11,Second Class,CUST-00339,Corporate,East,PROD-0170,Office Supplies,Binders,3,641.22,0.0,1923.66,622.23
ORD-002271,2025-08-31,2025-09-03,Standard Class,CUST-00410,Corporate,South,PROD-0171,Office Supplies,Art,1,877.39,0.1,789.65,91.79
ORD-002272,2025-04-19,2025-04-24,Standard Class,CUST-00845,Consumer,Central,PROD-0172,Office Supplies,Storage,7,188.37,0.0,1318.59,514.31
ORD-002273,2023-05-14,2023-05-19,First Class,CUST-00627,Consumer,Central,PROD-0173,Office Supplies,Art,9,160.88,0.0,1447.92,413.05
ORD-002274,2025-10-09,2025-10-11,Standard Class,CUST-00680,Corporate,East,PROD-0174,Office Supplies,Art,5,416.62,0.1,1874.79,57.03
ORD-002275,2024-12-26,2024-12-30,Second Class,CUST-00592,Consumer,Central,PROD-0175,Furniture,Tables,9,826.13,0.2,5948.14,2107.89
ORD-002276,2026-04-15,2026-04-17,Same Day,CUST-00398,Consumer,West,PROD-0176,Furniture,Tables,10,528.87,0.15,4495.39,1619.73
ORD-002277,2025-06-12,2025-06-19,Standard Class,CUST-00617,Consumer,Central,PROD-0177,Office Supplies,Storage,10,828.31,0.0,8283.1,2769.0
ORD-002278,2024-08-26,2024-08-29,First Class,CUST-00821,Consumer,South,PROD-0178,Technology,Copiers,3,414.97,0.0,1244.91,-15.47
ORD-002279,2025-04-16,2025-04-22,Standard Class,CUST-00113,Corporate,Central,PROD-0179,Office Supplies,Binders,5,441.82,0.0,2209.1,325.31
ORD-002280,2024-12-25,2024-12-26,Standard Class,CUST-00720,Corporate,East,PROD-0180,Furniture,Bookcases,9,486.6,0.0,4379.4,221.52
ORD-002281,2025-04-25,2025-04-30,Standard Class,CUST-00391,Consumer,South,PROD-0181,Office Supplies,Labels,1,77.67,0.2,62.14,11.75
ORD-002282,2023-01-18,2023-01-21,Standard Class,CUST-00397,Corporate,Central,PROD-0182,Furniture,Chairs,11,197.0,0.0,2167.0,857.1
ORD-002283,2024-09-13,2024-09-19,First Class,CUST-00415,Home Office,West,PROD-0183,Office Supplies,Labels,3,431.1,0.0,1293.3,103.64
ORD-002284,2025-07-28,2025-08-04,Standard Class,CUST-00732,Home Office,East,PROD-0184,Technology,Phones,6,544.73,0.0,3268.38,36.89
ORD-002285,2026-05-01,2026-05-02,Second Class,CUST-00464,Consumer,West,PROD-0185,Technology,Copiers,2,676.21,0.0,1352.42,148.74
ORD-002286,2025-09-28,2025-10-04,Standard Class,CUST-00040,Corporate,Central,PROD-0186,Technology,Accessories,7,127.01,0.0,889.07,-22.67
ORD-002287,2026-03-12,2026-03-15,Second Class,CUST-00259,Home Office,South,PROD-0187,Office Supplies,Labels,10,585.06,0.0,5850.6,1642.58
ORD-002288,2026-01-18,2026-01-19,Second Class,CUST-00451,Consumer,East,PROD-0188,Technology,Machines,3,522.47,0.0,1567.41,211.95
ORD-002289,2023-09-02,2023-09-08,Second Class,CUST-00796,Home Office,West,PROD-0189,Technology,Copiers,6,309.32,0.2,1484.74,412.16
ORD-002290,2023-04-27,2023-05-03,Standard Class,CUST-00489,Home Office,Central,PROD-0190,Office Supplies,Art,11,857.35,0.0,9430.85,1045.38
ORD-002291,2025-08-15,2025-08-20,Standard Class,CUST-00649,Home Office,Central,PROD-0191,Technology,Phones,2,277.81,0.0,555.62,45.79
ORD-002292,2023-07-28,2023-07-31,Second Class,CUST-00155,Consumer,South,PROD-0192,Office Supplies,Storage,11,179.16,0.1,1773.68,377.01
ORD-002293,2024-05-26,2024-06-02,Standard Class,CUST-00353,Consumer,West,PROD-0193,Furniture,Chairs,5,508.06,0.0,2540.3,817.33
ORD-002294,2025-07-16,2025-07-22,Standard Class,CUST-00388,Corporate,East,PROD-0194,Office Supplies,Paper,9,894.75,0.0,8052.75,1751.26
ORD-002295,2025-03-17,2025-03-23,First Class,CUST-00221,Home Office,East,PROD-0195,Technology,Phones,5,318.89,0.0,1594.45,432.95
ORD-002296,2025-07-22,2025-07-23,Second Class,CUST-00020,Consumer,Central,PROD-0196,Technology,Accessories,6,419.21,0.3,1760.68,463.89
ORD-002297,2025-05-30,2025-06-04,Second Class,CUST-00420,Consumer,South,PROD-0197,Technology,Phones,11,714.58,0.1,7074.34,1750.28
ORD-002298,2025-11-20,2025-11-25,Second Class,CUST-00839,Consumer,Central,PROD-0198,Office Supplies,Labels,3,468.33,0.0,1404.99,399.59
ORD-002299,2023-07-31,2023-08-04,Standard Class,CUST-00894,Corporate,East,PROD-0199,Technology,Machines,11,211.89,0.3,1631.55,242.29
ORD-002300,2025-07-22,2025-07-24,Second Class,CUST-00216,Corporate,Central,PROD-0200,Furniture,Bookcases,11,872.39,0.0,9596.29,97.83
ORD-002301,2026-01-18,2026-01-23,Standard Class,CUST-00077,Consumer,East,PROD-0201,Office Supplies,Art,1,446.65,0.0,446.65,-26.27
ORD-002302,2023-01-25,2023-01-27,Standard Class,CUST-00316,Corporate,West,PROD-0202,Office Supplies,Paper,3,784.27,0.0,2352.81,116.76
ORD-002303,2025-03-26,2025-03-30,Standard Class,CUST-00191,Consumer,East,PROD-0203,Office Supplies,Labels,3,534.86,0.0,1604.58,23.21
ORD-002304,2023-05-19,2023-05-21,Standard Class,CUST-00327,Home Office,South,PROD-0204,Technology,Phones,10,672.64,0.0,6726.4,383.45
ORD-002305,2025-02-03,2025-02-07,Standard Class,CUST-00175,Corporate,East,PROD-0205,Office Supplies,Storage,1,647.2,0.0,647.2,99.76
ORD-002306,2025-06-11,2025-06-16,Standard Class,CUST-00884,Home Office,West,PROD-0206,Technology,Phones,3,211.79,0.5,317.69,-7.52
ORD-002307,2026-06-22,2026-06-24,Second Class,CUST-00738,Corporate,South,PROD-0207,Office Supplies,Labels,5,765.67,0.0,3828.35,1060.12
ORD-002308,2025-09-24,2025-09-27,Second Class,CUST-00679,Corporate,West,PROD-0208,Technology,Machines,6,46.15,0.0,276.9,78.33
ORD-002309,2023-05-13,2023-05-18,Standard Class,CUST-00213,Corporate,South,PROD-0209,Office Supplies,Binders,5,233.05,0.0,1165.25,408.68
ORD-002310,2023-10-07,2023-10-10,Same Day,CUST-00683,Corporate,East,PROD-0210,Technology,Accessories,7,108.45,0.0,759.15,79.54
ORD-002311,2023-12-09,2023-12-11,Standard Class,CUST-00416,Home Office,Central,PROD-0211,Technology,Machines,9,663.44,0.5,2985.48,849.15
ORD-002312,2024-03-18,2024-03-24,Standard Class,CUST-00343,Consumer,South,PROD-0212,Office Supplies,Art,11,816.01,0.2,7180.89,-521.46
ORD-002313,2024-02-03,2024-02-04,Standard Class,CUST-00477,Consumer,South,PROD-0213,Furniture,Furnishings,6,882.05,0.0,5292.3,253.47
ORD-002314,2023-06-09,2023-06-15,Standard Class,CUST-00878,Corporate,West,PROD-0214,Technology,Phones,3,478.82,0.1,1292.81,381.1
ORD-002315,2025-04-24,2025-04-29,Standard Class,CUST-00394,Consumer,South,PROD-0215,Furniture,Chairs,8,93.55,0.1,673.56,138.63
ORD-002316,2023-09-18,2023-09-19,Second Class,CUST-00128,Consumer,West,PROD-0216,Furniture,Furnishings,4,765.55,0.15,2602.87,1023.96
ORD-002317,2023-07-10,2023-07-12,Second Class,CUST-00279,Consumer,Central,PROD-0217,Technology,Phones,11,826.46,0.2,7272.85,2334.44
ORD-002318,2023-04-16,2023-04-21,Standard Class,CUST-00085,Consumer,West,PROD-0218,Office Supplies,Storage,4,751.38,0.0,3005.52,-265.71
ORD-002319,2023-03-11,2023-03-13,Second Class,CUST-00755,Consumer,East,PROD-0219,Technology,Machines,9,299.04,0.0,2691.36,87.27
ORD-002320,2025-02-12,2025-02-14,Second Class,CUST-00894,Consumer,South,PROD-0220,Office Supplies,Art,3,185.73,0.1,501.47,167.17
ORD-002321,2024-08-05,2024-08-12,Second Class,CUST-00414,Consumer,East,PROD-0221,Technology,Phones,11,700.72,0.0,7707.92,2535.78
ORD-002322,2026-04-17,2026-04-24,Second Class,CUST-00181,Consumer,Central,PROD-0222,Office Supplies,Labels,4,151.36,0.0,605.44,82.62
ORD-002323,2024-12-17,2024-12-20,Standard Class,CUST-00435,Consumer,East,PROD-0223,Office Supplies,Labels,2,147.7,0.1,265.86,52.36
ORD-002324,2023-05-07,2023-05-08,First Class,CUST-00758,Corporate,East,PROD-0224,Furniture,Chairs,9,666.77,0.15,5100.79,503.54
ORD-002325,2024-02-04,2024-02-09,Standard Class,CUST-00836,Consumer,East,PROD-0225,Furniture,Chairs,10,150.28,0.0,1502.8,220.0
ORD-002326,2025-08-02,2025-08-04,Standard Class,CUST-00118,Corporate,West,PROD-0226,Furniture,Bookcases,10,374.94,0.0,3749.4,963.39
ORD-002327,2023-05-30,2023-06-01,Standard Class,CUST-00536,Consumer,Central,PROD-0227,Technology,Phones,7,568.0,0.0,3976.0,-61.71
ORD-002328,2024-10-12,2024-10-19,Second Class,CUST-00088,Corporate,Central,PROD-0228,Office Supplies,Paper,6,602.78,0.0,3616.68,1169.56
ORD-002329,2025-08-25,2025-08-29,Standard Class,CUST-00713,Consumer,South,PROD-0229,Office Supplies,Storage,1,285.39,0.0,285.39,57.06
ORD-002330,2023-10-01,2023-10-03,First Class,CUST-00470,Home Office,Central,PROD-0230,Furniture,Furnishings,11,108.12,0.0,1189.32,-53.85
ORD-002331,2025-03-31,2025-04-06,Second Class,CUST-00440,Consumer,South,PROD-0231,Furniture,Tables,11,617.16,0.0,6788.76,-648.35
ORD-002332,2025-09-05,2025-09-06,Standard Class,CUST-00057,Home Office,East,PROD-0232,Office Supplies,Binders,6,321.43,0.2,1542.86,453.21
ORD-002333,2023-06-07,2023-06-12,Standard Class,CUST-00885,Corporate,South,PROD-0233,Office Supplies,Paper,6,544.18,0.3,2285.56,843.13
ORD-002334,2025-09-24,2025-09-26,Standard Class,CUST-00159,Consumer,Central,PROD-0234,Technology,Machines,5,745.28,0.0,3726.4,299.34
ORD-002335,2025-10-14,2025-10-20,Standard Class,CUST-00867,Consumer,Central,PROD-0235,Technology,Phones,2,718.72,0.0,1437.44,149.5
ORD-002336,2024-04-16,2024-04-20,First Class,CUST-00171,Consumer,East,PROD-0236,Office Supplies,Paper,2,181.31,0.3,253.83,5.68
ORD-002337,2024-12-11,2024-12-15,Standard Class,CUST-00755,Consumer,Central,PROD-0237,Office Supplies,Paper,9,292.03,0.3,1839.79,358.51
ORD-002338,2023-12-31,2024-01-05,First Class,CUST-00262,Corporate,East,PROD-0238,Furniture,Tables,7,539.07,0.1,3396.14,1320.91
ORD-002339,2025-01-26,2025-01-27,First Class,CUST-00819,Home Office,West,PROD-0239,Office Supplies,Art,10,98.76,0.15,839.46,21.98
ORD-002340,2024-06-06,2024-06-08,Second Class,CUST-00005,Consumer,East,PROD-0240,Office Supplies,Labels,10,758.03,0.0,7580.3,55.77
ORD-002341,2025-08-07,2025-08-12,Second Class,CUST-00118,Consumer,East,PROD-0241,Technology,Accessories,3,662.84,0.0,1988.52,96.14
ORD-002342,2025-09-30,2025-10-02,Standard Class,CUST-00628,Consumer,East,PROD-0242,Technology,Machines,1,147.58,0.0,147.58,43.16
ORD-002343,2025-05-12,2025-05-13,Standard Class,CUST-00421,Corporate,West,PROD-0243,Furniture,Bookcases,11,331.92,0.0,3651.12,250.86
ORD-002344,2024-11-10,2024-11-17,Standard Class,CUST-00443,Consumer,West,PROD-0244,Furniture,Furnishings,3,372.23,0.0,1116.69,307.1
ORD-002345,2024-04-16,2024-04-20,Standard Class,CUST-00193,Corporate,Central,PROD-0245,Office Supplies,Labels,11,563.18,0.0,6194.98,-398.96
ORD-002346,2025-02-03,2025-02-08,Second Class,CUST-00466,Home Office,West,PROD-0246,Office Supplies,Storage,8,529.07,0.1,3809.3,-113.98
ORD-002347,2024-06-05,2024-06-08,Standard Class,CUST-00872,Corporate,West,PROD-0247,Office Supplies,Art,10,569.22,0.0,5692.2,-156.14
ORD-002348,2024-05-07,2024-05-13,Second Class,CUST-00174,Consumer,Central,PROD-0248,Furniture,Furnishings,6,362.81,0.15,1850.33,277.05
ORD-002349,2026-03-30,2026-04-04,Second Class,CUST-00509,Consumer,South,PROD-0249,Technology,Accessories,11,411.78,0.0,4529.58,185.94
ORD-002350,2025-11-27,2025-12-03,Second Class,CUST-00381,Consumer,West,PROD-0250,Office Supplies,Paper,9,811.68,0.0,7305.12,-615.38
ORD-002351,2026-05-18,2026-05-21,Standard Class,CUST-00368,Corporate,Central,PROD-0251,Office Supplies,Paper,7,223.58,0.0,1565.06,523.16
ORD-002352,2023-11-12,2023-11-17,Standard Class,CUST-00710,Corporate,South,PROD-0252,Furniture,Bookcases,3,622.58,0.1,1680.97,404.72
ORD-002353,2024-05-06,2024-05-07,Second Class,CUST-00090,Corporate,West,PROD-0253,Office Supplies,Labels,2,165.59,0.0,331.18,-31.13
ORD-002354,2024-03-07,2024-03-10,First Class,CUST-00524,Corporate,South,PROD-0254,Furniture,Furnishings,3,231.14,0.0,693.42,-2.4
ORD-002355,2026-05-19,2026-05-21,First Class,CUST-00754,Corporate,East,PROD-0255,Office Supplies,Art,2,636.24,0.0,1272.48,178.38
ORD-002356,2026-05-20,2026-05-23,Standard Class,CUST-00159,Consumer,East,PROD-0256,Office Supplies,Labels,10,704.08,0.0,7040.8,1168.8
ORD-002357,2025-10-13,2025-10-15,Standard Class,CUST-00369,Consumer,Central,PROD-0257,Technology,Copiers,10,845.63,0.0,8456.3,2539.81
ORD-002358,2025-06-01,2025-06-03,First Class,CUST-00558,Corporate,Central,PROD-0258,Technology,Copiers,8,565.91,0.15,3848.19,137.84
ORD-002359,2024-10-12,2024-10-17,Second Class,CUST-00775,Consumer,Central,PROD-0259,Technology,Phones,5,666.44,0.0,3332.2,662.35
ORD-002360,2023-01-29,2023-02-01,First Class,CUST-00593,Consumer,West,PROD-0260,Office Supplies,Labels,3,64.28,0.0,192.84,51.85
ORD-002361,2023-07-19,2023-07-21,Standard Class,CUST-00153,Consumer,East,PROD-0261,Furniture,Chairs,10,551.85,0.0,5518.5,1207.85
ORD-002362,2024-12-07,2024-12-12,Second Class,CUST-00626,Corporate,West,PROD-0262,Technology,Accessories,1,813.39,0.0,813.39,194.76
ORD-002363,2024-07-15,2024-07-18,Standard Class,CUST-00370,Consumer,South,PROD-0263,Office Supplies,Binders,8,441.0,0.0,3528.0,793.24
ORD-002364,2023-05-11,2023-05-12,Standard Class,CUST-00033,Consumer,South,PROD-0264,Office Supplies,Paper,5,392.1,0.0,1960.5,-59.97
ORD-002365,2026-01-20,2026-01-21,Standard Class,CUST-00108,Consumer,West,PROD-0265,Office Supplies,Paper,4,415.15,0.1,1494.54,174.38
ORD-002366,2026-02-01,2026-02-05,Same Day,CUST-00756,Corporate,East,PROD-0266,Office Supplies,Binders,11,814.97,0.0,8964.67,1269.56
ORD-002367,2025-06-13,2025-06-18,Second Class,CUST-00663,Consumer,East,PROD-0267,Technology,Accessories,10,792.17,0.0,7921.7,-704.04
ORD-002368,2023-10-28,2023-10-31,Standard Class,CUST-00715,Consumer,West,PROD-0268,Office Supplies,Binders,11,110.66,0.0,1217.26,-2.19
ORD-002369,2024-08-01,2024-08-05,Standard Class,CUST-00655,Consumer,South,PROD-0269,Office Supplies,Paper,1,131.19,0.1,118.07,1.4
ORD-002370,2025-05-28,2025-06-04,Standard Class,CUST-00116,Corporate,South,PROD-0270,Furniture,Bookcases,7,668.63,0.1,4212.37,-185.86
ORD-002371,2025-01-25,2025-01-26,Standard Class,CUST-00826,Corporate,West,PROD-0271,Furniture,Bookcases,8,254.45,0.0,2035.6,81.11
ORD-002372,2024-04-11,2024-04-14,First Class,CUST-00422,Home Office,West,PROD-0272,Technology,Phones,3,584.12,0.0,1752.36,452.98
ORD-002373,2023-02-08,2023-02-15,Second Class,CUST-00200,Home Office,East,PROD-0273,Furniture,Furnishings,6,502.17,0.0,3013.02,634.07
ORD-002374,2024-09-06,2024-09-08,Standard Class,CUST-00483,Consumer,South,PROD-0274,Furniture,Bookcases,11,595.8,0.1,5898.42,643.53
ORD-002375,2025-08-18,2025-08-22,Same Day,CUST-00491,Corporate,East,PROD-0275,Office Supplies,Binders,3,374.12,0.15,954.01,163.74
ORD-002376,2023-08-09,2023-08-12,Second Class,CUST-00417,Corporate,South,PROD-0276,Office Supplies,Art,6,523.69,0.0,3142.14,566.68
ORD-002377,2024-01-16,2024-01-17,Standard Class,CUST-00070,Consumer,West,PROD-0277,Furniture,Furnishings,1,897.15,0.1,807.43,-74.58
ORD-002378,2023-11-03,2023-11-07,Standard Class,CUST-00035,Consumer,Central,PROD-0278,Technology,Phones,11,416.81,0.0,4584.91,1471.75
ORD-002379,2023-07-18,2023-07-20,First Class,CUST-00170,Corporate,East,PROD-0279,Office Supplies,Storage,11,23.14,0.0,254.54,78.6
ORD-002380,2024-01-02,2024-01-07,Standard Class,CUST-00609,Home Office,South,PROD-0280,Technology,Accessories,6,889.0,0.0,5334.0,101.92
ORD-002381,2025-04-30,2025-05-04,Second Class,CUST-00388,Corporate,West,PROD-0281,Office Supplies,Paper,1,484.29,0.1,435.86,151.66
ORD-002382,2025-08-19,2025-08-25,Standard Class,CUST-00132,Home Office,East,PROD-0282,Office Supplies,Labels,3,718.6,0.0,2155.8,480.0
ORD-002383,2024-09-09,2024-09-14,Second Class,CUST-00260,Corporate,South,PROD-0283,Office Supplies,Paper,7,862.91,0.0,6040.37,1092.03
ORD-002384,2026-01-02,2026-01-09,First Class,CUST-00899,Corporate,West,PROD-0284,Furniture,Bookcases,7,51.06,0.0,357.42,-16.54
ORD-002385,2025-05-31,2025-06-06,Standard Class,CUST-00318,Consumer,West,PROD-0285,Technology,Machines,8,296.61,0.0,2372.88,535.49
ORD-002386,2026-01-01,2026-01-05,First Class,CUST-00626,Home Office,East,PROD-0286,Technology,Phones,7,692.92,0.1,4365.4,-215.09
ORD-002387,2024-01-29,2024-01-30,Second Class,CUST-00322,Home Office,Central,PROD-0287,Technology,Machines,3,629.55,0.15,1605.35,36.41
ORD-002388,2025-05-19,2025-05-25,Standard Class,CUST-00048,Consumer,South,PROD-0288,Technology,Copiers,8,613.28,0.0,4906.24,-318.21
ORD-002389,2026-05-14,2026-05-17,Standard Class,CUST-00877,Home Office,West,PROD-0289,Office Supplies,Storage,2,282.67,0.0,565.34,69.27
ORD-002390,2024-02-10,2024-02-17,First Class,CUST-00891,Home Office,South,PROD-0290,Office Supplies,Storage,3,814.04,0.0,2442.12,625.62
ORD-002391,2023-04-29,2023-05-05,Standard Class,CUST-00623,Consumer,Central,PROD-0291,Office Supplies,Binders,2,899.04,0.0,1798.08,557.81
ORD-002392,2023-08-05,2023-08-11,First Class,CUST-00305,Corporate,South,PROD-0292,Office Supplies,Art,6,877.0,0.1,4735.8,855.88
ORD-002393,2024-05-23,2024-05-29,Standard Class,CUST-00324,Consumer,East,PROD-0293,Furniture,Chairs,3,460.03,0.0,1380.09,27.55
ORD-002394,2023-01-18,2023-01-21,First Class,CUST-00649,Home Office,West,PROD-0294,Technology,Machines,5,486.18,0.1,2187.81,774.01
ORD-002395,2026-06-23,2026-06-29,Standard Class,CUST-00678,Home Office,East,PROD-0295,Technology,Machines,6,68.37,0.0,410.22,90.24
ORD-002396,2023-04-21,2023-04-28,Second Class,CUST-00399,Home Office,West,PROD-0296,Furniture,Tables,4,804.7,0.0,3218.8,600.83
ORD-002397,2025-05-17,2025-05-20,Second Class,CUST-00492,Consumer,South,PROD-0297,Office Supplies,Paper,10,462.15,0.0,4621.5,468.87
ORD-002398,2025-07-07,2025-07-09,First Class,CUST-00693,Consumer,Central,PROD-0298,Technology,Phones,7,372.81,0.0,2609.67,498.35
ORD-002399,2023-01-12,2023-01-14,Standard Class,CUST-00337,Consumer,Central,PROD-0299,Office Supplies,Storage,8,76.83,0.1,553.18,182.68
ORD-002400,2023-07-19,2023-07-24,Second Class,CUST-00071,Corporate,East,PROD-0300,Office Supplies,Paper,1,463.92,0.0,463.92,49.71
ORD-002401,2026-06-27,2026-07-03,Standard Class,CUST-00145,Home Office,West,PROD-0001,Office Supplies,Art,5,442.74,0.0,2213.7,-16.46
ORD-002402,2026-04-07,2026-04-10,Standard Class,CUST-00542,Consumer,East,PROD-0002,Office Supplies,Art,5,564.39,0.1,2539.76,293.64
ORD-002403,2026-05-19,2026-05-26,Standard Class,CUST-00606,Consumer,East,PROD-0003,Office Supplies,Labels,1,188.22,0.2,150.58,18.6
ORD-002404,2025-03-01,2025-03-05,Same Day,CUST-00229,Corporate,Central,PROD-0004,Office Supplies,Storage,3,571.03,0.0,1713.09,-42.3
ORD-002405,2023-09-24,2023-09-29,Standard Class,CUST-00715,Home Office,West,PROD-0005,Technology,Machines,9,176.54,0.0,1588.86,200.94
ORD-002406,2023-04-17,2023-04-18,Same Day,CUST-00850,Corporate,West,PROD-0006,Office Supplies,Labels,7,261.17,0.2,1462.55,-13.68
ORD-002407,2025-10-28,2025-10-31,Standard Class,CUST-00053,Home Office,East,PROD-0007,Office Supplies,Storage,7,713.92,0.0,4997.44,505.03
ORD-002408,2025-06-09,2025-06-16,First Class,CUST-00733,Corporate,South,PROD-0008,Technology,Phones,6,17.93,0.1,96.82,14.19
ORD-002409,2026-06-02,2026-06-09,Standard Class,CUST-00238,Consumer,South,PROD-0009,Technology,Phones,4,786.22,0.0,3144.88,1223.2
ORD-002410,2023-12-18,2023-12-23,Standard Class,CUST-00395,Consumer,West,PROD-0010,Office Supplies,Art,5,430.22,0.0,2151.1,557.64
ORD-002411,2026-05-15,2026-05-19,Second Class,CUST-00787,Home Office,South,PROD-0011,Furniture,Chairs,3,700.34,0.1,1890.92,654.01
ORD-002412,2024-07-23,2024-07-26,Same Day,CUST-00697,Home Office,West,PROD-0012,Office Supplies,Labels,3,244.68,0.0,734.04,195.67
ORD-002413,2023-09-30,2023-10-07,Same Day,CUST-00451,Home Office,Central,PROD-0013,Technology,Accessories,7,139.51,0.0,976.57,57.8
ORD-002414,2026-03-19,2026-03-24,Standard Class,CUST-00628,Home Office,East,PROD-0014,Furniture,Bookcases,5,360.82,0.0,1804.1,146.91
ORD-002415,2023-05-07,2023-05-10,Second Class,CUST-00023,Consumer,South,PROD-0015,Technology,Copiers,3,119.21,0.15,303.99,110.64
ORD-002416,2024-03-08,2024-03-09,Second Class,CUST-00358,Consumer,West,PROD-0016,Office Supplies,Storage,8,340.24,0.2,2177.54,135.3
ORD-002417,2024-12-08,2024-12-10,Standard Class,CUST-00613,Corporate,Central,PROD-0017,Furniture,Bookcases,5,281.53,0.0,1407.65,76.92
ORD-002418,2024-03-25,2024-03-29,Standard Class,CUST-00838,Home Office,West,PROD-0018,Technology,Machines,7,853.93,0.0,5977.51,-330.09
ORD-002419,2023-10-15,2023-10-21,Standard Class,CUST-00293,Consumer,West,PROD-0019,Furniture,Tables,6,217.06,0.1,1172.12,86.41
ORD-002420,2024-07-26,2024-07-29,Second Class,CUST-00019,Consumer,South,PROD-0020,Office Supplies,Labels,4,739.73,0.1,2663.03,688.85
ORD-002421,2026-04-29,2026-05-04,Standard Class,CUST-00073,Consumer,Central,PROD-0021,Technology,Phones,8,328.49,0.0,2627.92,997.36
ORD-002422,2024-10-30,2024-11-04,First Class,CUST-00200,Home Office,Central,PROD-0022,Technology,Machines,4,386.31,0.0,1545.24,-58.66
ORD-002423,2024-11-28,2024-11-29,Standard Class,CUST-00343,Consumer,Central,PROD-0023,Furniture,Tables,10,308.82,0.0,3088.2,824.78
ORD-002424,2026-01-04,2026-01-09,Second Class,CUST-00277,Consumer,West,PROD-0024,Office Supplies,Binders,8,170.12,0.15,1156.82,230.73
ORD-002425,2024-08-24,2024-08-27,Standard Class,CUST-00687,Home Office,Central,PROD-0025,Office Supplies,Art,10,525.37,0.1,4728.33,86.78
ORD-002426,2025-04-02,2025-04-06,Standard Class,CUST-00622,Consumer,Central,PROD-0026,Furniture,Bookcases,3,746.57,0.0,2239.71,110.55
ORD-002427,2026-01-27,2026-02-01,Standard Class,CUST-00217,Consumer,West,PROD-0027,Technology,Phones,10,170.1,0.0,1701.0,402.39
ORD-002428,2024-07-06,2024-07-09,Standard Class,CUST-00478,Home Office,Central,PROD-0028,Office Supplies,Storage,2,715.36,0.0,1430.72,290.17
ORD-002429,2026-05-08,2026-05-15,Second Class,CUST-00095,Home Office,South,PROD-0029,Office Supplies,Labels,4,653.49,0.0,2613.96,184.08
ORD-002430,2023-01-23,2023-01-25,Standard Class,CUST-00483,Consumer,East,PROD-0030,Office Supplies,Binders,5,311.34,0.0,1556.7,311.36
ORD-002431,2024-01-22,2024-01-24,Same Day,CUST-00393,Consumer,Central,PROD-0031,Office Supplies,Paper,11,261.46,0.2,2300.85,637.29
ORD-002432,2023-02-16,2023-02-21,Standard Class,CUST-00188,Consumer,East,PROD-0032,Office Supplies,Storage,3,81.52,0.1,220.1,-2.98
ORD-002433,2023-02-14,2023-02-21,Standard Class,CUST-00777,Consumer,South,PROD-0033,Technology,Machines,6,492.53,0.0,2955.18,40.26
ORD-002434,2025-01-27,2025-02-01,Standard Class,CUST-00642,Home Office,East,PROD-0034,Furniture,Chairs,5,630.41,0.1,2836.84,797.1
ORD-002435,2023-02-28,2023-03-07,Second Class,CUST-00711,Consumer,East,PROD-0035,Furniture,Bookcases,2,280.93,0.0,561.86,58.87
ORD-002436,2024-11-08,2024-11-13,Standard Class,CUST-00188,Home Office,South,PROD-0036,Office Supplies,Binders,5,571.99,0.1,2573.95,350.24
ORD-002437,2023-11-07,2023-11-08,Same Day,CUST-00232,Corporate,East,PROD-0037,Furniture,Bookcases,2,332.02,0.0,664.04,75.63
ORD-002438,2023-10-25,2023-11-01,Standard Class,CUST-00229,Corporate,East,PROD-0038,Technology,Phones,11,193.13,0.2,1699.54,244.7
ORD-002439,2024-04-13,2024-04-17,Same Day,CUST-00616,Consumer,South,PROD-0039,Furniture,Furnishings,2,263.63,0.1,474.53,17.85
ORD-002440,2023-12-10,2023-12-13,Standard Class,CUST-00110,Home Office,East,PROD-0040,Furniture,Chairs,1,323.8,0.0,323.8,66.92
ORD-002441,2023-11-16,2023-11-21,Standard Class,CUST-00611,Home Office,West,PROD-0041,Office Supplies,Art,9,388.48,0.0,3496.32,54.75
ORD-002442,2025-10-20,2025-10-22,Standard Class,CUST-00119,Home Office,West,PROD-0042,Office Supplies,Art,7,554.23,0.0,3879.61,236.42
ORD-002443,2024-05-27,2024-05-31,First Class,CUST-00476,Corporate,West,PROD-0043,Office Supplies,Art,4,169.01,0.15,574.63,15.83
ORD-002444,2024-01-23,2024-01-29,Standard Class,CUST-00604,Corporate,South,PROD-0044,Office Supplies,Paper,9,191.08,0.1,1547.75,151.85
ORD-002445,2025-11-29,2025-12-04,Standard Class,CUST-00424,Corporate,East,PROD-0045,Furniture,Bookcases,3,150.43,0.3,315.9,79.81
ORD-002446,2025-02-12,2025-02-13,Same Day,CUST-00114,Consumer,West,PROD-0046,Furniture,Tables,11,80.48,0.1,796.75,163.19
ORD-002447,2023-04-10,2023-04-16,First Class,CUST-00227,Corporate,South,PROD-0047,Technology,Copiers,5,249.22,0.0,1246.1,59.37
ORD-002448,2023-10-26,2023-10-27,Second Class,CUST-00135,Corporate,South,PROD-0048,Office Supplies,Storage,5,660.32,0.0,3301.6,869.61
ORD-002449,2023-12-28,2024-01-03,Same Day,CUST-00858,Corporate,Central,PROD-0049,Office Supplies,Binders,10,432.41,0.0,4324.1,930.14
ORD-002450,2026-01-23,2026-01-25,Standard Class,CUST-00221,Corporate,South,PROD-0050,Furniture,Chairs,9,123.05,0.0,1107.45,108.0
ORD-002451,2025-06-10,2025-06-15,Standard Class,CUST-00832,Corporate,Central,PROD-0051,Office Supplies,Paper,4,589.31,0.0,2357.24,210.04
ORD-002452,2024-03-23,2024-03-24,Standard Class,CUST-00606,Home Office,Central,PROD-0052,Office Supplies,Art,8,314.42,0.0,2515.36,610.74
ORD-002453,2024-12-05,2024-12-11,Standard Class,CUST-00686,Consumer,West,PROD-0053,Office Supplies,Storage,3,809.15,0.0,2427.45,482.34
ORD-002454,2026-04-17,2026-04-23,Standard Class,CUST-00238,Home Office,South,PROD-0054,Office Supplies,Storage,2,181.58,0.0,363.16,105.62
ORD-002455,2023-02-12,2023-02-17,Standard Class,CUST-00383,Consumer,East,PROD-0055,Furniture,Bookcases,5,890.39,0.0,4451.95,1704.12
ORD-002456,2023-05-31,2023-06-07,Standard Class,CUST-00239,Consumer,Central,PROD-0056,Technology,Copiers,2,698.81,0.1,1257.86,247.56
ORD-002457,2023-07-17,2023-07-23,Standard Class,CUST-00765,Consumer,East,PROD-0057,Office Supplies,Storage,9,43.08,0.0,387.72,-18.2
ORD-002458,2025-12-14,2025-12-18,Second Class,CUST-00721,Corporate,East,PROD-0058,Furniture,Tables,3,522.49,0.0,1567.47,576.19
ORD-002459,2025-10-30,2025-11-06,Standard Class,CUST-00045,Corporate,East,PROD-0059,Technology,Phones,11,82.72,0.2,727.94,214.61
ORD-002460,2026-03-05,2026-03-08,Standard Class,CUST-00626,Corporate,South,PROD-0060,Office Supplies,Storage,11,839.99,0.0,9239.89,3035.84
ORD-002461,2026-06-19,2026-06-26,Second Class,CUST-00392,Consumer,East,PROD-0061,Office Supplies,Storage,7,74.6,0.15,443.87,172.21
ORD-002462,2026-03-01,2026-03-06,Standard Class,CUST-00338,Corporate,West,PROD-0062,Office Supplies,Binders,7,321.81,0.0,2252.67,504.99
ORD-002463,2024-03-18,2024-03-22,First Class,CUST-00580,Corporate,Central,PROD-0063,Furniture,Chairs,11,552.18,0.0,6073.98,1094.57
ORD-002464,2025-08-16,2025-08-19,Standard Class,CUST-00031,Consumer,East,PROD-0064,Office Supplies,Paper,10,156.24,0.2,1249.92,456.82
ORD-002465,2024-01-24,2024-01-29,First Class,CUST-00006,Consumer,Central,PROD-0065,Technology,Accessories,9,617.29,0.0,5555.61,-479.19
ORD-002466,2023-07-10,2023-07-12,Second Class,CUST-00493,Home Office,South,PROD-0066,Office Supplies,Art,6,252.69,0.3,1061.3,-60.6
ORD-002467,2026-02-23,2026-02-24,Standard Class,CUST-00228,Consumer,South,PROD-0067,Office Supplies,Storage,2,317.11,0.0,634.22,230.87
ORD-002468,2023-01-26,2023-01-30,Second Class,CUST-00645,Home Office,West,PROD-0068,Office Supplies,Art,3,855.45,0.0,2566.35,466.09
ORD-002469,2025-01-17,2025-01-24,Second Class,CUST-00266,Consumer,South,PROD-0069,Technology,Machines,7,490.51,0.0,3433.57,1117.86
ORD-002470,2024-02-18,2024-02-20,First Class,CUST-00139,Consumer,West,PROD-0070,Office Supplies,Binders,1,440.42,0.15,374.36,63.44
ORD-002471,2024-07-29,2024-08-02,Standard Class,CUST-00770,Consumer,West,PROD-0071,Office Supplies,Storage,1,504.18,0.0,504.18,54.55
ORD-002472,2023-07-25,2023-08-01,Standard Class,CUST-00528,Corporate,West,PROD-0072,Furniture,Furnishings,5,498.31,0.0,2491.55,582.61
ORD-002473,2026-03-18,2026-03-25,Standard Class,CUST-00618,Consumer,East,PROD-0073,Furniture,Tables,11,288.45,0.0,3172.95,114.59
ORD-002474,2023-11-16,2023-11-20,Standard Class,CUST-00532,Consumer,Central,PROD-0074,Office Supplies,Paper,2,583.34,0.0,1166.68,-62.63
ORD-002475,2026-03-02,2026-03-07,Standard Class,CUST-00169,Corporate,Central,PROD-0075,Office Supplies,Binders,7,633.81,0.0,4436.67,1043.53
ORD-002476,2025-05-07,2025-05-09,Second Class,CUST-00214,Corporate,East,PROD-0076,Office Supplies,Labels,1,602.84,0.0,602.84,73.74
ORD-002477,2024-09-19,2024-09-24,Standard Class,CUST-00388,Consumer,East,PROD-0077,Office Supplies,Labels,4,90.74,0.15,308.52,84.39
ORD-002478,2024-07-13,2024-07-19,Standard Class,CUST-00787,Home Office,West,PROD-0078,Office Supplies,Storage,11,171.92,0.3,1323.78,342.37
ORD-002479,2024-12-28,2025-01-03,Standard Class,CUST-00056,Home Office,Central,PROD-0079,Office Supplies,Art,3,532.77,0.0,1598.31,-3.04
ORD-002480,2025-04-30,2025-05-01,Second Class,CUST-00640,Consumer,East,PROD-0080,Office Supplies,Labels,5,646.87,0.0,3234.35,48.56
ORD-002481,2023-02-05,2023-02-12,Standard Class,CUST-00030,Home Office,West,PROD-0081,Office Supplies,Paper,9,29.7,0.0,267.3,68.61
ORD-002482,2025-09-17,2025-09-18,Standard Class,CUST-00509,Home Office,West,PROD-0082,Office Supplies,Binders,3,10.09,0.0,30.27,3.62
ORD-002483,2025-05-04,2025-05-07,Standard Class,CUST-00487,Consumer,West,PROD-0083,Technology,Copiers,8,723.73,0.3,4052.89,1616.19
ORD-002484,2025-06-17,2025-06-24,Second Class,CUST-00464,Consumer,Central,PROD-0084,Office Supplies,Storage,11,592.59,0.0,6518.49,-276.3
ORD-002485,2023-04-21,2023-04-23,Second Class,CUST-00798,Corporate,South,PROD-0085,Technology,Copiers,9,174.6,0.2,1257.12,330.08
ORD-002486,2024-05-27,2024-05-30,First Class,CUST-00691,Consumer,Central,PROD-0086,Furniture,Chairs,2,611.61,0.2,978.58,-31.62
ORD-002487,2026-06-12,2026-06-18,Standard Class,CUST-00789,Consumer,East,PROD-0087,Office Supplies,Art,2,398.35,0.0,796.7,-39.72
ORD-002488,2025-06-08,2025-06-11,Standard Class,CUST-00493,Consumer,South,PROD-0088,Technology,Copiers,1,31.48,0.1,28.33,2.76
ORD-002489,2025-11-15,2025-11-21,Standard Class,CUST-00121,Consumer,Central,PROD-0089,Technology,Accessories,6,729.47,0.1,3939.14,20.35
ORD-002490,2024-03-12,2024-03-17,Standard Class,CUST-00600,Corporate,South,PROD-0090,Office Supplies,Binders,10,40.84,0.0,408.4,91.22
ORD-002491,2023-04-28,2023-04-29,Same Day,CUST-00690,Consumer,Central,PROD-0091,Office Supplies,Paper,6,16.6,0.2,79.68,19.15
ORD-002492,2023-03-05,2023-03-09,Standard Class,CUST-00736,Corporate,East,PROD-0092,Technology,Machines,9,73.22,0.1,593.08,180.48
ORD-002493,2026-02-23,2026-02-27,Second Class,CUST-00395,Consumer,West,PROD-0093,Office Supplies,Binders,4,672.06,0.0,2688.24,538.33
ORD-002494,2025-09-28,2025-10-05,Standard Class,CUST-00168,Home Office,South,PROD-0094,Office Supplies,Storage,1,577.65,0.0,577.65,159.82
ORD-002495,2023-12-06,2023-12-10,First Class,CUST-00350,Home Office,West,PROD-0095,Technology,Machines,2,267.61,0.1,481.7,120.42
ORD-002496,2023-08-13,2023-08-19,Standard Class,CUST-00368,Corporate,West,PROD-0096,Office Supplies,Paper,4,509.34,0.0,2037.36,-36.31
ORD-002497,2023-09-20,2023-09-21,Second Class,CUST-00043,Corporate,South,PROD-0097,Technology,Phones,2,470.55,0.5,470.55,180.7
ORD-002498,2026-03-11,2026-03-15,Second Class,CUST-00408,Consumer,South,PROD-0098,Office Supplies,Storage,11,163.46,0.15,1528.35,546.52
ORD-002499,2025-02-14,2025-02-21,Standard Class,CUST-00376,Home Office,West,PROD-0099,Office Supplies,Paper,5,677.85,0.0,3389.25,352.06
ORD-002500,2023-04-03,2023-04-10,Standard Class,CUST-00019,Corporate,East,PROD-0100,Technology,Copiers,4,714.07,0.1,2570.65,764.24
ORD-002501,2023-05-20,2023-05-22,Standard Class,CUST-00559,Home Office,East,PROD-0101,Furniture,Chairs,10,332.84,0.0,3328.4,599.62
ORD-002502,2025-07-10,2025-07-15,First Class,CUST-00607,Corporate,West,PROD-0102,Technology,Accessories,8,384.49,0.0,3075.92,983.26
ORD-002503,2025-10-08,2025-10-15,Standard Class,CUST-00861,Consumer,East,PROD-0103,Furniture,Furnishings,11,337.2,0.0,3709.2,258.05
ORD-002504,2025-02-03,2025-02-06,Standard Class,CUST-00044,Consumer,West,PROD-0104,Office Supplies,Binders,9,225.11,0.15,1722.09,299.72
ORD-002505,2023-02-28,2023-03-06,First Class,CUST-00377,Consumer,East,PROD-0105,Office Supplies,Storage,6,379.54,0.2,1821.79,331.48
ORD-002506,2024-07-25,2024-07-28,Standard Class,CUST-00197,Corporate,West,PROD-0106,Technology,Machines,10,281.65,0.0,2816.5,-206.17
ORD-002507,2024-04-05,2024-04-11,Standard Class,CUST-00613,Home Office,South,PROD-0107,Office Supplies,Paper,5,251.38,0.0,1256.9,101.18
ORD-002508,2023-06-22,2023-06-23,Standard Class,CUST-00154,Corporate,Central,PROD-0108,Technology,Machines,3,164.19,0.0,492.57,102.55
ORD-002509,2024-02-14,2024-02-16,Standard Class,CUST-00118,Consumer,South,PROD-0109,Furniture,Chairs,2,527.58,0.3,738.61,137.36
ORD-002510,2024-04-05,2024-04-11,Second Class,CUST-00128,Corporate,East,PROD-0110,Office Supplies,Labels,6,778.18,0.0,4669.08,559.74
ORD-002511,2026-04-15,2026-04-20,Standard Class,CUST-00270,Consumer,West,PROD-0111,Office Supplies,Paper,9,697.32,0.1,5648.29,399.85
ORD-002512,2023-11-03,2023-11-10,Standard Class,CUST-00840,Corporate,Central,PROD-0112,Office Supplies,Binders,2,548.66,0.1,987.59,-60.89
ORD-002513,2023-04-28,2023-05-03,Second Class,CUST-00281,Consumer,East,PROD-0113,Furniture,Bookcases,5,730.17,0.0,3650.85,1065.1
ORD-002514,2024-11-16,2024-11-22,Second Class,CUST-00850,Consumer,South,PROD-0114,Technology,Phones,8,570.19,0.15,3877.29,482.26
ORD-002515,2025-01-28,2025-02-03,Standard Class,CUST-00102,Consumer,South,PROD-0115,Office Supplies,Labels,8,728.88,0.0,5831.04,-554.53
ORD-002516,2025-04-09,2025-04-14,Standard Class,CUST-00094,Home Office,West,PROD-0116,Office Supplies,Storage,4,204.76,0.0,819.04,220.02
ORD-002517,2023-09-28,2023-09-30,Same Day,CUST-00856,Corporate,South,PROD-0117,Furniture,Tables,6,488.23,0.0,2929.38,62.17
ORD-002518,2025-02-06,2025-02-07,Standard Class,CUST-00770,Corporate,East,PROD-0118,Furniture,Furnishings,4,41.55,0.15,141.27,31.21
ORD-002519,2025-07-28,2025-08-01,Standard Class,CUST-00868,Consumer,West,PROD-0119,Office Supplies,Labels,9,638.41,0.0,5745.69,-119.25
ORD-002520,2023-05-01,2023-05-08,Standard Class,CUST-00333,Consumer,East,PROD-0120,Technology,Copiers,11,644.07,0.2,5667.82,-49.31
ORD-002521,2023-02-22,2023-03-01,Standard Class,CUST-00827,Consumer,East,PROD-0121,Office Supplies,Storage,1,139.9,0.0,139.9,34.85
ORD-002522,2023-02-27,2023-03-01,Second Class,CUST-00881,Corporate,East,PROD-0122,Office Supplies,Paper,1,183.67,0.0,183.67,22.04
ORD-002523,2024-04-28,2024-05-04,Standard Class,CUST-00597,Consumer,East,PROD-0123,Technology,Machines,10,410.42,0.0,4104.2,149.23
ORD-002524,2024-02-27,2024-03-04,Standard Class,CUST-00522,Home Office,West,PROD-0124,Furniture,Tables,9,892.64,0.1,7230.38,2093.94
ORD-002525,2023-01-11,2023-01-17,Standard Class,CUST-00458,Home Office,East,PROD-0125,Office Supplies,Binders,3,338.37,0.0,1015.11,347.46
ORD-002526,2024-09-16,2024-09-20,Standard Class,CUST-00520,Consumer,South,PROD-0126,Office Supplies,Labels,9,743.49,0.2,5353.13,-428.24
ORD-002527,2026-03-14,2026-03-15,Second Class,CUST-00603,Consumer,South,PROD-0127,Furniture,Tables,5,739.71,0.0,3698.55,263.55
ORD-002528,2024-05-12,2024-05-14,Standard Class,CUST-00586,Consumer,East,PROD-0128,Furniture,Tables,1,221.72,0.2,177.38,37.73
ORD-002529,2023-03-14,2023-03-20,Standard Class,CUST-00074,Consumer,West,PROD-0129,Office Supplies,Labels,4,500.15,0.0,2000.6,43.75
ORD-002530,2023-10-18,2023-10-20,Standard Class,CUST-00101,Corporate,Central,PROD-0130,Furniture,Bookcases,2,521.88,0.1,939.38,16.36
ORD-002531,2025-01-19,2025-01-23,Same Day,CUST-00750,Consumer,West,PROD-0131,Office Supplies,Storage,8,744.34,0.0,5954.72,298.99
ORD-002532,2025-11-27,2025-11-30,Standard Class,CUST-00395,Corporate,Central,PROD-0132,Technology,Phones,9,181.49,0.0,1633.41,111.9
ORD-002533,2023-07-11,2023-07-14,Same Day,CUST-00676,Consumer,East,PROD-0133,Furniture,Chairs,8,527.3,0.0,4218.4,-221.02
ORD-002534,2026-05-19,2026-05-24,Standard Class,CUST-00125,Consumer,Central,PROD-0134,Office Supplies,Storage,6,548.65,0.0,3291.9,-3.58
ORD-002535,2023-03-07,2023-03-11,Second Class,CUST-00856,Corporate,South,PROD-0135,Office Supplies,Binders,6,790.44,0.0,4742.64,911.8
ORD-002536,2024-06-28,2024-07-03,Second Class,CUST-00518,Consumer,Central,PROD-0136,Furniture,Bookcases,6,418.24,0.5,1254.72,160.76
ORD-002537,2023-11-12,2023-11-14,Standard Class,CUST-00807,Corporate,South,PROD-0137,Technology,Phones,1,505.05,0.0,505.05,90.12
ORD-002538,2023-05-29,2023-05-30,Second Class,CUST-00030,Home Office,East,PROD-0138,Technology,Machines,10,403.41,0.0,4034.1,1333.0
ORD-002539,2026-06-05,2026-06-10,Same Day,CUST-00755,Consumer,Central,PROD-0139,Technology,Phones,5,834.55,0.0,4172.75,1486.49
ORD-002540,2025-08-01,2025-08-08,Standard Class,CUST-00118,Consumer,South,PROD-0140,Technology,Copiers,4,602.44,0.3,1686.83,342.79
ORD-002541,2026-03-28,2026-04-04,First Class,CUST-00357,Consumer,South,PROD-0141,Furniture,Furnishings,10,613.11,0.0,6131.1,182.01
ORD-002542,2024-08-26,2024-08-28,Standard Class,CUST-00602,Home Office,East,PROD-0142,Furniture,Chairs,7,371.75,0.0,2602.25,-164.09
ORD-002543,2023-09-06,2023-09-09,Standard Class,CUST-00262,Corporate,East,PROD-0143,Technology,Copiers,2,304.6,0.15,517.82,136.63
ORD-002544,2024-11-14,2024-11-21,First Class,CUST-00160,Consumer,Central,PROD-0144,Technology,Phones,8,298.1,0.1,2146.32,776.19
ORD-002545,2023-08-14,2023-08-17,Same Day,CUST-00537,Corporate,East,PROD-0145,Furniture,Furnishings,5,371.89,0.1,1673.5,51.35
ORD-002546,2023-02-01,2023-02-02,Standard Class,CUST-00115,Corporate,East,PROD-0146,Office Supplies,Paper,2,799.13,0.0,1598.26,541.67
ORD-002547,2025-04-13,2025-04-17,Standard Class,CUST-00123,Home Office,South,PROD-0147,Office Supplies,Storage,4,704.58,0.0,2818.32,189.49
ORD-002548,2024-12-07,2024-12-11,Standard Class,CUST-00607,Consumer,Central,PROD-0148,Furniture,Bookcases,7,408.93,0.0,2862.51,459.82
ORD-002549,2023-01-12,2023-01-17,Standard Class,CUST-00316,Consumer,Central,PROD-0149,Furniture,Furnishings,8,306.51,0.1,2206.87,370.38
ORD-002550,2024-06-30,2024-07-01,Standard Class,CUST-00812,Home Office,East,PROD-0150,Office Supplies,Art,8,468.02,0.0,3744.16,150.06
ORD-002551,2023-08-12,2023-08-16,Standard Class,CUST-00349,Corporate,West,PROD-0151,Technology,Copiers,2,816.27,0.2,1306.03,206.36
ORD-002552,2025-11-03,2025-11-08,Standard Class,CUST-00468,Consumer,West,PROD-0152,Technology,Phones,7,24.38,0.1,153.59,57.64
ORD-002553,2024-09-14,2024-09-16,Standard Class,CUST-00225,Home Office,East,PROD-0153,Office Supplies,Art,11,440.06,0.1,4356.59,734.78
ORD-002554,2025-01-22,2025-01-24,Standard Class,CUST-00547,Consumer,West,PROD-0154,Technology,Phones,4,691.1,0.0,2764.4,152.32
ORD-002555,2026-06-24,2026-07-01,Second Class,CUST-00049,Consumer,South,PROD-0155,Technology,Accessories,6,526.3,0.2,2526.24,-240.38
ORD-002556,2024-09-25,2024-09-30,Standard Class,CUST-00359,Corporate,South,PROD-0156,Office Supplies,Binders,9,197.24,0.0,1775.16,138.47
ORD-002557,2024-06-19,2024-06-21,Standard Class,CUST-00227,Consumer,East,PROD-0157,Office Supplies,Labels,6,829.17,0.0,4975.02,207.57
ORD-002558,2023-05-12,2023-05-16,Standard Class,CUST-00118,Corporate,West,PROD-0158,Office Supplies,Art,11,420.7,0.3,3239.39,260.42
ORD-002559,2025-04-26,2025-04-29,First Class,CUST-00267,Corporate,South,PROD-0159,Furniture,Furnishings,9,762.63,0.3,4804.57,-431.0
ORD-002560,2024-06-19,2024-06-24,Standard Class,CUST-00124,Home Office,South,PROD-0160,Office Supplies,Labels,9,654.02,0.0,5886.18,2143.81
ORD-002561,2025-10-03,2025-10-10,First Class,CUST-00005,Home Office,East,PROD-0161,Office Supplies,Binders,11,657.28,0.0,7230.08,2735.27
ORD-002562,2023-07-16,2023-07-20,Standard Class,CUST-00378,Corporate,West,PROD-0162,Office Supplies,Labels,11,123.3,0.0,1356.3,121.73
ORD-002563,2024-10-19,2024-10-26,Standard Class,CUST-00392,Consumer,South,PROD-0163,Office Supplies,Art,6,311.4,0.0,1868.4,285.77
ORD-002564,2023-05-03,2023-05-04,First Class,CUST-00746,Consumer,Central,PROD-0164,Office Supplies,Binders,4,26.68,0.0,106.72,32.38
ORD-002565,2025-09-13,2025-09-16,Standard Class,CUST-00897,Corporate,West,PROD-0165,Office Supplies,Binders,1,14.89,0.0,14.89,1.01
ORD-002566,2023-11-04,2023-11-07,Standard Class,CUST-00447,Consumer,West,PROD-0166,Office Supplies,Art,6,69.77,0.0,418.62,93.57
ORD-002567,2023-09-13,2023-09-14,First Class,CUST-00105,Home Office,West,PROD-0167,Office Supplies,Paper,4,266.65,0.0,1066.6,104.91
ORD-002568,2024-01-05,2024-01-11,Standard Class,CUST-00512,Consumer,West,PROD-0168,Office Supplies,Binders,5,695.92,0.15,2957.66,893.96
ORD-002569,2024-12-22,2024-12-28,Second Class,CUST-00380,Consumer,South,PROD-0169,Office Supplies,Art,10,92.64,0.5,463.2,128.86
ORD-002570,2026-06-02,2026-06-04,Standard Class,CUST-00860,Consumer,South,PROD-0170,Furniture,Furnishings,5,791.59,0.0,3957.95,837.93
ORD-002571,2023-07-20,2023-07-23,Standard Class,CUST-00521,Corporate,South,PROD-0171,Office Supplies,Binders,4,145.24,0.0,580.96,-14.34
ORD-002572,2024-10-18,2024-10-19,Standard Class,CUST-00738,Corporate,South,PROD-0172,Office Supplies,Labels,4,260.71,0.2,834.27,287.54
ORD-002573,2023-05-14,2023-05-21,Standard Class,CUST-00646,Home Office,Central,PROD-0173,Office Supplies,Paper,11,871.32,0.1,8626.07,248.73
ORD-002574,2024-07-29,2024-07-30,Standard Class,CUST-00762,Consumer,South,PROD-0174,Technology,Phones,1,746.08,0.0,746.08,278.32
ORD-002575,2025-05-23,2025-05-28,Standard Class,CUST-00175,Corporate,South,PROD-0175,Technology,Accessories,1,765.19,0.0,765.19,-29.29
ORD-002576,2023-02-04,2023-02-11,Second Class,CUST-00105,Consumer,Central,PROD-0176,Office Supplies,Labels,6,126.74,0.1,684.4,246.33
ORD-002577,2025-08-12,2025-08-13,Standard Class,CUST-00439,Home Office,South,PROD-0177,Technology,Accessories,9,278.31,0.0,2504.79,-136.43
ORD-002578,2023-12-22,2023-12-23,First Class,CUST-00552,Consumer,West,PROD-0178,Technology,Machines,3,486.03,0.1,1312.28,497.74
ORD-002579,2023-05-21,2023-05-27,Second Class,CUST-00191,Consumer,Central,PROD-0179,Office Supplies,Storage,7,574.8,0.0,4023.6,818.46
ORD-002580,2024-11-10,2024-11-15,Second Class,CUST-00046,Consumer,West,PROD-0180,Office Supplies,Storage,9,78.31,0.0,704.79,-8.67
ORD-002581,2023-06-15,2023-06-18,Standard Class,CUST-00869,Corporate,West,PROD-0181,Technology,Copiers,7,723.28,0.1,4556.66,1218.71
ORD-002582,2025-12-02,2025-12-06,Standard Class,CUST-00159,Home Office,South,PROD-0182,Office Supplies,Paper,8,375.93,0.0,3007.44,-217.04
ORD-002583,2025-11-07,2025-11-08,Standard Class,CUST-00766,Corporate,South,PROD-0183,Technology,Copiers,5,354.51,0.2,1418.04,-27.6
ORD-002584,2023-11-02,2023-11-08,Same Day,CUST-00884,Corporate,South,PROD-0184,Office Supplies,Storage,10,635.94,0.15,5405.49,1039.2
ORD-002585,2024-12-04,2024-12-09,Second Class,CUST-00750,Consumer,South,PROD-0185,Office Supplies,Storage,10,719.2,0.1,6472.8,2495.75
ORD-002586,2025-02-12,2025-02-18,Standard Class,CUST-00220,Consumer,West,PROD-0186,Technology,Copiers,11,590.07,0.0,6490.77,694.73
ORD-002587,2024-09-12,2024-09-15,Standard Class,CUST-00594,Corporate,South,PROD-0187,Furniture,Chairs,8,812.23,0.2,5198.27,1934.14
ORD-002588,2025-05-09,2025-05-14,Standard Class,CUST-00376,Consumer,South,PROD-0188,Furniture,Tables,5,317.28,0.1,1427.76,144.43
ORD-002589,2024-04-02,2024-04-04,Standard Class,CUST-00891,Corporate,East,PROD-0189,Office Supplies,Labels,5,234.07,0.0,1170.35,233.58
ORD-002590,2023-09-05,2023-09-07,Standard Class,CUST-00848,Consumer,West,PROD-0190,Office Supplies,Storage,7,9.99,0.5,34.97,9.73
ORD-002591,2025-11-20,2025-11-22,Standard Class,CUST-00450,Consumer,Central,PROD-0191,Office Supplies,Storage,8,836.56,0.1,6023.23,2388.1
ORD-002592,2024-04-05,2024-04-11,Standard Class,CUST-00458,Corporate,South,PROD-0192,Office Supplies,Paper,10,420.35,0.1,3783.15,690.82
ORD-002593,2024-09-16,2024-09-23,Second Class,CUST-00834,Consumer,East,PROD-0193,Office Supplies,Storage,4,84.94,0.2,271.81,15.11
ORD-002594,2026-01-21,2026-01-27,Standard Class,CUST-00667,Corporate,West,PROD-0194,Office Supplies,Art,8,614.92,0.15,4181.46,-160.24
ORD-002595,2025-09-26,2025-10-01,Standard Class,CUST-00537,Consumer,South,PROD-0195,Technology,Accessories,1,251.65,0.15,213.9,50.24
ORD-002596,2024-08-15,2024-08-19,Standard Class,CUST-00575,Corporate,South,PROD-0196,Office Supplies,Art,8,47.77,0.0,382.16,116.72
ORD-002597,2024-11-16,2024-11-22,Second Class,CUST-00705,Consumer,South,PROD-0197,Office Supplies,Paper,1,404.02,0.0,404.02,7.64
ORD-002598,2023-02-07,2023-02-11,First Class,CUST-00231,Consumer,West,PROD-0198,Office Supplies,Binders,9,804.37,0.0,7239.33,1555.1
ORD-002599,2025-01-11,2025-01-14,Second Class,CUST-00653,Consumer,South,PROD-0199,Technology,Copiers,1,43.99,0.0,43.99,4.25
ORD-002600,2024-05-30,2024-06-02,Standard Class,CUST-00602,Consumer,East,PROD-0200,Office Supplies,Storage,1,684.66,0.0,684.66,17.82
ORD-002601,2025-02-13,2025-02-15,Second Class,CUST-00214,Consumer,South,PROD-0201,Technology,Accessories,11,294.95,0.1,2920.01,604.92
ORD-002602,2023-09-15,2023-09-19,First Class,CUST-00070,Consumer,West,PROD-0202,Technology,Machines,1,579.74,0.0,579.74,219.51
ORD-002603,2023-08-07,2023-08-08,Standard Class,CUST-00336,Consumer,South,PROD-0203,Office Supplies,Paper,4,733.83,0.3,2054.72,405.6
ORD-002604,2023-08-26,2023-08-30,Standard Class,CUST-00440,Corporate,East,PROD-0204,Technology,Accessories,1,106.98,0.0,106.98,-5.84
ORD-002605,2026-05-22,2026-05-28,First Class,CUST-00573,Corporate,South,PROD-0205,Technology,Machines,7,141.41,0.1,890.88,-65.56
ORD-002606,2026-01-23,2026-01-26,Standard Class,CUST-00719,Home Office,East,PROD-0206,Furniture,Tables,8,852.83,0.0,6822.64,-359.57
ORD-002607,2024-05-03,2024-05-07,Standard Class,CUST-00341,Consumer,Central,PROD-0207,Technology,Accessories,7,429.13,0.0,3003.91,-110.73
ORD-002608,2025-05-23,2025-05-29,Standard Class,CUST-00541,Consumer,West,PROD-0208,Technology,Phones,4,30.84,0.0,123.36,29.64
ORD-002609,2023-10-26,2023-10-30,Standard Class,CUST-00411,Consumer,South,PROD-0209,Furniture,Bookcases,4,427.68,0.0,1710.72,118.71
ORD-002610,2024-07-26,2024-07-30,Standard Class,CUST-00157,Corporate,Central,PROD-0210,Office Supplies,Labels,7,497.36,0.0,3481.52,957.1
ORD-002611,2023-08-22,2023-08-29,First Class,CUST-00294,Corporate,East,PROD-0211,Furniture,Bookcases,1,468.61,0.0,468.61,-7.84
ORD-002612,2024-06-24,2024-06-27,Second Class,CUST-00725,Home Office,South,PROD-0212,Technology,Machines,4,431.06,0.0,1724.24,252.18
ORD-002613,2025-01-02,2025-01-05,First Class,CUST-00412,Corporate,West,PROD-0213,Office Supplies,Storage,11,48.34,0.1,478.57,186.11
ORD-002614,2025-12-07,2025-12-12,Standard Class,CUST-00715,Consumer,Central,PROD-0214,Furniture,Bookcases,4,249.48,0.0,997.92,86.46
ORD-002615,2025-02-06,2025-02-11,Standard Class,CUST-00235,Corporate,East,PROD-0215,Office Supplies,Binders,3,899.02,0.0,2697.06,1030.55
ORD-002616,2023-01-13,2023-01-16,Standard Class,CUST-00863,Corporate,Central,PROD-0216,Technology,Phones,8,138.86,0.2,888.7,14.63
ORD-002617,2025-03-05,2025-03-10,Standard Class,CUST-00060,Consumer,Central,PROD-0217,Office Supplies,Paper,11,805.57,0.0,8861.27,957.87
ORD-002618,2024-09-29,2024-10-05,Standard Class,CUST-00880,Consumer,Central,PROD-0218,Technology,Phones,5,515.84,0.0,2579.2,93.11
ORD-002619,2025-06-17,2025-06-18,Second Class,CUST-00417,Consumer,Central,PROD-0219,Furniture,Chairs,7,500.56,0.0,3503.92,189.28
ORD-002620,2023-09-01,2023-09-04,Standard Class,CUST-00472,Home Office,West,PROD-0220,Furniture,Bookcases,11,76.1,0.0,837.1,171.82
ORD-002621,2025-02-23,2025-02-28,Standard Class,CUST-00682,Consumer,South,PROD-0221,Technology,Copiers,6,304.84,0.0,1829.04,658.4
ORD-002622,2024-02-14,2024-02-20,Standard Class,CUST-00899,Consumer,Central,PROD-0222,Technology,Accessories,6,744.76,0.0,4468.56,-246.59
ORD-002623,2024-04-08,2024-04-10,First Class,CUST-00482,Consumer,West,PROD-0223,Office Supplies,Paper,4,574.82,0.2,1839.42,-151.83
ORD-002624,2024-01-06,2024-01-12,Second Class,CUST-00185,Consumer,South,PROD-0224,Office Supplies,Labels,1,24.63,0.3,17.24,-1.58
ORD-002625,2025-09-10,2025-09-15,Standard Class,CUST-00879,Home Office,Central,PROD-0225,Furniture,Tables,1,450.49,0.0,450.49,104.16
ORD-002626,2023-10-07,2023-10-14,First Class,CUST-00730,Home Office,East,PROD-0226,Office Supplies,Labels,9,476.36,0.1,3858.52,596.67
ORD-002627,2023-12-27,2023-12-31,First Class,CUST-00823,Corporate,East,PROD-0227,Technology,Copiers,3,793.43,0.0,2380.29,85.68
ORD-002628,2026-04-08,2026-04-10,Second Class,CUST-00099,Consumer,East,PROD-0228,Office Supplies,Storage,4,447.58,0.1,1611.29,-151.55
ORD-002629,2024-10-23,2024-10-29,Standard Class,CUST-00723,Corporate,Central,PROD-0229,Office Supplies,Storage,8,179.17,0.1,1290.02,221.92
ORD-002630,2025-12-13,2025-12-14,Standard Class,CUST-00243,Home Office,West,PROD-0230,Office Supplies,Paper,2,506.53,0.2,810.45,134.53
ORD-002631,2023-12-24,2023-12-30,First Class,CUST-00525,Corporate,South,PROD-0231,Technology,Copiers,9,232.19,0.0,2089.71,694.18
ORD-002632,2023-06-23,2023-06-24,Standard Class,CUST-00188,Home Office,East,PROD-0232,Office Supplies,Paper,10,766.87,0.0,7668.7,-766.12
ORD-002633,2026-04-27,2026-04-29,Standard Class,CUST-00475,Consumer,West,PROD-0233,Furniture,Bookcases,4,786.45,0.0,3145.8,568.93
ORD-002634,2025-11-18,2025-11-21,Standard Class,CUST-00645,Home Office,Central,PROD-0234,Furniture,Tables,3,798.36,0.1,2155.57,309.63
ORD-002635,2024-12-16,2024-12-20,Standard Class,CUST-00527,Corporate,Central,PROD-0235,Technology,Machines,1,888.21,0.0,888.21,147.19
ORD-002636,2025-09-30,2025-10-07,First Class,CUST-00333,Consumer,East,PROD-0236,Furniture,Chairs,4,135.37,0.0,541.48,39.38
ORD-002637,2024-12-09,2024-12-12,First Class,CUST-00527,Consumer,South,PROD-0237,Furniture,Chairs,8,168.69,0.15,1147.09,101.58
ORD-002638,2024-08-19,2024-08-26,Standard Class,CUST-00611,Consumer,Central,PROD-0238,Office Supplies,Binders,1,214.59,0.0,214.59,46.58
ORD-002639,2024-06-13,2024-06-14,Standard Class,CUST-00496,Home Office,East,PROD-0239,Office Supplies,Labels,6,48.71,0.3,204.58,5.72
ORD-002640,2023-05-08,2023-05-12,First Class,CUST-00583,Corporate,Central,PROD-0240,Office Supplies,Storage,7,884.44,0.15,5262.42,1406.04
ORD-002641,2025-12-07,2025-12-12,Standard Class,CUST-00688,Consumer,Central,PROD-0241,Technology,Machines,4,517.79,0.0,2071.16,57.83
ORD-002642,2024-03-08,2024-03-15,Standard Class,CUST-00271,Corporate,East,PROD-0242,Technology,Machines,4,529.23,0.0,2116.92,554.19
ORD-002643,2025-11-02,2025-11-06,Standard Class,CUST-00638,Home Office,West,PROD-0243,Office Supplies,Paper,3,831.41,0.2,1995.38,383.77
ORD-002644,2024-06-16,2024-06-17,First Class,CUST-00812,Corporate,West,PROD-0244,Office Supplies,Binders,7,45.41,0.0,317.87,62.65
ORD-002645,2024-06-13,2024-06-15,Second Class,CUST-00497,Home Office,East,PROD-0245,Technology,Copiers,1,551.58,0.0,551.58,141.52
ORD-002646,2025-09-18,2025-09-22,Standard Class,CUST-00810,Corporate,South,PROD-0246,Technology,Copiers,8,59.21,0.0,473.68,68.98
ORD-002647,2026-01-23,2026-01-24,Standard Class,CUST-00642,Corporate,Central,PROD-0247,Technology,Copiers,7,370.42,0.15,2204.0,-60.61
ORD-002648,2025-03-30,2025-04-06,First Class,CUST-00133,Corporate,West,PROD-0248,Office Supplies,Binders,5,145.8,0.1,656.1,128.66
ORD-002649,2024-04-04,2024-04-06,Standard Class,CUST-00775,Consumer,South,PROD-0249,Furniture,Chairs,4,337.69,0.2,1080.61,222.66
ORD-002650,2026-03-26,2026-04-01,Standard Class,CUST-00433,Home Office,East,PROD-0250,Furniture,Chairs,6,299.84,0.0,1799.04,95.58
ORD-002651,2025-09-14,2025-09-16,Second Class,CUST-00096,Consumer,East,PROD-0251,Office Supplies,Art,6,227.45,0.0,1364.7,-120.37
ORD-002652,2024-06-25,2024-06-30,Standard Class,CUST-00520,Consumer,West,PROD-0252,Office Supplies,Binders,11,316.33,0.3,2435.74,187.41
ORD-002653,2024-09-14,2024-09-21,Standard Class,CUST-00383,Corporate,East,PROD-0253,Office Supplies,Storage,10,667.83,0.0,6678.3,395.33
ORD-002654,2025-06-16,2025-06-23,First Class,CUST-00285,Home Office,East,PROD-0254,Office Supplies,Binders,1,32.21,0.1,28.99,10.65
ORD-002655,2024-06-24,2024-06-27,Second Class,CUST-00155,Home Office,West,PROD-0255,Furniture,Chairs,8,861.25,0.1,6201.0,-211.52
ORD-002656,2025-05-28,2025-05-31,Second Class,CUST-00701,Consumer,South,PROD-0256,Office Supplies,Paper,11,301.79,0.0,3319.69,353.95
ORD-002657,2025-08-25,2025-08-27,Second Class,CUST-00664,Consumer,Central,PROD-0257,Furniture,Bookcases,10,553.46,0.1,4981.14,1387.1
ORD-002658,2024-06-04,2024-06-07,First Class,CUST-00139,Corporate,South,PROD-0258,Technology,Phones,7,35.69,0.1,224.85,83.57
ORD-002659,2024-08-01,2024-08-06,Standard Class,CUST-00417,Corporate,Central,PROD-0259,Office Supplies,Art,5,827.26,0.0,4136.3,1488.28
ORD-002660,2023-03-24,2023-03-25,Standard Class,CUST-00747,Consumer,South,PROD-0260,Office Supplies,Binders,7,541.69,0.1,3412.65,-244.43
ORD-002661,2024-12-31,2025-01-07,Standard Class,CUST-00229,Consumer,Central,PROD-0261,Office Supplies,Paper,5,293.57,0.0,1467.85,567.82
ORD-002662,2023-10-11,2023-10-13,Standard Class,CUST-00633,Consumer,Central,PROD-0262,Furniture,Bookcases,6,59.62,0.5,178.86,28.86
ORD-002663,2025-12-26,2025-12-28,Standard Class,CUST-00549,Consumer,Central,PROD-0263,Office Supplies,Labels,5,265.44,0.0,1327.2,99.77
ORD-002664,2023-07-30,2023-08-03,Standard Class,CUST-00694,Corporate,Central,PROD-0264,Furniture,Furnishings,3,639.51,0.0,1918.53,348.13
ORD-002665,2023-08-19,2023-08-22,First Class,CUST-00049,Home Office,Central,PROD-0265,Technology,Phones,11,516.83,0.0,5685.13,1815.88
ORD-002666,2023-01-11,2023-01-18,Standard Class,CUST-00855,Consumer,East,PROD-0266,Technology,Accessories,4,558.63,0.1,2011.07,725.33
ORD-002667,2026-05-29,2026-06-04,Standard Class,CUST-00204,Corporate,Central,PROD-0267,Furniture,Bookcases,10,317.35,0.0,3173.5,-195.39
ORD-002668,2025-08-22,2025-08-26,Standard Class,CUST-00854,Consumer,East,PROD-0268,Technology,Machines,2,666.56,0.0,1333.12,403.35
ORD-002669,2023-04-16,2023-04-18,Standard Class,CUST-00078,Consumer,Central,PROD-0269,Office Supplies,Paper,2,597.1,0.0,1194.2,86.21
ORD-002670,2023-06-24,2023-06-25,Same Day,CUST-00709,Home Office,Central,PROD-0270,Office Supplies,Binders,4,771.2,0.0,3084.8,1057.67
ORD-002671,2023-06-27,2023-06-28,Standard Class,CUST-00499,Corporate,West,PROD-0271,Technology,Copiers,2,104.98,0.0,209.96,64.82
ORD-002672,2026-01-17,2026-01-24,Second Class,CUST-00555,Consumer,West,PROD-0272,Furniture,Furnishings,2,785.82,0.3,1100.15,151.01
ORD-002673,2025-08-06,2025-08-13,Standard Class,CUST-00567,Corporate,Central,PROD-0273,Office Supplies,Art,10,466.1,0.0,4661.0,1466.72
ORD-002674,2025-05-31,2025-06-05,Standard Class,CUST-00192,Consumer,Central,PROD-0274,Furniture,Furnishings,1,110.69,0.0,110.69,11.05
ORD-002675,2026-03-24,2026-03-28,Standard Class,CUST-00416,Home Office,South,PROD-0275,Office Supplies,Paper,9,600.52,0.15,4593.98,-315.05
ORD-002676,2025-08-19,2025-08-24,Standard Class,CUST-00798,Consumer,East,PROD-0276,Office Supplies,Paper,9,189.78,0.0,1708.02,37.27
ORD-002677,2023-03-21,2023-03-22,Standard Class,CUST-00166,Consumer,South,PROD-0277,Office Supplies,Storage,7,25.79,0.0,180.53,-7.09
ORD-002678,2025-12-27,2025-12-30,Second Class,CUST-00530,Consumer,South,PROD-0278,Office Supplies,Binders,3,458.88,0.2,1101.31,79.3
ORD-002679,2025-04-24,2025-04-26,Standard Class,CUST-00007,Corporate,West,PROD-0279,Furniture,Furnishings,8,410.0,0.0,3280.0,136.71
ORD-002680,2023-02-12,2023-02-15,Standard Class,CUST-00185,Corporate,East,PROD-0280,Office Supplies,Labels,9,470.66,0.0,4235.94,201.17
ORD-002681,2025-06-26,2025-06-27,Standard Class,CUST-00060,Consumer,East,PROD-0281,Furniture,Tables,1,715.43,0.0,715.43,216.12
ORD-002682,2024-10-16,2024-10-21,Second Class,CUST-00895,Consumer,West,PROD-0282,Technology,Phones,11,565.72,0.15,5289.48,1405.68
ORD-002683,2023-01-20,2023-01-27,Standard Class,CUST-00557,Consumer,Central,PROD-0283,Technology,Copiers,5,500.19,0.3,1750.66,-86.23
ORD-002684,2025-03-02,2025-03-06,Standard Class,CUST-00422,Consumer,East,PROD-0284,Technology,Machines,7,286.63,0.15,1705.45,-102.83
ORD-002685,2024-04-23,2024-04-27,Standard Class,CUST-00043,Corporate,West,PROD-0285,Office Supplies,Storage,9,881.42,0.0,7932.78,66.17
ORD-002686,2025-03-13,2025-03-18,Second Class,CUST-00859,Consumer,South,PROD-0286,Furniture,Chairs,2,179.1,0.0,358.2,70.43
ORD-002687,2023-03-11,2023-03-14,Standard Class,CUST-00008,Corporate,East,PROD-0287,Furniture,Chairs,11,510.93,0.1,5058.21,1872.27
ORD-002688,2026-02-12,2026-02-15,Standard Class,CUST-00528,Consumer,West,PROD-0288,Office Supplies,Labels,11,46.47,0.1,460.05,45.41
ORD-002689,2025-06-07,2025-06-14,First Class,CUST-00223,Home Office,East,PROD-0289,Office Supplies,Art,2,360.08,0.0,720.16,72.76
ORD-002690,2023-09-04,2023-09-08,Standard Class,CUST-00246,Consumer,South,PROD-0290,Furniture,Tables,8,876.35,0.0,7010.8,1004.76
ORD-002691,2025-07-11,2025-07-14,Second Class,CUST-00371,Consumer,South,PROD-0291,Office Supplies,Labels,5,541.56,0.1,2437.02,862.72
ORD-002692,2023-06-29,2023-07-02,Standard Class,CUST-00449,Corporate,West,PROD-0292,Office Supplies,Labels,6,226.36,0.0,1358.16,268.88
ORD-002693,2026-05-07,2026-05-13,Same Day,CUST-00527,Consumer,Central,PROD-0293,Office Supplies,Art,9,643.55,0.0,5791.95,1358.21
ORD-002694,2026-04-22,2026-04-27,Standard Class,CUST-00142,Consumer,East,PROD-0294,Technology,Copiers,4,899.23,0.0,3596.92,369.61
ORD-002695,2024-04-07,2024-04-11,Second Class,CUST-00732,Consumer,West,PROD-0295,Technology,Phones,8,449.33,0.1,3235.18,1247.33
ORD-002696,2025-03-28,2025-04-02,Standard Class,CUST-00014,Corporate,East,PROD-0296,Furniture,Furnishings,5,367.79,0.0,1838.95,461.21
ORD-002697,2025-01-19,2025-01-23,Standard Class,CUST-00844,Home Office,West,PROD-0297,Office Supplies,Paper,7,445.2,0.0,3116.4,819.5
ORD-002698,2025-08-19,2025-08-24,First Class,CUST-00045,Corporate,East,PROD-0298,Technology,Copiers,4,535.05,0.1,1926.18,737.08
ORD-002699,2026-04-02,2026-04-04,Standard Class,CUST-00571,Corporate,South,PROD-0299,Office Supplies,Labels,10,582.85,0.3,4079.95,1450.9
ORD-002700,2023-11-22,2023-11-28,Standard Class,CUST-00878,Corporate,West,PROD-0300,Furniture,Chairs,9,528.31,0.2,3803.83,1343.7
ORD-002701,2023-12-23,2023-12-30,Second Class,CUST-00535,Corporate,West,PROD-0001,Office Supplies,Paper,1,346.32,0.3,242.42,3.59
ORD-002702,2024-10-30,2024-11-06,Standard Class,CUST-00645,Corporate,West,PROD-0002,Office Supplies,Labels,9,693.55,0.15,5305.66,-177.48
ORD-002703,2024-08-24,2024-08-27,Standard Class,CUST-00610,Corporate,East,PROD-0003,Furniture,Chairs,9,662.17,0.0,5959.53,1450.81
ORD-002704,2025-01-16,2025-01-17,Standard Class,CUST-00744,Home Office,East,PROD-0004,Office Supplies,Binders,3,705.75,0.0,2117.25,318.63
ORD-002705,2025-12-27,2026-01-02,Standard Class,CUST-00030,Corporate,South,PROD-0005,Furniture,Furnishings,7,496.98,0.0,3478.86,299.93
ORD-002706,2023-06-30,2023-07-02,Standard Class,CUST-00879,Consumer,West,PROD-0006,Technology,Phones,2,270.18,0.1,486.32,150.81
ORD-002707,2023-04-26,2023-05-03,Second Class,CUST-00359,Consumer,Central,PROD-0007,Furniture,Chairs,7,12.61,0.0,88.27,12.88
ORD-002708,2026-03-13,2026-03-16,Standard Class,CUST-00648,Consumer,West,PROD-0008,Office Supplies,Labels,8,301.61,0.1,2171.59,514.57
ORD-002709,2023-02-06,2023-02-10,Standard Class,CUST-00550,Consumer,South,PROD-0009,Furniture,Furnishings,5,255.94,0.15,1087.75,258.3
ORD-002710,2023-06-01,2023-06-03,First Class,CUST-00526,Corporate,East,PROD-0010,Technology,Phones,6,85.83,0.1,463.48,13.41
ORD-002711,2024-01-09,2024-01-12,Standard Class,CUST-00883,Consumer,East,PROD-0011,Office Supplies,Paper,2,58.25,0.2,93.2,5.55
ORD-002712,2025-05-25,2025-05-28,Standard Class,CUST-00006,Corporate,West,PROD-0012,Office Supplies,Binders,4,864.69,0.2,2767.01,-126.03
ORD-002713,2024-09-12,2024-09-16,Standard Class,CUST-00429,Home Office,West,PROD-0013,Furniture,Chairs,10,43.42,0.1,390.78,132.82
ORD-002714,2023-12-29,2024-01-02,Same Day,CUST-00647,Consumer,Central,PROD-0014,Technology,Copiers,8,542.62,0.1,3906.86,427.71
ORD-002715,2024-07-08,2024-07-15,Standard Class,CUST-00230,Consumer,East,PROD-0015,Technology,Phones,6,899.68,0.0,5398.08,-518.42
ORD-002716,2023-12-28,2024-01-01,Standard Class,CUST-00397,Consumer,South,PROD-0016,Technology,Phones,4,53.86,0.1,193.9,15.0
ORD-002717,2025-10-26,2025-11-02,Standard Class,CUST-00075,Consumer,East,PROD-0017,Technology,Copiers,11,522.64,0.0,5749.04,1848.54
ORD-002718,2026-03-18,2026-03-24,Standard Class,CUST-00526,Consumer,South,PROD-0018,Furniture,Tables,7,231.3,0.0,1619.1,371.35
ORD-002719,2023-03-14,2023-03-21,Standard Class,CUST-00895,Consumer,West,PROD-0019,Furniture,Chairs,3,489.14,0.2,1173.94,356.58
ORD-002720,2025-10-28,2025-11-04,Standard Class,CUST-00638,Corporate,West,PROD-0020,Office Supplies,Paper,3,776.13,0.1,2095.55,208.2
ORD-002721,2025-06-20,2025-06-27,Same Day,CUST-00242,Corporate,South,PROD-0021,Office Supplies,Art,7,490.82,0.15,2920.38,602.58
ORD-002722,2024-01-29,2024-02-05,Second Class,CUST-00187,Consumer,South,PROD-0022,Technology,Copiers,6,17.39,0.0,104.34,28.32
ORD-002723,2026-06-26,2026-06-27,Second Class,CUST-00223,Corporate,East,PROD-0023,Office Supplies,Paper,8,489.83,0.0,3918.64,82.84
ORD-002724,2024-04-22,2024-04-23,Second Class,CUST-00348,Corporate,Central,PROD-0024,Office Supplies,Storage,9,513.27,0.0,4619.43,1549.37
ORD-002725,2023-08-02,2023-08-07,Standard Class,CUST-00843,Consumer,East,PROD-0025,Office Supplies,Storage,10,592.82,0.0,5928.2,1385.71
ORD-002726,2024-08-21,2024-08-22,Standard Class,CUST-00187,Corporate,East,PROD-0026,Office Supplies,Labels,1,765.2,0.0,765.2,247.81
ORD-002727,2026-06-22,2026-06-26,Standard Class,CUST-00378,Consumer,South,PROD-0027,Furniture,Furnishings,1,806.41,0.0,806.41,144.83
ORD-002728,2024-12-28,2025-01-03,Standard Class,CUST-00106,Consumer,East,PROD-0028,Office Supplies,Art,8,689.7,0.15,4689.96,434.2
ORD-002729,2025-12-17,2025-12-21,Standard Class,CUST-00640,Home Office,East,PROD-0029,Furniture,Chairs,5,560.55,0.0,2802.75,5.78
ORD-002730,2025-01-19,2025-01-23,Second Class,CUST-00294,Consumer,South,PROD-0030,Furniture,Chairs,2,229.85,0.1,413.73,16.63
ORD-002731,2024-06-20,2024-06-22,Standard Class,CUST-00115,Home Office,East,PROD-0031,Technology,Machines,8,111.79,0.5,447.16,-4.43
ORD-002732,2025-01-18,2025-01-19,Standard Class,CUST-00707,Corporate,Central,PROD-0032,Office Supplies,Paper,6,393.22,0.15,2005.42,582.34
ORD-002733,2026-06-07,2026-06-14,Standard Class,CUST-00557,Corporate,West,PROD-0033,Technology,Phones,8,815.35,0.0,6522.8,-411.15
ORD-002734,2026-01-17,2026-01-19,First Class,CUST-00154,Corporate,West,PROD-0034,Office Supplies,Paper,7,421.27,0.0,2948.89,-111.46
ORD-002735,2025-11-24,2025-12-01,Standard Class,CUST-00101,Consumer,Central,PROD-0035,Office Supplies,Binders,9,201.65,0.1,1633.37,493.52
ORD-002736,2025-03-01,2025-03-06,Standard Class,CUST-00422,Consumer,West,PROD-0036,Office Supplies,Binders,5,401.85,0.0,2009.25,102.4
ORD-002737,2023-10-12,2023-10-13,Second Class,CUST-00660,Corporate,South,PROD-0037,Office Supplies,Paper,1,540.33,0.0,540.33,16.4
ORD-002738,2026-02-02,2026-02-04,Standard Class,CUST-00809,Home Office,West,PROD-0038,Office Supplies,Paper,9,122.18,0.1,989.66,236.88
ORD-002739,2023-06-20,2023-06-27,Standard Class,CUST-00258,Consumer,West,PROD-0039,Furniture,Furnishings,4,702.08,0.0,2808.32,-40.1
ORD-002740,2024-05-05,2024-05-09,Standard Class,CUST-00115,Home Office,East,PROD-0040,Technology,Machines,9,296.59,0.15,2268.91,228.8
ORD-002741,2023-03-29,2023-04-05,Standard Class,CUST-00197,Consumer,Central,PROD-0041,Furniture,Chairs,1,349.92,0.0,349.92,11.33
ORD-002742,2024-05-11,2024-05-17,Standard Class,CUST-00819,Consumer,South,PROD-0042,Furniture,Bookcases,6,679.02,0.0,4074.12,67.42
ORD-002743,2024-12-29,2025-01-03,Standard Class,CUST-00178,Corporate,South,PROD-0043,Office Supplies,Paper,7,614.92,0.15,3658.77,453.26
ORD-002744,2023-06-17,2023-06-24,Standard Class,CUST-00496,Home Office,West,PROD-0044,Office Supplies,Binders,4,658.63,0.15,2239.34,689.12
ORD-002745,2025-09-06,2025-09-12,First Class,CUST-00100,Consumer,East,PROD-0045,Furniture,Chairs,10,743.69,0.0,7436.9,1588.61
ORD-002746,2023-04-25,2023-04-29,First Class,CUST-00292,Corporate,East,PROD-0046,Office Supplies,Storage,5,741.92,0.5,1854.8,493.17
ORD-002747,2025-08-05,2025-08-10,Standard Class,CUST-00376,Consumer,South,PROD-0047,Office Supplies,Storage,2,95.21,0.15,161.86,36.14
ORD-002748,2024-07-18,2024-07-24,First Class,CUST-00338,Corporate,West,PROD-0048,Furniture,Furnishings,3,343.71,0.0,1031.13,144.27
ORD-002749,2023-12-11,2023-12-14,Second Class,CUST-00091,Corporate,Central,PROD-0049,Office Supplies,Paper,6,296.82,0.0,1780.92,495.82
ORD-002750,2023-09-16,2023-09-23,Standard Class,CUST-00569,Home Office,South,PROD-0050,Office Supplies,Paper,6,569.23,0.1,3073.84,865.95
ORD-002751,2023-11-05,2023-11-09,Standard Class,CUST-00606,Home Office,South,PROD-0051,Technology,Accessories,11,267.72,0.0,2944.92,-254.54
ORD-002752,2023-12-16,2023-12-17,Second Class,CUST-00452,Home Office,South,PROD-0052,Technology,Copiers,3,64.66,0.0,193.98,45.55
ORD-002753,2023-02-02,2023-02-03,Same Day,CUST-00487,Consumer,East,PROD-0053,Office Supplies,Paper,9,718.37,0.1,5818.8,2083.89
ORD-002754,2025-01-01,2025-01-06,Standard Class,CUST-00071,Consumer,South,PROD-0054,Office Supplies,Art,7,674.94,0.0,4724.58,-33.71
ORD-002755,2024-02-07,2024-02-12,Second Class,CUST-00734,Consumer,South,PROD-0055,Office Supplies,Binders,2,495.24,0.0,990.48,76.08
ORD-002756,2026-05-26,2026-06-01,Standard Class,CUST-00285,Corporate,West,PROD-0056,Technology,Accessories,9,604.62,0.0,5441.58,505.88
ORD-002757,2023-05-26,2023-05-29,Same Day,CUST-00084,Corporate,South,PROD-0057,Furniture,Furnishings,3,256.26,0.0,768.78,-55.19
ORD-002758,2026-05-29,2026-06-03,First Class,CUST-00686,Consumer,West,PROD-0058,Technology,Phones,11,704.74,0.2,6201.71,1704.25
ORD-002759,2026-06-14,2026-06-17,First Class,CUST-00769,Consumer,Central,PROD-0059,Office Supplies,Paper,2,251.09,0.0,502.18,172.62
ORD-002760,2023-07-29,2023-07-31,Second Class,CUST-00299,Corporate,South,PROD-0060,Office Supplies,Labels,10,575.4,0.0,5754.0,338.03
ORD-002761,2025-08-05,2025-08-08,Second Class,CUST-00604,Corporate,South,PROD-0061,Furniture,Furnishings,9,615.56,0.0,5540.04,553.2
ORD-002762,2024-09-29,2024-10-01,Standard Class,CUST-00338,Corporate,Central,PROD-0062,Furniture,Furnishings,8,708.74,0.0,5669.92,1796.17
ORD-002763,2025-02-19,2025-02-20,Standard Class,CUST-00846,Corporate,West,PROD-0063,Technology,Phones,4,502.34,0.0,2009.36,255.9
ORD-002764,2024-08-12,2024-08-15,Standard Class,CUST-00804,Corporate,East,PROD-0064,Office Supplies,Storage,4,67.5,0.0,270.0,51.26
ORD-002765,2023-04-04,2023-04-05,Same Day,CUST-00890,Home Office,West,PROD-0065,Technology,Machines,5,600.16,0.0,3000.8,100.58
ORD-002766,2025-06-25,2025-06-29,Standard Class,CUST-00582,Corporate,East,PROD-0066,Technology,Machines,6,187.09,0.2,898.03,248.99
ORD-002767,2023-12-09,2023-12-10,First Class,CUST-00269,Consumer,South,PROD-0067,Technology,Phones,5,571.15,0.0,2855.75,-105.36
ORD-002768,2024-09-01,2024-09-04,Standard Class,CUST-00666,Corporate,South,PROD-0068,Office Supplies,Art,6,676.82,0.2,3248.74,636.31
ORD-002769,2026-02-28,2026-03-07,Standard Class,CUST-00168,Consumer,West,PROD-0069,Office Supplies,Storage,7,57.39,0.1,361.56,54.81
ORD-002770,2023-03-19,2023-03-22,Standard Class,CUST-00812,Consumer,East,PROD-0070,Office Supplies,Labels,5,191.57,0.0,957.85,176.28
ORD-002771,2023-04-03,2023-04-08,Standard Class,CUST-00752,Consumer,South,PROD-0071,Technology,Accessories,10,410.86,0.0,4108.6,1083.25
ORD-002772,2026-01-02,2026-01-05,First Class,CUST-00654,Corporate,Central,PROD-0072,Technology,Copiers,7,59.87,0.0,419.09,-36.52
ORD-002773,2024-05-28,2024-05-31,Standard Class,CUST-00296,Consumer,Central,PROD-0073,Office Supplies,Paper,8,5.11,0.2,32.7,-1.93
ORD-002774,2025-02-13,2025-02-19,Standard Class,CUST-00173,Home Office,West,PROD-0074,Furniture,Bookcases,7,655.46,0.15,3899.99,919.63
ORD-002775,2025-09-15,2025-09-22,Standard Class,CUST-00698,Consumer,Central,PROD-0075,Furniture,Chairs,7,430.77,0.0,3015.39,-45.3
ORD-002776,2024-02-14,2024-02-15,Standard Class,CUST-00333,Consumer,West,PROD-0076,Furniture,Bookcases,7,28.15,0.0,197.05,47.53
ORD-002777,2025-06-27,2025-06-29,Standard Class,CUST-00142,Consumer,West,PROD-0077,Furniture,Chairs,11,829.17,0.0,9120.87,2631.98
ORD-002778,2023-01-01,2023-01-02,Standard Class,CUST-00302,Consumer,South,PROD-0078,Office Supplies,Art,10,790.51,0.0,7905.1,1398.78
ORD-002779,2023-12-05,2023-12-08,Second Class,CUST-00404,Consumer,West,PROD-0079,Technology,Machines,4,631.47,0.2,2020.7,-113.79
ORD-002780,2023-04-21,2023-04-25,Standard Class,CUST-00292,Corporate,West,PROD-0080,Technology,Accessories,2,738.8,0.1,1329.84,-116.75
ORD-002781,2025-08-21,2025-08-24,Second Class,CUST-00224,Consumer,East,PROD-0081,Office Supplies,Binders,2,715.06,0.0,1430.12,-41.38
ORD-002782,2024-09-12,2024-09-18,Standard Class,CUST-00020,Consumer,West,PROD-0082,Office Supplies,Art,3,145.32,0.3,305.17,-19.8
ORD-002783,2024-02-10,2024-02-14,Standard Class,CUST-00416,Corporate,South,PROD-0083,Technology,Phones,9,439.29,0.15,3360.57,605.33
ORD-002784,2025-03-19,2025-03-23,Second Class,CUST-00449,Corporate,West,PROD-0084,Office Supplies,Labels,10,65.74,0.0,657.4,18.08
ORD-002785,2024-09-23,2024-09-30,Standard Class,CUST-00565,Home Office,South,PROD-0085,Office Supplies,Paper,1,15.74,0.0,15.74,3.51
ORD-002786,2025-03-11,2025-03-15,Same Day,CUST-00503,Consumer,West,PROD-0086,Furniture,Bookcases,6,477.3,0.3,2004.66,420.09
ORD-002787,2024-05-31,2024-06-02,Standard Class,CUST-00027,Consumer,South,PROD-0087,Office Supplies,Art,7,664.02,0.0,4648.14,-184.11
ORD-002788,2023-07-10,2023-07-17,Second Class,CUST-00771,Home Office,West,PROD-0088,Furniture,Chairs,10,580.39,0.0,5803.9,-507.38
ORD-002789,2026-01-31,2026-02-02,Standard Class,CUST-00132,Consumer,Central,PROD-0089,Furniture,Furnishings,1,798.93,0.1,719.04,166.88
ORD-002790,2025-10-31,2025-11-05,First Class,CUST-00028,Consumer,South,PROD-0090,Technology,Phones,2,126.37,0.0,252.74,5.56
ORD-002791,2023-09-16,2023-09-20,Standard Class,CUST-00515,Corporate,East,PROD-0091,Office Supplies,Paper,1,30.85,0.15,26.22,4.21
ORD-002792,2024-11-29,2024-12-05,Standard Class,CUST-00232,Corporate,East,PROD-0092,Technology,Phones,3,499.29,0.0,1497.87,345.36
ORD-002793,2023-10-05,2023-10-10,Second Class,CUST-00667,Consumer,Central,PROD-0093,Technology,Copiers,4,611.45,0.0,2445.8,165.01
ORD-002794,2024-04-10,2024-04-11,Second Class,CUST-00632,Home Office,South,PROD-0094,Technology,Phones,8,626.9,0.1,4513.68,471.39
ORD-002795,2023-12-25,2023-12-27,Standard Class,CUST-00879,Consumer,East,PROD-0095,Office Supplies,Binders,8,744.16,0.1,5357.95,-83.1
ORD-002796,2023-04-08,2023-04-09,First Class,CUST-00504,Consumer,Central,PROD-0096,Office Supplies,Storage,6,713.44,0.15,3638.54,903.85
ORD-002797,2024-05-09,2024-05-12,Standard Class,CUST-00101,Corporate,South,PROD-0097,Furniture,Tables,4,768.01,0.3,2150.43,500.44
ORD-002798,2025-10-28,2025-10-30,Second Class,CUST-00500,Consumer,West,PROD-0098,Technology,Machines,8,104.49,0.0,835.92,56.04
ORD-002799,2023-12-02,2023-12-08,Second Class,CUST-00088,Corporate,East,PROD-0099,Technology,Accessories,7,125.98,0.0,881.86,212.31
ORD-002800,2024-12-20,2024-12-25,Standard Class,CUST-00890,Corporate,West,PROD-0100,Furniture,Furnishings,2,834.49,0.3,1168.29,-33.71
ORD-002801,2025-12-23,2025-12-30,Standard Class,CUST-00377,Consumer,East,PROD-0101,Office Supplies,Labels,1,124.32,0.0,124.32,24.78
ORD-002802,2025-11-13,2025-11-20,Standard Class,CUST-00752,Consumer,Central,PROD-0102,Technology,Copiers,2,90.97,0.0,181.94,18.81
ORD-002803,2023-10-13,2023-10-15,Same Day,CUST-00018,Consumer,East,PROD-0103,Furniture,Furnishings,4,565.5,0.0,2262.0,160.92
ORD-002804,2023-10-13,2023-10-18,Standard Class,CUST-00118,Home Office,Central,PROD-0104,Technology,Machines,6,541.85,0.0,3251.1,-225.31
ORD-002805,2023-12-02,2023-12-04,Standard Class,CUST-00028,Consumer,Central,PROD-0105,Office Supplies,Storage,11,504.68,0.1,4996.33,1291.62
ORD-002806,2026-06-02,2026-06-03,Second Class,CUST-00527,Consumer,Central,PROD-0106,Office Supplies,Binders,4,396.34,0.1,1426.82,-116.73
ORD-002807,2024-05-17,2024-05-24,Standard Class,CUST-00378,Consumer,West,PROD-0107,Office Supplies,Labels,1,380.99,0.2,304.79,49.29
ORD-002808,2025-11-10,2025-11-14,Standard Class,CUST-00496,Corporate,South,PROD-0108,Furniture,Chairs,9,290.11,0.0,2610.99,-236.34
ORD-002809,2024-12-13,2024-12-19,Standard Class,CUST-00804,Consumer,South,PROD-0109,Technology,Phones,11,622.54,0.1,6163.15,999.66
ORD-002810,2025-11-30,2025-12-07,Second Class,CUST-00112,Corporate,Central,PROD-0110,Furniture,Tables,4,157.0,0.0,628.0,238.21
ORD-002811,2024-03-02,2024-03-06,Second Class,CUST-00230,Consumer,Central,PROD-0111,Office Supplies,Storage,11,500.17,0.1,4951.68,189.11
ORD-002812,2026-03-25,2026-03-28,Standard Class,CUST-00833,Corporate,South,PROD-0112,Office Supplies,Paper,4,172.65,0.0,690.6,-56.67
ORD-002813,2025-03-17,2025-03-19,Standard Class,CUST-00517,Consumer,South,PROD-0113,Office Supplies,Binders,1,379.1,0.1,341.19,-32.54
ORD-002814,2024-07-09,2024-07-10,Standard Class,CUST-00778,Home Office,West,PROD-0114,Furniture,Bookcases,11,661.77,0.0,7279.47,149.31
ORD-002815,2025-03-17,2025-03-24,Second Class,CUST-00241,Consumer,West,PROD-0115,Technology,Accessories,4,109.8,0.0,439.2,41.14
ORD-002816,2024-03-14,2024-03-17,Standard Class,CUST-00047,Consumer,East,PROD-0116,Office Supplies,Art,1,774.91,0.2,619.93,196.0
ORD-002817,2026-01-09,2026-01-10,Second Class,CUST-00428,Consumer,Central,PROD-0117,Office Supplies,Storage,3,561.52,0.2,1347.65,-1.14
ORD-002818,2025-01-18,2025-01-19,Standard Class,CUST-00070,Corporate,Central,PROD-0118,Furniture,Bookcases,8,312.12,0.1,2247.26,486.6
ORD-002819,2023-12-20,2023-12-22,Standard Class,CUST-00288,Consumer,East,PROD-0119,Office Supplies,Storage,2,224.44,0.1,403.99,141.52
ORD-002820,2024-05-11,2024-05-13,First Class,CUST-00575,Corporate,Central,PROD-0120,Furniture,Bookcases,7,269.69,0.0,1887.83,72.57
ORD-002821,2023-10-31,2023-11-01,Second Class,CUST-00738,Consumer,South,PROD-0121,Office Supplies,Paper,8,172.41,0.1,1241.35,215.61
ORD-002822,2023-08-18,2023-08-25,First Class,CUST-00622,Home Office,West,PROD-0122,Office Supplies,Binders,4,768.19,0.0,3072.76,-149.28
ORD-002823,2025-11-16,2025-11-18,Standard Class,CUST-00285,Home Office,West,PROD-0123,Office Supplies,Labels,7,40.01,0.0,280.07,21.48
ORD-002824,2025-04-25,2025-04-27,Second Class,CUST-00086,Home Office,East,PROD-0124,Furniture,Tables,10,708.68,0.0,7086.8,1977.61
ORD-002825,2023-03-17,2023-03-20,First Class,CUST-00278,Consumer,West,PROD-0125,Furniture,Chairs,4,653.05,0.0,2612.2,-0.73
ORD-002826,2025-05-28,2025-06-01,Standard Class,CUST-00341,Consumer,South,PROD-0126,Furniture,Chairs,1,444.9,0.1,400.41,42.34
ORD-002827,2024-04-17,2024-04-22,Second Class,CUST-00846,Consumer,East,PROD-0127,Office Supplies,Paper,7,316.82,0.0,2217.74,348.78
ORD-002828,2025-04-25,2025-04-30,Standard Class,CUST-00221,Consumer,East,PROD-0128,Technology,Phones,2,806.24,0.0,1612.48,388.61
ORD-002829,2025-02-09,2025-02-16,Standard Class,CUST-00718,Corporate,East,PROD-0129,Office Supplies,Binders,4,681.03,0.0,2724.12,536.04
ORD-002830,2024-12-11,2024-12-14,First Class,CUST-00834,Corporate,South,PROD-0130,Office Supplies,Paper,3,123.73,0.0,371.19,-32.25
ORD-002831,2024-12-20,2024-12-24,Standard Class,CUST-00046,Corporate,West,PROD-0131,Technology,Accessories,2,730.7,0.0,1461.4,490.54
ORD-002832,2023-01-05,2023-01-10,First Class,CUST-00800,Corporate,East,PROD-0132,Technology,Accessories,6,153.6,0.0,921.6,32.42
ORD-002833,2023-09-13,2023-09-16,First Class,CUST-00529,Home Office,South,PROD-0133,Technology,Machines,1,694.14,0.0,694.14,139.09
ORD-002834,2024-03-12,2024-03-14,Standard Class,CUST-00518,Corporate,West,PROD-0134,Furniture,Bookcases,6,458.88,0.0,2753.28,-58.45
ORD-002835,2024-02-08,2024-02-15,Standard Class,CUST-00603,Consumer,West,PROD-0135,Furniture,Bookcases,10,642.11,0.1,5778.99,801.44
ORD-002836,2026-01-17,2026-01-22,Standard Class,CUST-00652,Consumer,Central,PROD-0136,Furniture,Chairs,5,744.75,0.0,3723.75,2.42
ORD-002837,2026-04-03,2026-04-07,Standard Class,CUST-00093,Corporate,West,PROD-0137,Technology,Copiers,11,439.81,0.2,3870.33,-176.66
ORD-002838,2024-06-04,2024-06-11,Standard Class,CUST-00843,Home Office,East,PROD-0138,Technology,Phones,5,502.51,0.0,2512.55,548.13
ORD-002839,2026-01-11,2026-01-16,Standard Class,CUST-00613,Consumer,South,PROD-0139,Technology,Machines,7,452.01,0.1,2847.66,784.79
ORD-002840,2025-08-12,2025-08-15,Standard Class,CUST-00668,Consumer,South,PROD-0140,Office Supplies,Paper,4,795.56,0.0,3182.24,869.81
ORD-002841,2025-02-09,2025-02-15,First Class,CUST-00167,Consumer,South,PROD-0141,Technology,Copiers,8,78.05,0.2,499.52,-30.08
ORD-002842,2024-12-24,2024-12-26,Standard Class,CUST-00728,Consumer,Central,PROD-0142,Office Supplies,Labels,10,457.36,0.0,4573.6,-197.62
ORD-002843,2024-08-16,2024-08-18,First Class,CUST-00683,Consumer,West,PROD-0143,Technology,Accessories,3,481.07,0.0,1443.21,283.0
ORD-002844,2026-04-21,2026-04-27,First Class,CUST-00849,Corporate,East,PROD-0144,Furniture,Furnishings,6,682.0,0.0,4092.0,-50.48
ORD-002845,2023-02-07,2023-02-13,First Class,CUST-00705,Consumer,East,PROD-0145,Technology,Accessories,6,248.14,0.0,1488.84,-128.19
ORD-002846,2026-03-26,2026-04-01,Second Class,CUST-00718,Consumer,Central,PROD-0146,Furniture,Furnishings,9,559.34,0.0,5034.06,1839.64
ORD-002847,2023-06-08,2023-06-10,Standard Class,CUST-00731,Home Office,East,PROD-0147,Technology,Accessories,1,512.35,0.0,512.35,86.51
ORD-002848,2025-07-13,2025-07-19,First Class,CUST-00140,Corporate,West,PROD-0148,Office Supplies,Art,3,302.03,0.2,724.87,270.12
ORD-002849,2024-06-06,2024-06-07,Standard Class,CUST-00010,Consumer,East,PROD-0149,Office Supplies,Paper,4,214.55,0.15,729.47,9.01
ORD-002850,2026-05-18,2026-05-21,First Class,CUST-00645,Corporate,South,PROD-0150,Technology,Copiers,3,762.42,0.0,2287.26,703.03
ORD-002851,2026-01-11,2026-01-13,Standard Class,CUST-00097,Consumer,West,PROD-0151,Office Supplies,Paper,10,852.88,0.0,8528.8,-71.12
ORD-002852,2024-03-04,2024-03-11,Standard Class,CUST-00045,Home Office,Central,PROD-0152,Office Supplies,Labels,4,306.76,0.0,1227.04,429.14
ORD-002853,2023-11-19,2023-11-26,Second Class,CUST-00219,Consumer,West,PROD-0153,Office Supplies,Storage,6,821.9,0.5,2465.7,707.66
ORD-002854,2023-03-06,2023-03-12,Standard Class,CUST-00025,Home Office,East,PROD-0154,Office Supplies,Labels,2,787.82,0.2,1260.51,-62.45
ORD-002855,2023-03-16,2023-03-18,Standard Class,CUST-00309,Consumer,Central,PROD-0155,Office Supplies,Binders,7,656.99,0.0,4598.93,631.75
ORD-002856,2025-08-09,2025-08-11,Standard Class,CUST-00208,Consumer,West,PROD-0156,Office Supplies,Binders,11,432.1,0.0,4753.1,135.0
ORD-002857,2024-08-19,2024-08-21,Standard Class,CUST-00673,Corporate,Central,PROD-0157,Office Supplies,Paper,11,168.85,0.15,1578.75,557.01
ORD-002858,2026-05-31,2026-06-06,Second Class,CUST-00863,Home Office,East,PROD-0158,Office Supplies,Storage,10,83.3,0.5,416.5,6.04
ORD-002859,2025-01-21,2025-01-24,Standard Class,CUST-00124,Consumer,South,PROD-0159,Technology,Copiers,4,125.59,0.0,502.36,-27.86
ORD-002860,2024-06-04,2024-06-06,Standard Class,CUST-00427,Corporate,South,PROD-0160,Technology,Phones,1,801.98,0.0,801.98,-72.18
ORD-002861,2024-05-01,2024-05-07,Standard Class,CUST-00555,Corporate,East,PROD-0161,Office Supplies,Binders,6,32.23,0.15,164.37,10.39
ORD-002862,2025-06-01,2025-06-03,Standard Class,CUST-00631,Consumer,East,PROD-0162,Technology,Phones,2,615.46,0.1,1107.83,125.27
ORD-002863,2026-05-10,2026-05-16,Standard Class,CUST-00855,Corporate,East,PROD-0163,Office Supplies,Labels,11,328.5,0.0,3613.5,957.46
ORD-002864,2025-01-26,2025-01-30,Same Day,CUST-00090,Home Office,East,PROD-0164,Furniture,Chairs,4,298.02,0.0,1192.08,106.67
ORD-002865,2023-01-07,2023-01-13,Same Day,CUST-00090,Home Office,South,PROD-0165,Furniture,Bookcases,8,234.48,0.3,1313.09,9.0
ORD-002866,2024-02-05,2024-02-10,Second Class,CUST-00348,Home Office,Central,PROD-0166,Office Supplies,Paper,8,471.23,0.1,3392.86,287.63
ORD-002867,2024-06-13,2024-06-16,Standard Class,CUST-00756,Consumer,East,PROD-0167,Technology,Copiers,9,806.28,0.0,7256.52,122.29
ORD-002868,2023-07-03,2023-07-07,Standard Class,CUST-00393,Home Office,Central,PROD-0168,Office Supplies,Paper,2,172.97,0.0,345.94,36.66
ORD-002869,2023-05-23,2023-05-26,Standard Class,CUST-00661,Consumer,East,PROD-0169,Technology,Accessories,1,552.61,0.0,552.61,108.29
ORD-002870,2025-03-03,2025-03-04,Standard Class,CUST-00369,Consumer,Central,PROD-0170,Office Supplies,Binders,11,24.51,0.0,269.61,22.54
ORD-002871,2024-07-17,2024-07-18,Standard Class,CUST-00015,Corporate,South,PROD-0171,Office Supplies,Storage,9,242.75,0.0,2184.75,-49.34
ORD-002872,2024-06-25,2024-06-27,Standard Class,CUST-00405,Consumer,Central,PROD-0172,Furniture,Tables,3,375.99,0.1,1015.17,224.91
ORD-002873,2024-08-15,2024-08-17,Standard Class,CUST-00756,Corporate,East,PROD-0173,Office Supplies,Binders,2,147.2,0.0,294.4,1.42
ORD-002874,2024-03-11,2024-03-12,Same Day,CUST-00311,Consumer,West,PROD-0174,Office Supplies,Art,6,696.9,0.0,4181.4,1390.86
ORD-002875,2026-04-18,2026-04-24,First Class,CUST-00814,Consumer,West,PROD-0175,Office Supplies,Paper,1,743.77,0.15,632.2,18.26
ORD-002876,2024-03-22,2024-03-24,Same Day,CUST-00157,Corporate,West,PROD-0176,Office Supplies,Art,6,254.35,0.0,1526.1,-64.58
ORD-002877,2025-07-05,2025-07-10,Standard Class,CUST-00597,Corporate,East,PROD-0177,Office Supplies,Paper,9,265.68,0.1,2152.01,693.54
ORD-002878,2023-06-14,2023-06-21,Second Class,CUST-00082,Consumer,West,PROD-0178,Furniture,Furnishings,7,560.02,0.0,3920.14,-168.75
ORD-002879,2025-02-19,2025-02-21,Standard Class,CUST-00113,Consumer,South,PROD-0179,Furniture,Tables,6,127.38,0.0,764.28,11.07
ORD-002880,2026-01-25,2026-01-26,First Class,CUST-00812,Corporate,South,PROD-0180,Technology,Accessories,4,576.54,0.1,2075.54,527.31
ORD-002881,2024-01-16,2024-01-18,Standard Class,CUST-00125,Consumer,East,PROD-0181,Office Supplies,Binders,11,802.18,0.0,8823.98,-763.7
ORD-002882,2023-11-08,2023-11-14,Standard Class,CUST-00122,Corporate,East,PROD-0182,Technology,Copiers,10,8.88,0.1,79.92,16.56
ORD-002883,2026-05-29,2026-06-02,Second Class,CUST-00668,Home Office,South,PROD-0183,Technology,Machines,10,419.83,0.1,3778.47,641.14
ORD-002884,2024-05-04,2024-05-11,First Class,CUST-00686,Home Office,Central,PROD-0184,Office Supplies,Binders,2,510.92,0.0,1021.84,176.83
ORD-002885,2023-05-23,2023-05-27,Second Class,CUST-00537,Consumer,East,PROD-0185,Technology,Copiers,3,52.47,0.0,157.41,42.46
ORD-002886,2025-05-29,2025-05-30,Second Class,CUST-00127,Consumer,East,PROD-0186,Technology,Phones,4,481.78,0.0,1927.12,610.29
ORD-002887,2025-09-12,2025-09-13,Same Day,CUST-00548,Consumer,East,PROD-0187,Furniture,Bookcases,3,575.86,0.3,1209.31,18.49
ORD-002888,2023-03-07,2023-03-14,Standard Class,CUST-00715,Consumer,East,PROD-0188,Office Supplies,Paper,9,153.66,0.0,1382.94,512.95
ORD-002889,2025-01-30,2025-02-01,Standard Class,CUST-00706,Consumer,East,PROD-0189,Furniture,Bookcases,8,849.13,0.0,6793.04,2455.97
ORD-002890,2023-09-11,2023-09-15,Standard Class,CUST-00181,Consumer,West,PROD-0190,Office Supplies,Labels,7,224.26,0.0,1569.82,534.3
ORD-002891,2023-04-12,2023-04-18,Same Day,CUST-00339,Corporate,Central,PROD-0191,Furniture,Chairs,8,94.16,0.0,753.28,136.85
ORD-002892,2024-12-17,2024-12-23,First Class,CUST-00233,Consumer,South,PROD-0192,Office Supplies,Art,9,214.94,0.15,1644.29,521.21
ORD-002893,2025-10-12,2025-10-14,Standard Class,CUST-00347,Consumer,East,PROD-0193,Office Supplies,Art,2,524.18,0.15,891.11,72.86
ORD-002894,2025-05-11,2025-05-16,Standard Class,CUST-00380,Consumer,Central,PROD-0194,Technology,Copiers,8,442.56,0.0,3540.48,868.08
ORD-002895,2023-02-19,2023-02-25,Second Class,CUST-00112,Home Office,West,PROD-0195,Office Supplies,Storage,4,380.08,0.1,1368.29,418.67
ORD-002896,2025-04-21,2025-04-26,Standard Class,CUST-00388,Home Office,East,PROD-0196,Office Supplies,Paper,4,829.75,0.0,3319.0,878.05
ORD-002897,2023-12-22,2023-12-29,Second Class,CUST-00064,Corporate,Central,PROD-0197,Office Supplies,Paper,10,632.82,0.2,5062.56,1412.27
ORD-002898,2025-05-27,2025-05-29,Standard Class,CUST-00270,Consumer,East,PROD-0198,Furniture,Tables,10,744.95,0.0,7449.5,1149.16
ORD-002899,2023-03-06,2023-03-07,First Class,CUST-00326,Consumer,South,PROD-0199,Technology,Phones,5,527.87,0.0,2639.35,835.88
ORD-002900,2025-01-30,2025-02-03,Standard Class,CUST-00648,Home Office,East,PROD-0200,Furniture,Furnishings,11,288.19,0.15,2694.58,298.46
ORD-002901,2023-04-14,2023-04-20,Standard Class,CUST-00860,Consumer,East,PROD-0201,Office Supplies,Art,5,206.21,0.0,1031.05,-24.0
ORD-002902,2023-04-16,2023-04-20,Standard Class,CUST-00575,Home Office,West,PROD-0202,Office Supplies,Storage,6,852.43,0.15,4347.39,853.1
ORD-002903,2024-09-30,2024-10-07,Second Class,CUST-00801,Corporate,East,PROD-0203,Office Supplies,Labels,8,451.37,0.0,3610.96,570.64
ORD-002904,2023-03-24,2023-03-28,Standard Class,CUST-00890,Consumer,East,PROD-0204,Technology,Phones,1,621.09,0.0,621.09,-13.56
ORD-002905,2025-12-25,2025-12-28,Standard Class,CUST-00103,Corporate,South,PROD-0205,Office Supplies,Labels,4,362.27,0.0,1449.08,-69.88
ORD-002906,2024-02-08,2024-02-15,Second Class,CUST-00071,Consumer,West,PROD-0206,Office Supplies,Art,4,51.83,0.3,145.12,26.93
ORD-002907,2024-03-25,2024-03-30,First Class,CUST-00866,Consumer,West,PROD-0207,Technology,Machines,11,451.14,0.1,4466.29,-374.92
ORD-002908,2025-11-03,2025-11-08,First Class,CUST-00414,Home Office,East,PROD-0208,Office Supplies,Storage,4,24.27,0.15,82.52,0.95
ORD-002909,2024-04-16,2024-04-22,Standard Class,CUST-00040,Consumer,West,PROD-0209,Technology,Machines,11,417.88,0.0,4596.68,28.01
ORD-002910,2025-07-31,2025-08-03,First Class,CUST-00562,Home Office,West,PROD-0210,Furniture,Bookcases,3,422.36,0.1,1140.37,151.81
ORD-002911,2024-01-11,2024-01-13,Standard Class,CUST-00212,Corporate,East,PROD-0211,Office Supplies,Binders,8,441.17,0.0,3529.36,-215.8
ORD-002912,2026-04-19,2026-04-24,Standard Class,CUST-00468,Corporate,South,PROD-0212,Technology,Machines,9,313.8,0.2,2259.36,860.52
ORD-002913,2025-04-03,2025-04-09,Standard Class,CUST-00064,Consumer,East,PROD-0213,Technology,Machines,11,568.38,0.0,6252.18,-540.6
ORD-002914,2023-08-26,2023-08-29,First Class,CUST-00600,Consumer,South,PROD-0214,Technology,Accessories,2,810.12,0.2,1296.19,-77.65
ORD-002915,2023-07-09,2023-07-13,Second Class,CUST-00563,Corporate,West,PROD-0215,Technology,Accessories,1,559.41,0.3,391.59,142.41
ORD-002916,2024-01-08,2024-01-15,Second Class,CUST-00622,Home Office,East,PROD-0216,Office Supplies,Art,1,782.02,0.15,664.72,57.43
ORD-002917,2025-06-28,2025-07-01,Standard Class,CUST-00303,Corporate,Central,PROD-0217,Technology,Machines,5,53.58,0.1,241.11,-10.04
ORD-002918,2025-10-11,2025-10-17,Same Day,CUST-00700,Home Office,South,PROD-0218,Technology,Phones,9,475.88,0.0,4282.92,483.1
ORD-002919,2025-02-22,2025-02-23,Standard Class,CUST-00415,Home Office,East,PROD-0219,Furniture,Tables,2,588.17,0.0,1176.34,-104.44
ORD-002920,2024-01-03,2024-01-06,Standard Class,CUST-00014,Corporate,South,PROD-0220,Technology,Copiers,8,359.13,0.0,2873.04,636.81
ORD-002921,2026-04-22,2026-04-27,Standard Class,CUST-00377,Corporate,South,PROD-0221,Furniture,Furnishings,9,285.33,0.0,2567.97,-95.25
ORD-002922,2023-02-16,2023-02-19,Standard Class,CUST-00767,Consumer,Central,PROD-0222,Office Supplies,Paper,4,785.24,0.0,3140.96,768.6
ORD-002923,2023-04-03,2023-04-04,Standard Class,CUST-00007,Corporate,West,PROD-0223,Technology,Copiers,6,681.41,0.15,3475.19,34.23
ORD-002924,2023-07-20,2023-07-27,Second Class,CUST-00339,Consumer,South,PROD-0224,Office Supplies,Binders,5,875.88,0.3,3065.58,-292.19
ORD-002925,2024-04-25,2024-04-27,Second Class,CUST-00800,Consumer,Central,PROD-0225,Technology,Machines,2,239.41,0.0,478.82,160.73
ORD-002926,2025-05-27,2025-05-30,Standard Class,CUST-00514,Consumer,Central,PROD-0226,Technology,Accessories,2,504.21,0.0,1008.42,223.51
ORD-002927,2025-06-03,2025-06-08,Same Day,CUST-00546,Consumer,South,PROD-0227,Office Supplies,Art,6,675.16,0.0,4050.96,362.29
ORD-002928,2026-06-09,2026-06-15,Second Class,CUST-00083,Corporate,East,PROD-0228,Technology,Machines,6,315.7,0.0,1894.2,725.43
ORD-002929,2025-09-27,2025-10-01,Standard Class,CUST-00504,Home Office,West,PROD-0229,Office Supplies,Labels,7,255.18,0.0,1786.26,318.79
ORD-002930,2023-07-28,2023-07-31,Standard Class,CUST-00881,Consumer,South,PROD-0230,Technology,Copiers,8,666.19,0.1,4796.57,1422.53
ORD-002931,2024-08-31,2024-09-04,Standard Class,CUST-00183,Home Office,West,PROD-0231,Office Supplies,Labels,1,387.4,0.0,387.4,99.78
ORD-002932,2025-10-08,2025-10-09,Second Class,CUST-00319,Corporate,West,PROD-0232,Office Supplies,Labels,8,784.22,0.0,6273.76,-288.38
ORD-002933,2024-02-19,2024-02-23,Standard Class,CUST-00347,Corporate,East,PROD-0233,Office Supplies,Binders,6,510.82,0.0,3064.92,341.44
ORD-002934,2025-07-06,2025-07-13,Standard Class,CUST-00653,Consumer,West,PROD-0234,Technology,Phones,11,816.78,0.0,8984.58,470.14
ORD-002935,2023-06-15,2023-06-21,Second Class,CUST-00524,Consumer,South,PROD-0235,Office Supplies,Labels,4,255.52,0.1,919.87,-25.96
ORD-002936,2026-02-27,2026-03-02,Standard Class,CUST-00625,Consumer,South,PROD-0236,Furniture,Chairs,11,455.47,0.1,4509.15,-349.85
ORD-002937,2025-05-27,2025-06-02,Standard Class,CUST-00207,Consumer,West,PROD-0237,Technology,Copiers,3,183.43,0.15,467.75,111.46
ORD-002938,2025-12-29,2026-01-02,Second Class,CUST-00317,Consumer,East,PROD-0238,Technology,Machines,3,305.05,0.0,915.15,90.7
ORD-002939,2024-05-10,2024-05-12,Second Class,CUST-00873,Consumer,West,PROD-0239,Technology,Phones,5,81.7,0.0,408.5,24.76
ORD-002940,2026-05-16,2026-05-17,First Class,CUST-00325,Home Office,Central,PROD-0240,Technology,Copiers,3,789.2,0.1,2130.84,424.55
ORD-002941,2023-02-15,2023-02-17,Second Class,CUST-00489,Corporate,South,PROD-0241,Office Supplies,Art,10,727.1,0.0,7271.0,-127.02
ORD-002942,2023-05-15,2023-05-22,Second Class,CUST-00571,Consumer,West,PROD-0242,Technology,Copiers,9,495.16,0.0,4456.44,-389.55
ORD-002943,2023-06-25,2023-07-02,Standard Class,CUST-00565,Consumer,West,PROD-0243,Furniture,Bookcases,9,781.79,0.1,6332.5,-92.02
ORD-002944,2026-05-18,2026-05-25,Standard Class,CUST-00583,Consumer,Central,PROD-0244,Technology,Machines,8,40.6,0.2,259.84,84.84
ORD-002945,2023-05-24,2023-05-27,Second Class,CUST-00390,Consumer,West,PROD-0245,Furniture,Chairs,9,516.39,0.0,4647.51,94.55
ORD-002946,2023-06-22,2023-06-24,First Class,CUST-00893,Consumer,West,PROD-0246,Office Supplies,Paper,2,648.79,0.0,1297.58,184.71
ORD-002947,2025-08-09,2025-08-15,Second Class,CUST-00225,Consumer,South,PROD-0247,Office Supplies,Binders,7,434.71,0.0,3042.97,546.61
ORD-002948,2026-04-11,2026-04-18,Second Class,CUST-00434,Corporate,Central,PROD-0248,Furniture,Furnishings,11,682.05,0.0,7502.55,-548.43
ORD-002949,2024-01-15,2024-01-22,Second Class,CUST-00829,Corporate,East,PROD-0249,Office Supplies,Binders,7,505.32,0.1,3183.52,1162.29
ORD-002950,2024-07-03,2024-07-10,Second Class,CUST-00880,Consumer,East,PROD-0250,Office Supplies,Paper,3,736.12,0.0,2208.36,-134.57
ORD-002951,2025-01-23,2025-01-29,Standard Class,CUST-00797,Corporate,West,PROD-0251,Technology,Copiers,5,12.23,0.15,51.98,16.0
ORD-002952,2026-01-20,2026-01-21,Same Day,CUST-00680,Corporate,West,PROD-0252,Office Supplies,Storage,11,499.11,0.1,4941.19,-418.61
ORD-002953,2026-02-23,2026-02-28,Standard Class,CUST-00867,Consumer,Central,PROD-0253,Furniture,Chairs,1,173.12,0.0,173.12,42.14
ORD-002954,2023-12-08,2023-12-09,Same Day,CUST-00327,Consumer,South,PROD-0254,Office Supplies,Storage,10,70.71,0.0,707.1,153.8
ORD-002955,2023-10-20,2023-10-21,First Class,CUST-00260,Consumer,West,PROD-0255,Office Supplies,Paper,9,797.79,0.5,3590.05,-262.07
ORD-002956,2024-08-14,2024-08-18,Standard Class,CUST-00345,Consumer,West,PROD-0256,Technology,Copiers,9,194.37,0.0,1749.33,396.71
ORD-002957,2025-08-11,2025-08-18,Standard Class,CUST-00285,Home Office,South,PROD-0257,Office Supplies,Binders,9,590.24,0.0,5312.16,2056.87
ORD-002958,2026-05-18,2026-05-23,Second Class,CUST-00812,Consumer,Central,PROD-0258,Furniture,Furnishings,10,48.68,0.15,413.78,35.08
ORD-002959,2025-08-29,2025-08-30,Standard Class,CUST-00840,Consumer,East,PROD-0259,Office Supplies,Storage,5,500.95,0.1,2254.28,304.42
ORD-002960,2024-06-11,2024-06-13,Standard Class,CUST-00100,Home Office,West,PROD-0260,Office Supplies,Binders,11,685.85,0.1,6789.92,1007.93
ORD-002961,2025-01-03,2025-01-04,Second Class,CUST-00001,Consumer,West,PROD-0261,Office Supplies,Storage,11,339.82,0.0,3738.02,1217.18
ORD-002962,2026-02-13,2026-02-14,Standard Class,CUST-00206,Home Office,Central,PROD-0262,Furniture,Chairs,6,420.85,0.15,2146.34,791.69
ORD-002963,2024-08-04,2024-08-11,Standard Class,CUST-00363,Home Office,Central,PROD-0263,Furniture,Bookcases,3,742.95,0.15,1894.52,496.69
ORD-002964,2024-07-13,2024-07-18,First Class,CUST-00788,Home Office,West,PROD-0264,Office Supplies,Art,4,361.76,0.0,1447.04,462.67
ORD-002965,2025-07-27,2025-08-01,Standard Class,CUST-00319,Home Office,Central,PROD-0265,Office Supplies,Binders,2,294.86,0.0,589.72,173.55
ORD-002966,2025-11-09,2025-11-11,Standard Class,CUST-00792,Home Office,West,PROD-0266,Office Supplies,Paper,10,513.2,0.0,5132.0,-334.77
ORD-002967,2023-04-09,2023-04-16,First Class,CUST-00211,Corporate,West,PROD-0267,Technology,Copiers,1,352.18,0.1,316.96,106.94
ORD-002968,2026-03-17,2026-03-24,Standard Class,CUST-00556,Consumer,East,PROD-0268,Office Supplies,Storage,2,245.26,0.1,441.47,85.9
ORD-002969,2025-09-16,2025-09-19,Standard Class,CUST-00090,Consumer,Central,PROD-0269,Furniture,Tables,9,83.52,0.0,751.68,280.93
ORD-002970,2026-04-09,2026-04-13,Standard Class,CUST-00178,Consumer,Central,PROD-0270,Office Supplies,Binders,1,377.26,0.0,377.26,64.18
ORD-002971,2025-12-24,2025-12-28,Standard Class,CUST-00581,Consumer,West,PROD-0271,Technology,Copiers,1,546.18,0.0,546.18,-38.29
ORD-002972,2026-02-21,2026-02-24,Standard Class,CUST-00486,Consumer,South,PROD-0272,Furniture,Furnishings,7,610.29,0.0,4272.03,1343.04
ORD-002973,2023-01-30,2023-02-06,Standard Class,CUST-00397,Consumer,South,PROD-0273,Technology,Copiers,8,175.03,0.0,1400.24,230.45
ORD-002974,2024-06-19,2024-06-20,Standard Class,CUST-00515,Consumer,West,PROD-0274,Technology,Accessories,3,429.58,0.0,1288.74,163.33
ORD-002975,2026-02-10,2026-02-12,Second Class,CUST-00460,Consumer,West,PROD-0275,Office Supplies,Paper,5,228.34,0.0,1141.7,145.46
ORD-002976,2023-04-18,2023-04-19,First Class,CUST-00723,Corporate,West,PROD-0276,Technology,Accessories,4,712.93,0.0,2851.72,428.29
ORD-002977,2026-02-03,2026-02-09,Standard Class,CUST-00458,Corporate,South,PROD-0277,Office Supplies,Storage,5,643.43,0.0,3217.15,93.74
ORD-002978,2025-03-30,2025-04-06,Standard Class,CUST-00767,Corporate,East,PROD-0278,Furniture,Bookcases,4,75.28,0.2,240.9,50.15
ORD-002979,2026-01-01,2026-01-05,First Class,CUST-00230,Consumer,South,PROD-0279,Furniture,Chairs,10,40.0,0.3,280.0,107.08
ORD-002980,2024-01-22,2024-01-28,Standard Class,CUST-00129,Corporate,East,PROD-0280,Technology,Phones,6,844.8,0.0,5068.8,1110.61
ORD-002981,2024-02-29,2024-03-05,First Class,CUST-00548,Consumer,East,PROD-0281,Office Supplies,Labels,4,540.36,0.1,1945.3,316.05
ORD-002982,2026-05-26,2026-06-01,Standard Class,CUST-00110,Home Office,South,PROD-0282,Office Supplies,Storage,7,551.1,0.15,3279.05,259.61
ORD-002983,2024-06-15,2024-06-22,First Class,CUST-00838,Home Office,East,PROD-0283,Office Supplies,Labels,6,192.12,0.0,1152.72,-19.06
ORD-002984,2024-08-11,2024-08-15,Standard Class,CUST-00050,Consumer,West,PROD-0284,Furniture,Tables,11,326.49,0.0,3591.39,69.4
ORD-002985,2024-01-22,2024-01-28,Second Class,CUST-00662,Corporate,East,PROD-0285,Technology,Phones,10,821.58,0.1,7394.22,1560.68
ORD-002986,2025-12-15,2025-12-22,Standard Class,CUST-00216,Corporate,West,PROD-0286,Office Supplies,Labels,9,547.52,0.0,4927.68,120.96
ORD-002987,2023-04-06,2023-04-12,Standard Class,CUST-00883,Consumer,South,PROD-0287,Furniture,Chairs,2,458.64,0.0,917.28,66.71
ORD-002988,2023-11-12,2023-11-19,First Class,CUST-00845,Consumer,West,PROD-0288,Technology,Phones,10,49.53,0.0,495.3,-20.69
ORD-002989,2024-11-17,2024-11-23,Second Class,CUST-00277,Home Office,South,PROD-0289,Furniture,Tables,4,607.15,0.0,2428.6,568.01
ORD-002990,2024-05-10,2024-05-17,Standard Class,CUST-00749,Home Office,Central,PROD-0290,Technology,Machines,1,407.8,0.0,407.8,-6.79
ORD-002991,2026-01-08,2026-01-15,Standard Class,CUST-00018,Consumer,South,PROD-0291,Office Supplies,Labels,5,791.91,0.0,3959.55,-69.34
ORD-002992,2023-09-25,2023-09-28,First Class,CUST-00397,Consumer,West,PROD-0292,Furniture,Chairs,8,842.13,0.3,4715.93,829.18
ORD-002993,2025-03-15,2025-03-16,Standard Class,CUST-00090,Home Office,South,PROD-0293,Office Supplies,Art,7,287.9,0.15,1713.0,-86.47
ORD-002994,2025-07-24,2025-07-25,Standard Class,CUST-00814,Home Office,Central,PROD-0294,Furniture,Chairs,2,428.41,0.0,856.82,69.14
ORD-002995,2026-02-03,2026-02-09,Standard Class,CUST-00400,Consumer,West,PROD-0295,Office Supplies,Binders,5,68.94,0.1,310.23,56.0
ORD-002996,2025-03-31,2025-04-07,Standard Class,CUST-00797,Consumer,Central,PROD-0296,Office Supplies,Storage,2,159.02,0.1,286.24,52.03
ORD-002997,2024-08-30,2024-09-06,Second Class,CUST-00561,Consumer,South,PROD-0297,Office Supplies,Paper,8,155.64,0.15,1058.35,-102.02
ORD-002998,2024-11-09,2024-11-11,Standard Class,CUST-00834,Corporate,Central,PROD-0298,Office Supplies,Paper,7,398.95,0.0,2792.65,648.05
ORD-002999,2024-01-30,2024-02-03,Standard Class,CUST-00748,Consumer,East,PROD-0299,Technology,Phones,10,724.07,0.0,7240.7,901.85
ORD-003000,2025-06-30,2025-07-06,Second Class,CUST-00319,Consumer,West,PROD-0300,Technology,Machines,10,150.36,0.0,1503.6,393.62
ORD-003001,2024-09-01,2024-09-05,Standard Class,CUST-00342,Consumer,West,PROD-0001,Furniture,Furnishings,4,288.78,0.1,1039.61,135.0
ORD-003002,2025-01-25,2025-01-28,Standard Class,CUST-00738,Corporate,West,PROD-0002,Office Supplies,Storage,8,6.78,0.2,43.39,16.1
ORD-003003,2023-07-24,2023-07-31,Second Class,CUST-00035,Home Office,West,PROD-0003,Office Supplies,Labels,6,761.56,0.1,4112.42,780.53
ORD-003004,2024-08-18,2024-08-25,Standard Class,CUST-00458,Consumer,West,PROD-0004,Office Supplies,Storage,10,332.65,0.1,2993.85,397.48
ORD-003005,2023-11-03,2023-11-09,Same Day,CUST-00845,Home Office,South,PROD-0005,Office Supplies,Art,7,631.0,0.0,4417.0,1454.19
ORD-003006,2026-01-01,2026-01-07,First Class,CUST-00627,Consumer,East,PROD-0006,Technology,Machines,5,523.55,0.1,2355.97,772.76
ORD-003007,2025-03-29,2025-03-30,Standard Class,CUST-00251,Home Office,East,PROD-0007,Furniture,Furnishings,5,732.97,0.1,3298.37,246.33
ORD-003008,2023-05-02,2023-05-08,Second Class,CUST-00252,Home Office,South,PROD-0008,Technology,Phones,3,294.35,0.0,883.05,307.02
ORD-003009,2024-05-15,2024-05-17,Standard Class,CUST-00227,Consumer,Central,PROD-0009,Office Supplies,Binders,3,736.61,0.0,2209.83,439.82
ORD-003010,2025-09-13,2025-09-17,Second Class,CUST-00625,Home Office,Central,PROD-0010,Technology,Machines,9,745.49,0.0,6709.41,1605.22
ORD-003011,2023-08-26,2023-08-30,Standard Class,CUST-00209,Home Office,Central,PROD-0011,Technology,Accessories,7,331.07,0.0,2317.49,-118.05
ORD-003012,2023-09-12,2023-09-15,Standard Class,CUST-00687,Corporate,Central,PROD-0012,Technology,Phones,4,861.21,0.0,3444.84,-232.46
ORD-003013,2025-06-19,2025-06-20,Standard Class,CUST-00756,Corporate,West,PROD-0013,Technology,Machines,5,278.38,0.0,1391.9,533.43
ORD-003014,2025-11-07,2025-11-13,Standard Class,CUST-00623,Consumer,West,PROD-0014,Office Supplies,Art,1,289.73,0.0,289.73,42.45
ORD-003015,2025-01-05,2025-01-07,Standard Class,CUST-00698,Corporate,West,PROD-0015,Office Supplies,Storage,11,552.82,0.1,5472.92,1503.02
ORD-003016,2024-05-28,2024-06-03,Second Class,CUST-00312,Consumer,West,PROD-0016,Office Supplies,Binders,4,360.8,0.1,1298.88,115.89
ORD-003017,2023-09-21,2023-09-26,First Class,CUST-00062,Corporate,East,PROD-0017,Technology,Phones,5,818.37,0.0,4091.85,1023.93
ORD-003018,2026-01-03,2026-01-05,Second Class,CUST-00397,Consumer,South,PROD-0018,Technology,Phones,5,257.98,0.0,1289.9,56.42
ORD-003019,2024-10-21,2024-10-28,First Class,CUST-00861,Consumer,West,PROD-0019,Furniture,Tables,5,285.29,0.0,1426.45,41.2
ORD-003020,2026-05-17,2026-05-23,Standard Class,CUST-00238,Corporate,Central,PROD-0020,Technology,Copiers,4,24.45,0.2,78.24,-3.39
ORD-003021,2025-05-09,2025-05-16,Second Class,CUST-00457,Consumer,South,PROD-0021,Technology,Copiers,6,241.05,0.0,1446.3,555.21
ORD-003022,2026-06-01,2026-06-04,Standard Class,CUST-00723,Consumer,East,PROD-0022,Technology,Machines,11,312.24,0.0,3434.64,527.35
ORD-003023,2023-10-08,2023-10-09,Standard Class,CUST-00742,Corporate,Central,PROD-0023,Office Supplies,Storage,10,73.92,0.15,628.32,222.87
ORD-003024,2024-01-28,2024-01-30,Second Class,CUST-00177,Consumer,South,PROD-0024,Office Supplies,Binders,11,526.5,0.15,4922.77,236.69
ORD-003025,2024-04-30,2024-05-02,First Class,CUST-00754,Consumer,Central,PROD-0025,Office Supplies,Labels,8,811.59,0.0,6492.72,1494.52
ORD-003026,2024-04-01,2024-04-07,Second Class,CUST-00568,Home Office,Central,PROD-0026,Office Supplies,Binders,9,654.84,0.1,5304.2,1484.64
ORD-003027,2024-06-23,2024-06-29,Second Class,CUST-00426,Home Office,East,PROD-0027,Furniture,Chairs,1,786.99,0.15,668.94,195.79
ORD-003028,2025-07-04,2025-07-06,Standard Class,CUST-00675,Home Office,Central,PROD-0028,Furniture,Bookcases,9,125.18,0.1,1013.96,226.46
ORD-003029,2025-11-09,2025-11-13,First Class,CUST-00008,Corporate,South,PROD-0029,Furniture,Furnishings,3,829.86,0.3,1742.71,211.09
ORD-003030,2025-09-26,2025-10-03,Standard Class,CUST-00443,Consumer,South,PROD-0030,Office Supplies,Art,8,532.32,0.15,3619.78,359.25
ORD-003031,2023-12-31,2024-01-05,Standard Class,CUST-00189,Home Office,Central,PROD-0031,Office Supplies,Labels,6,519.38,0.3,2181.4,252.6
ORD-003032,2025-08-16,2025-08-19,Second Class,CUST-00042,Home Office,Central,PROD-0032,Office Supplies,Art,11,662.36,0.0,7285.96,1378.18
ORD-003033,2026-01-04,2026-01-07,Standard Class,CUST-00383,Corporate,East,PROD-0033,Office Supplies,Paper,5,415.06,0.0,2075.3,658.33
ORD-003034,2025-07-19,2025-07-23,Second Class,CUST-00808,Consumer,East,PROD-0034,Furniture,Chairs,11,246.75,0.3,1899.97,87.16
ORD-003035,2026-03-23,2026-03-26,Standard Class,CUST-00108,Corporate,South,PROD-0035,Office Supplies,Binders,10,238.98,0.0,2389.8,779.12
ORD-003036,2025-01-22,2025-01-29,Standard Class,CUST-00755,Consumer,West,PROD-0036,Furniture,Chairs,2,265.36,0.0,530.72,11.42
ORD-003037,2023-06-17,2023-06-21,First Class,CUST-00193,Corporate,South,PROD-0037,Office Supplies,Paper,2,254.26,0.0,508.52,49.14
ORD-003038,2024-05-27,2024-06-03,Standard Class,CUST-00533,Corporate,West,PROD-0038,Office Supplies,Art,1,371.45,0.0,371.45,86.55
ORD-003039,2026-05-20,2026-05-23,Standard Class,CUST-00683,Consumer,East,PROD-0039,Technology,Phones,6,414.11,0.0,2484.66,83.41
ORD-003040,2023-04-02,2023-04-09,Standard Class,CUST-00680,Consumer,Central,PROD-0040,Office Supplies,Binders,7,357.02,0.0,2499.14,32.27
ORD-003041,2023-04-25,2023-04-28,Second Class,CUST-00709,Consumer,Central,PROD-0041,Furniture,Tables,5,297.44,0.0,1487.2,19.71
ORD-003042,2024-02-09,2024-02-14,Second Class,CUST-00737,Consumer,South,PROD-0042,Technology,Accessories,6,221.4,0.0,1328.4,426.31
ORD-003043,2025-07-13,2025-07-16,Standard Class,CUST-00244,Corporate,East,PROD-0043,Office Supplies,Storage,7,662.3,0.5,2318.05,238.62
ORD-003044,2023-06-11,2023-06-16,Standard Class,CUST-00269,Consumer,West,PROD-0044,Furniture,Tables,7,816.07,0.0,5712.49,758.12
ORD-003045,2025-05-15,2025-05-16,Standard Class,CUST-00168,Consumer,Central,PROD-0045,Technology,Machines,10,593.6,0.0,5936.0,575.53
ORD-003046,2025-06-29,2025-07-04,Standard Class,CUST-00568,Corporate,Central,PROD-0046,Office Supplies,Storage,6,602.59,0.0,3615.54,810.68
ORD-003047,2023-11-01,2023-11-04,Standard Class,CUST-00430,Corporate,East,PROD-0047,Office Supplies,Binders,11,324.59,0.0,3570.49,70.04
ORD-003048,2025-01-10,2025-01-17,Standard Class,CUST-00178,Corporate,West,PROD-0048,Furniture,Bookcases,5,30.83,0.0,154.15,35.04
ORD-003049,2024-12-27,2024-12-30,Standard Class,CUST-00654,Consumer,West,PROD-0049,Technology,Copiers,6,522.2,0.15,2663.22,834.34
ORD-003050,2025-12-29,2026-01-03,First Class,CUST-00536,Corporate,West,PROD-0050,Furniture,Chairs,3,364.76,0.5,547.14,22.69
ORD-003051,2023-04-17,2023-04-23,Second Class,CUST-00253,Consumer,West,PROD-0051,Office Supplies,Storage,7,60.33,0.0,422.31,-40.21
ORD-003052,2024-08-06,2024-08-11,Same Day,CUST-00742,Consumer,West,PROD-0052,Office Supplies,Labels,4,758.84,0.0,3035.36,1209.8
ORD-003053,2023-03-04,2023-03-10,Standard Class,CUST-00880,Corporate,Central,PROD-0053,Office Supplies,Binders,9,204.73,0.0,1842.57,604.98
ORD-003054,2023-01-06,2023-01-12,Standard Class,CUST-00513,Corporate,South,PROD-0054,Furniture,Chairs,6,238.3,0.0,1429.8,412.55
ORD-003055,2024-12-09,2024-12-15,Second Class,CUST-00823,Home Office,South,PROD-0055,Furniture,Bookcases,5,363.9,0.0,1819.5,398.6
ORD-003056,2023-06-15,2023-06-16,Second Class,CUST-00457,Corporate,East,PROD-0056,Technology,Phones,1,369.24,0.1,332.32,17.15
ORD-003057,2026-02-20,2026-02-27,Standard Class,CUST-00679,Corporate,West,PROD-0057,Technology,Phones,10,28.15,0.0,281.5,64.94
ORD-003058,2026-01-01,2026-01-02,Second Class,CUST-00898,Consumer,South,PROD-0058,Technology,Machines,11,328.72,0.15,3073.53,-200.71
ORD-003059,2024-09-02,2024-09-08,Standard Class,CUST-00702,Corporate,South,PROD-0059,Office Supplies,Storage,2,308.31,0.3,431.63,-11.75
ORD-003060,2023-08-23,2023-08-26,Standard Class,CUST-00683,Consumer,East,PROD-0060,Furniture,Furnishings,10,305.39,0.1,2748.51,-50.71
ORD-003061,2024-09-04,2024-09-09,Standard Class,CUST-00177,Corporate,Central,PROD-0061,Office Supplies,Binders,3,456.44,0.0,1369.32,291.99
ORD-003062,2025-03-30,2025-04-06,Standard Class,CUST-00816,Consumer,Central,PROD-0062,Technology,Accessories,6,736.63,0.0,4419.78,-138.34
ORD-003063,2025-06-04,2025-06-07,Standard Class,CUST-00270,Consumer,Central,PROD-0063,Office Supplies,Storage,9,423.17,0.0,3808.53,687.83
ORD-003064,2023-11-09,2023-11-16,Second Class,CUST-00400,Consumer,Central,PROD-0064,Office Supplies,Binders,5,879.29,0.15,3736.98,-314.32
ORD-003065,2023-11-24,2023-11-29,Second Class,CUST-00885,Corporate,Central,PROD-0065,Technology,Accessories,11,644.84,0.3,4965.27,938.73
ORD-003066,2023-03-26,2023-04-01,Standard Class,CUST-00314,Consumer,South,PROD-0066,Technology,Machines,5,431.31,0.0,2156.55,450.04
ORD-003067,2023-06-19,2023-06-25,Standard Class,CUST-00781,Consumer,West,PROD-0067,Office Supplies,Storage,5,612.8,0.0,3064.0,543.92
ORD-003068,2024-02-06,2024-02-10,Standard Class,CUST-00510,Consumer,South,PROD-0068,Furniture,Bookcases,8,300.05,0.1,2160.36,-135.26
ORD-003069,2024-07-13,2024-07-16,Standard Class,CUST-00517,Consumer,East,PROD-0069,Office Supplies,Labels,5,729.47,0.2,2917.88,-219.34
ORD-003070,2024-10-19,2024-10-21,Standard Class,CUST-00352,Consumer,South,PROD-0070,Furniture,Bookcases,9,401.9,0.0,3617.1,-274.79
ORD-003071,2025-05-15,2025-05-22,Second Class,CUST-00780,Home Office,West,PROD-0071,Technology,Copiers,6,520.87,0.0,3125.22,1031.18
ORD-003072,2025-10-25,2025-10-26,Standard Class,CUST-00786,Consumer,West,PROD-0072,Furniture,Tables,5,12.88,0.0,64.4,24.24
ORD-003073,2026-04-18,2026-04-25,First Class,CUST-00578,Home Office,Central,PROD-0073,Technology,Accessories,6,552.02,0.0,3312.12,686.95
ORD-003074,2023-06-24,2023-06-28,Standard Class,CUST-00446,Corporate,South,PROD-0074,Office Supplies,Storage,4,40.91,0.0,163.64,11.73
ORD-003075,2025-06-03,2025-06-10,Second Class,CUST-00196,Consumer,East,PROD-0075,Office Supplies,Binders,2,329.69,0.0,659.38,142.36
ORD-003076,2025-01-22,2025-01-27,Second Class,CUST-00571,Corporate,East,PROD-0076,Office Supplies,Labels,8,819.32,0.0,6554.56,2307.93
ORD-003077,2025-11-13,2025-11-18,Standard Class,CUST-00583,Home Office,West,PROD-0077,Office Supplies,Binders,3,743.33,0.0,2229.99,228.85
ORD-003078,2024-04-22,2024-04-23,Standard Class,CUST-00836,Consumer,West,PROD-0078,Furniture,Chairs,5,669.29,0.0,3346.45,943.66
ORD-003079,2024-12-15,2024-12-19,Standard Class,CUST-00451,Consumer,East,PROD-0079,Office Supplies,Labels,11,650.14,0.0,7151.54,2234.86
ORD-003080,2023-01-02,2023-01-03,Standard Class,CUST-00679,Consumer,South,PROD-0080,Furniture,Furnishings,2,436.85,0.0,873.7,177.23
ORD-003081,2026-03-26,2026-03-28,Standard Class,CUST-00539,Home Office,Central,PROD-0081,Technology,Machines,3,441.85,0.0,1325.55,316.5
ORD-003082,2024-06-21,2024-06-24,First Class,CUST-00059,Consumer,Central,PROD-0082,Office Supplies,Binders,1,838.24,0.15,712.5,-63.79
ORD-003083,2023-04-24,2023-04-26,Standard Class,CUST-00647,Consumer,East,PROD-0083,Office Supplies,Paper,3,250.39,0.0,751.17,43.04
ORD-003084,2023-06-08,2023-06-11,Standard Class,CUST-00512,Consumer,Central,PROD-0084,Furniture,Furnishings,4,222.08,0.0,888.32,224.59
ORD-003085,2025-07-18,2025-07-24,Standard Class,CUST-00380,Consumer,East,PROD-0085,Office Supplies,Binders,4,243.54,0.0,974.16,258.16
ORD-003086,2026-01-03,2026-01-07,First Class,CUST-00099,Consumer,Central,PROD-0086,Technology,Copiers,9,411.6,0.15,3148.74,-35.63
ORD-003087,2025-12-16,2025-12-17,Standard Class,CUST-00408,Consumer,South,PROD-0087,Office Supplies,Labels,10,348.51,0.0,3485.1,737.47
ORD-003088,2023-10-27,2023-10-29,Standard Class,CUST-00741,Consumer,East,PROD-0088,Furniture,Chairs,6,423.05,0.2,2030.64,518.49
ORD-003089,2026-06-08,2026-06-13,Second Class,CUST-00514,Home Office,South,PROD-0089,Office Supplies,Binders,8,270.59,0.0,2164.72,136.98
ORD-003090,2026-01-22,2026-01-23,Same Day,CUST-00278,Corporate,South,PROD-0090,Office Supplies,Binders,3,717.07,0.0,2151.21,23.09
ORD-003091,2025-02-17,2025-02-21,Standard Class,CUST-00614,Consumer,West,PROD-0091,Technology,Accessories,8,620.17,0.0,4961.36,1138.24
ORD-003092,2025-03-24,2025-03-31,Standard Class,CUST-00438,Home Office,South,PROD-0092,Office Supplies,Paper,6,643.39,0.0,3860.34,-353.46
ORD-003093,2025-01-29,2025-02-02,Second Class,CUST-00429,Corporate,South,PROD-0093,Office Supplies,Labels,4,470.69,0.1,1694.48,292.05
ORD-003094,2025-08-04,2025-08-05,Standard Class,CUST-00448,Corporate,South,PROD-0094,Office Supplies,Paper,1,448.35,0.0,448.35,169.38
ORD-003095,2023-05-06,2023-05-11,Standard Class,CUST-00337,Consumer,West,PROD-0095,Furniture,Bookcases,5,769.64,0.3,2693.74,682.14
ORD-003096,2024-06-13,2024-06-17,First Class,CUST-00666,Home Office,South,PROD-0096,Technology,Phones,9,6.44,0.0,57.96,12.63
ORD-003097,2024-07-20,2024-07-26,Standard Class,CUST-00103,Corporate,West,PROD-0097,Technology,Accessories,3,209.79,0.0,629.37,131.32
ORD-003098,2026-01-01,2026-01-03,Standard Class,CUST-00372,Home Office,South,PROD-0098,Furniture,Furnishings,5,512.91,0.3,1795.18,307.44
ORD-003099,2025-07-15,2025-07-19,Second Class,CUST-00107,Consumer,West,PROD-0099,Technology,Phones,2,632.08,0.15,1074.54,153.42
ORD-003100,2025-07-05,2025-07-08,First Class,CUST-00065,Home Office,East,PROD-0100,Office Supplies,Labels,9,316.79,0.2,2280.89,148.18
ORD-003101,2023-06-20,2023-06-25,Standard Class,CUST-00668,Consumer,Central,PROD-0101,Office Supplies,Art,7,684.41,0.1,4311.78,334.46
ORD-003102,2023-07-06,2023-07-07,Standard Class,CUST-00086,Home Office,West,PROD-0102,Office Supplies,Paper,9,839.85,0.0,7558.65,2275.88
ORD-003103,2023-10-02,2023-10-03,Second Class,CUST-00059,Consumer,South,PROD-0103,Technology,Machines,8,477.14,0.0,3817.12,-22.4
ORD-003104,2023-11-25,2023-11-26,Standard Class,CUST-00666,Corporate,Central,PROD-0104,Office Supplies,Labels,6,871.86,0.0,5231.16,-85.75
ORD-003105,2025-10-29,2025-11-01,Standard Class,CUST-00425,Home Office,South,PROD-0105,Office Supplies,Art,4,643.5,0.1,2316.6,-212.51
ORD-003106,2025-06-20,2025-06-26,Standard Class,CUST-00791,Home Office,West,PROD-0106,Technology,Accessories,4,675.26,0.0,2701.04,239.29
ORD-003107,2026-03-10,2026-03-15,Standard Class,CUST-00227,Consumer,West,PROD-0107,Technology,Copiers,7,73.32,0.0,513.24,108.85
ORD-003108,2023-08-16,2023-08-20,Standard Class,CUST-00293,Consumer,Central,PROD-0108,Office Supplies,Storage,1,315.56,0.0,315.56,117.78
ORD-003109,2024-11-07,2024-11-11,Second Class,CUST-00119,Consumer,East,PROD-0109,Furniture,Bookcases,4,447.93,0.0,1791.72,98.52
ORD-003110,2024-09-06,2024-09-08,Standard Class,CUST-00683,Corporate,Central,PROD-0110,Office Supplies,Paper,5,453.53,0.3,1587.35,-142.47
ORD-003111,2024-09-27,2024-10-03,First Class,CUST-00378,Consumer,West,PROD-0111,Office Supplies,Art,7,790.3,0.0,5532.1,1739.72
ORD-003112,2024-01-17,2024-01-18,First Class,CUST-00180,Consumer,Central,PROD-0112,Office Supplies,Labels,1,487.94,0.15,414.75,-40.01
ORD-003113,2023-07-06,2023-07-13,Standard Class,CUST-00784,Corporate,Central,PROD-0113,Office Supplies,Paper,10,761.12,0.0,7611.2,3.71
ORD-003114,2025-12-05,2025-12-07,Second Class,CUST-00251,Corporate,Central,PROD-0114,Technology,Accessories,3,645.76,0.1,1743.55,-122.91
ORD-003115,2023-11-16,2023-11-23,Second Class,CUST-00026,Home Office,Central,PROD-0115,Furniture,Bookcases,10,691.11,0.3,4837.77,1764.13
ORD-003116,2024-01-31,2024-02-01,Second Class,CUST-00769,Consumer,South,PROD-0116,Office Supplies,Art,9,494.23,0.5,2224.03,329.41
ORD-003117,2024-02-17,2024-02-24,Standard Class,CUST-00260,Home Office,Central,PROD-0117,Furniture,Furnishings,9,712.47,0.0,6412.23,-433.56
ORD-003118,2023-01-06,2023-01-07,Standard Class,CUST-00056,Consumer,Central,PROD-0118,Technology,Copiers,7,251.98,0.0,1763.86,543.25
ORD-003119,2024-12-15,2024-12-18,Same Day,CUST-00478,Corporate,Central,PROD-0119,Office Supplies,Binders,2,140.43,0.2,224.69,-1.33
ORD-003120,2025-04-04,2025-04-08,Second Class,CUST-00861,Home Office,West,PROD-0120,Office Supplies,Paper,8,532.24,0.3,2980.54,145.61
ORD-003121,2025-08-25,2025-08-31,Standard Class,CUST-00900,Corporate,East,PROD-0121,Furniture,Furnishings,9,317.32,0.0,2855.88,76.59
ORD-003122,2025-03-28,2025-04-03,Standard Class,CUST-00490,Consumer,South,PROD-0122,Furniture,Tables,6,84.08,0.0,504.48,49.88
ORD-003123,2023-02-17,2023-02-19,Standard Class,CUST-00316,Consumer,South,PROD-0123,Office Supplies,Paper,6,853.68,0.0,5122.08,1904.03
ORD-003124,2024-03-08,2024-03-13,Standard Class,CUST-00509,Consumer,West,PROD-0124,Office Supplies,Storage,3,820.1,0.1,2214.27,147.04
ORD-003125,2024-05-02,2024-05-05,Standard Class,CUST-00382,Corporate,West,PROD-0125,Office Supplies,Art,10,707.53,0.0,7075.3,2687.8
ORD-003126,2024-11-27,2024-11-30,Second Class,CUST-00201,Corporate,West,PROD-0126,Office Supplies,Paper,7,752.31,0.15,4476.24,475.77
ORD-003127,2025-05-24,2025-05-27,Standard Class,CUST-00394,Home Office,East,PROD-0127,Technology,Copiers,1,82.24,0.0,82.24,27.07
ORD-003128,2026-03-07,2026-03-11,Second Class,CUST-00235,Consumer,East,PROD-0128,Technology,Copiers,8,401.07,0.5,1604.28,-112.6
ORD-003129,2025-05-10,2025-05-16,Second Class,CUST-00226,Home Office,West,PROD-0129,Furniture,Tables,7,481.66,0.0,3371.62,-314.65
ORD-003130,2023-07-06,2023-07-12,Standard Class,CUST-00494,Corporate,West,PROD-0130,Office Supplies,Labels,6,496.06,0.0,2976.36,-180.2
ORD-003131,2024-05-13,2024-05-16,First Class,CUST-00211,Consumer,South,PROD-0131,Technology,Machines,2,542.78,0.0,1085.56,334.03
ORD-003132,2023-06-11,2023-06-13,Second Class,CUST-00228,Consumer,Central,PROD-0132,Technology,Copiers,6,85.06,0.0,510.36,105.57
ORD-003133,2024-01-01,2024-01-05,Second Class,CUST-00296,Home Office,West,PROD-0133,Office Supplies,Binders,11,361.73,0.1,3581.13,1307.42
ORD-003134,2024-12-12,2024-12-19,Standard Class,CUST-00848,Consumer,Central,PROD-0134,Office Supplies,Paper,1,207.52,0.0,207.52,-3.02
ORD-003135,2023-10-09,2023-10-15,First Class,CUST-00755,Consumer,Central,PROD-0135,Office Supplies,Storage,6,587.15,0.1,3170.61,168.44
ORD-003136,2025-08-26,2025-08-29,Standard Class,CUST-00532,Home Office,East,PROD-0136,Furniture,Chairs,1,661.16,0.15,561.99,212.06
ORD-003137,2025-01-02,2025-01-04,Standard Class,CUST-00062,Corporate,East,PROD-0137,Technology,Copiers,1,151.37,0.0,151.37,44.3
ORD-003138,2024-11-11,2024-11-16,Standard Class,CUST-00780,Consumer,East,PROD-0138,Office Supplies,Storage,1,161.39,0.0,161.39,53.96
ORD-003139,2026-06-13,2026-06-17,Same Day,CUST-00211,Consumer,East,PROD-0139,Furniture,Chairs,4,839.7,0.15,2854.98,501.57
ORD-003140,2026-06-01,2026-06-02,Standard Class,CUST-00570,Consumer,South,PROD-0140,Furniture,Bookcases,3,351.03,0.0,1053.09,393.63
ORD-003141,2023-12-12,2023-12-19,Second Class,CUST-00516,Consumer,South,PROD-0141,Furniture,Tables,3,283.55,0.0,850.65,209.7
ORD-003142,2023-10-22,2023-10-26,Standard Class,CUST-00242,Corporate,South,PROD-0142,Office Supplies,Paper,6,668.73,0.0,4012.38,751.96
ORD-003143,2023-08-08,2023-08-11,Standard Class,CUST-00280,Home Office,South,PROD-0143,Office Supplies,Storage,10,426.17,0.0,4261.7,17.61
ORD-003144,2025-10-18,2025-10-21,Second Class,CUST-00582,Consumer,East,PROD-0144,Office Supplies,Art,2,123.06,0.0,246.12,17.49
ORD-003145,2023-10-12,2023-10-19,Standard Class,CUST-00397,Consumer,West,PROD-0145,Technology,Phones,1,813.11,0.15,691.14,101.25
ORD-003146,2025-02-07,2025-02-14,Standard Class,CUST-00844,Consumer,South,PROD-0146,Office Supplies,Storage,10,780.71,0.1,7026.39,679.59
ORD-003147,2024-02-01,2024-02-02,Second Class,CUST-00557,Consumer,Central,PROD-0147,Technology,Phones,10,712.95,0.0,7129.5,-269.59
ORD-003148,2025-07-19,2025-07-21,First Class,CUST-00254,Corporate,Central,PROD-0148,Technology,Copiers,6,705.87,0.0,4235.22,1122.93
ORD-003149,2026-06-03,2026-06-08,Second Class,CUST-00698,Corporate,South,PROD-0149,Technology,Phones,7,58.31,0.1,367.35,33.64
ORD-003150,2024-11-08,2024-11-10,Standard Class,CUST-00358,Corporate,East,PROD-0150,Technology,Machines,1,678.11,0.1,610.3,243.43
ORD-003151,2025-05-10,2025-05-14,Standard Class,CUST-00865,Consumer,Central,PROD-0151,Office Supplies,Binders,8,440.16,0.0,3521.28,1230.91
ORD-003152,2023-02-06,2023-02-09,Second Class,CUST-00374,Consumer,West,PROD-0152,Office Supplies,Art,10,893.1,0.0,8931.0,190.91
ORD-003153,2025-04-05,2025-04-07,Standard Class,CUST-00164,Consumer,South,PROD-0153,Furniture,Chairs,5,585.21,0.3,2048.24,435.69
ORD-003154,2025-07-09,2025-07-12,Standard Class,CUST-00567,Home Office,West,PROD-0154,Office Supplies,Art,10,35.74,0.0,357.4,115.47
ORD-003155,2025-08-03,2025-08-07,Standard Class,CUST-00320,Corporate,South,PROD-0155,Office Supplies,Paper,10,611.75,0.1,5505.75,445.12
ORD-003156,2023-02-13,2023-02-20,Standard Class,CUST-00475,Consumer,West,PROD-0156,Office Supplies,Paper,8,794.7,0.0,6357.6,1504.01
ORD-003157,2024-09-07,2024-09-09,First Class,CUST-00667,Home Office,South,PROD-0157,Furniture,Furnishings,3,679.15,0.15,1731.83,205.93
ORD-003158,2025-12-18,2025-12-24,Standard Class,CUST-00107,Corporate,South,PROD-0158,Furniture,Tables,5,320.08,0.0,1600.4,238.73
ORD-003159,2025-09-11,2025-09-16,Second Class,CUST-00746,Corporate,West,PROD-0159,Office Supplies,Paper,1,165.67,0.0,165.67,32.09
ORD-003160,2024-12-14,2024-12-19,First Class,CUST-00411,Home Office,Central,PROD-0160,Office Supplies,Labels,3,61.25,0.15,156.19,45.29
ORD-003161,2024-11-24,2024-11-25,Second Class,CUST-00651,Consumer,South,PROD-0161,Office Supplies,Paper,10,387.75,0.0,3877.5,302.3
ORD-003162,2026-04-10,2026-04-11,Standard Class,CUST-00410,Home Office,East,PROD-0162,Office Supplies,Paper,7,817.9,0.0,5725.3,154.83
ORD-003163,2025-10-01,2025-10-03,Standard Class,CUST-00530,Consumer,South,PROD-0163,Furniture,Furnishings,11,144.23,0.5,793.26,40.58
ORD-003164,2024-12-25,2024-12-27,Same Day,CUST-00427,Consumer,South,PROD-0164,Furniture,Bookcases,4,850.57,0.5,1701.14,-83.65
ORD-003165,2024-12-12,2024-12-15,Standard Class,CUST-00807,Consumer,East,PROD-0165,Office Supplies,Binders,1,517.63,0.0,517.63,-2.75
ORD-003166,2023-05-04,2023-05-10,First Class,CUST-00298,Consumer,West,PROD-0166,Technology,Machines,10,506.37,0.5,2531.85,219.62
ORD-003167,2025-05-21,2025-05-24,Standard Class,CUST-00209,Corporate,Central,PROD-0167,Office Supplies,Storage,7,460.67,0.0,3224.69,380.76
ORD-003168,2025-07-26,2025-07-30,Standard Class,CUST-00555,Corporate,South,PROD-0168,Technology,Phones,7,191.85,0.0,1342.95,68.6
ORD-003169,2023-03-15,2023-03-16,First Class,CUST-00792,Corporate,West,PROD-0169,Technology,Accessories,8,694.61,0.0,5556.88,1764.32
ORD-003170,2025-07-06,2025-07-13,First Class,CUST-00306,Corporate,South,PROD-0170,Furniture,Furnishings,4,689.73,0.5,1379.46,113.44
ORD-003171,2024-06-06,2024-06-08,First Class,CUST-00835,Consumer,South,PROD-0171,Office Supplies,Paper,4,864.78,0.0,3459.12,1379.19
ORD-003172,2024-01-28,2024-02-01,Standard Class,CUST-00588,Home Office,Central,PROD-0172,Technology,Copiers,11,89.85,0.1,889.51,302.02
ORD-003173,2023-02-28,2023-03-01,Same Day,CUST-00887,Home Office,Central,PROD-0173,Technology,Phones,7,100.83,0.1,635.23,-54.05
ORD-003174,2023-05-09,2023-05-13,Standard Class,CUST-00486,Consumer,South,PROD-0174,Office Supplies,Paper,3,837.45,0.2,2009.88,631.72
ORD-003175,2023-11-16,2023-11-18,Standard Class,CUST-00023,Corporate,West,PROD-0175,Furniture,Bookcases,5,611.51,0.2,2446.04,801.28
ORD-003176,2024-01-29,2024-02-02,Standard Class,CUST-00146,Corporate,South,PROD-0176,Technology,Accessories,3,640.25,0.0,1920.75,151.06
ORD-003177,2026-02-22,2026-02-26,Standard Class,CUST-00506,Consumer,East,PROD-0177,Technology,Accessories,6,878.66,0.1,4744.76,-130.47
ORD-003178,2025-04-08,2025-04-12,Standard Class,CUST-00247,Corporate,South,PROD-0178,Office Supplies,Binders,4,766.66,0.0,3066.64,1029.27
ORD-003179,2026-01-14,2026-01-19,Standard Class,CUST-00267,Home Office,East,PROD-0179,Office Supplies,Art,2,239.04,0.0,478.08,-3.83
ORD-003180,2024-09-01,2024-09-06,Standard Class,CUST-00711,Corporate,South,PROD-0180,Office Supplies,Storage,3,353.85,0.0,1061.55,295.82
ORD-003181,2023-05-22,2023-05-26,Standard Class,CUST-00865,Corporate,South,PROD-0181,Office Supplies,Binders,9,131.9,0.0,1187.1,71.92
ORD-003182,2023-05-26,2023-05-30,Standard Class,CUST-00272,Corporate,East,PROD-0182,Office Supplies,Art,7,740.96,0.1,4668.05,-167.81
ORD-003183,2025-05-09,2025-05-10,First Class,CUST-00269,Consumer,South,PROD-0183,Technology,Phones,10,36.8,0.2,294.4,89.64
ORD-003184,2025-12-10,2025-12-15,Second Class,CUST-00091,Corporate,South,PROD-0184,Furniture,Chairs,4,858.25,0.0,3433.0,-223.6
ORD-003185,2025-03-25,2025-04-01,Standard Class,CUST-00250,Corporate,West,PROD-0185,Office Supplies,Storage,2,192.87,0.1,347.17,2.06
ORD-003186,2023-11-15,2023-11-19,Standard Class,CUST-00855,Consumer,Central,PROD-0186,Furniture,Furnishings,6,155.7,0.1,840.78,201.01
ORD-003187,2025-07-13,2025-07-18,Second Class,CUST-00103,Consumer,West,PROD-0187,Technology,Machines,6,668.3,0.0,4009.8,1300.63
ORD-003188,2024-06-30,2024-07-06,Standard Class,CUST-00219,Consumer,West,PROD-0188,Furniture,Tables,2,125.56,0.0,251.12,-12.4
ORD-003189,2025-11-30,2025-12-03,Second Class,CUST-00231,Home Office,Central,PROD-0189,Office Supplies,Storage,6,731.71,0.0,4390.26,94.06
ORD-003190,2026-06-11,2026-06-17,Standard Class,CUST-00875,Home Office,West,PROD-0190,Office Supplies,Paper,6,61.07,0.1,329.78,-12.96
ORD-003191,2025-01-05,2025-01-09,Standard Class,CUST-00170,Home Office,East,PROD-0191,Furniture,Tables,2,444.62,0.1,800.32,-65.19
ORD-003192,2023-09-10,2023-09-14,Standard Class,CUST-00886,Home Office,West,PROD-0192,Furniture,Bookcases,10,30.36,0.0,303.6,114.22
ORD-003193,2025-04-22,2025-04-26,Second Class,CUST-00346,Home Office,East,PROD-0193,Office Supplies,Binders,3,664.13,0.1,1793.15,551.31
ORD-003194,2026-06-16,2026-06-17,Standard Class,CUST-00510,Corporate,Central,PROD-0194,Furniture,Chairs,1,716.56,0.0,716.56,-40.59
ORD-003195,2025-05-19,2025-05-22,Second Class,CUST-00682,Consumer,Central,PROD-0195,Technology,Phones,7,138.4,0.0,968.8,211.02
ORD-003196,2023-03-11,2023-03-18,Standard Class,CUST-00124,Consumer,West,PROD-0196,Technology,Copiers,5,524.81,0.0,2624.05,-133.3
ORD-003197,2025-12-16,2025-12-17,Same Day,CUST-00376,Consumer,Central,PROD-0197,Office Supplies,Storage,1,682.34,0.0,682.34,-32.07
ORD-003198,2024-09-23,2024-09-30,Second Class,CUST-00286,Consumer,West,PROD-0198,Technology,Copiers,9,15.12,0.2,108.86,17.61
ORD-003199,2026-03-11,2026-03-13,Same Day,CUST-00272,Consumer,West,PROD-0199,Office Supplies,Binders,4,753.46,0.0,3013.84,-148.13
ORD-003200,2025-04-27,2025-04-30,First Class,CUST-00465,Consumer,Central,PROD-0200,Office Supplies,Art,9,405.22,0.15,3099.93,-234.19
ORD-003201,2023-03-07,2023-03-10,First Class,CUST-00573,Corporate,South,PROD-0201,Furniture,Furnishings,10,78.43,0.0,784.3,-74.0
ORD-003202,2024-11-30,2024-12-01,Standard Class,CUST-00329,Consumer,Central,PROD-0202,Technology,Accessories,5,789.21,0.0,3946.05,897.06
ORD-003203,2025-04-16,2025-04-22,Standard Class,CUST-00627,Consumer,Central,PROD-0203,Technology,Copiers,6,713.6,0.2,3425.28,-194.03
ORD-003204,2023-08-12,2023-08-14,Standard Class,CUST-00405,Corporate,East,PROD-0204,Technology,Accessories,7,163.92,0.0,1147.44,294.61
ORD-003205,2024-05-02,2024-05-06,Standard Class,CUST-00248,Consumer,West,PROD-0205,Technology,Phones,8,37.04,0.0,296.32,-19.47
ORD-003206,2024-01-06,2024-01-08,Standard Class,CUST-00766,Home Office,West,PROD-0206,Office Supplies,Labels,1,218.58,0.3,153.01,7.97
ORD-003207,2026-05-22,2026-05-23,Standard Class,CUST-00653,Corporate,South,PROD-0207,Furniture,Bookcases,4,450.8,0.0,1803.2,156.85
ORD-003208,2026-05-25,2026-05-30,Same Day,CUST-00081,Corporate,West,PROD-0208,Office Supplies,Art,4,248.25,0.0,993.0,274.42
ORD-003209,2025-10-22,2025-10-28,Standard Class,CUST-00273,Consumer,South,PROD-0209,Technology,Accessories,7,766.11,0.5,2681.39,-198.54
ORD-003210,2024-06-23,2024-06-25,Standard Class,CUST-00256,Home Office,South,PROD-0210,Office Supplies,Paper,1,324.34,0.0,324.34,-20.88
ORD-003211,2025-09-15,2025-09-21,First Class,CUST-00802,Corporate,East,PROD-0211,Office Supplies,Art,4,379.57,0.0,1518.28,84.91
ORD-003212,2024-05-05,2024-05-09,Same Day,CUST-00721,Consumer,South,PROD-0212,Office Supplies,Paper,6,34.5,0.0,207.0,60.99
ORD-003213,2024-05-11,2024-05-15,Second Class,CUST-00079,Consumer,Central,PROD-0213,Office Supplies,Storage,7,132.2,0.0,925.4,130.2
ORD-003214,2024-08-22,2024-08-27,Standard Class,CUST-00275,Consumer,West,PROD-0214,Furniture,Furnishings,10,287.58,0.1,2588.22,661.07
ORD-003215,2024-11-17,2024-11-20,Second Class,CUST-00457,Home Office,East,PROD-0215,Office Supplies,Art,2,140.0,0.3,196.0,37.68
ORD-003216,2023-06-05,2023-06-08,Standard Class,CUST-00585,Consumer,Central,PROD-0216,Office Supplies,Storage,3,97.89,0.0,293.67,71.51
ORD-003217,2023-10-28,2023-11-02,Second Class,CUST-00288,Consumer,West,PROD-0217,Office Supplies,Paper,6,271.12,0.0,1626.72,470.78
ORD-003218,2024-02-11,2024-02-18,Standard Class,CUST-00011,Consumer,East,PROD-0218,Office Supplies,Labels,3,734.76,0.0,2204.28,43.02
ORD-003219,2023-01-09,2023-01-13,Standard Class,CUST-00778,Consumer,Central,PROD-0219,Technology,Copiers,7,790.27,0.2,4425.51,395.79
ORD-003220,2023-02-12,2023-02-15,Standard Class,CUST-00852,Consumer,East,PROD-0220,Office Supplies,Paper,1,399.19,0.0,399.19,76.57
ORD-003221,2023-02-06,2023-02-10,Standard Class,CUST-00155,Home Office,East,PROD-0221,Office Supplies,Labels,8,827.75,0.0,6622.0,-110.76
ORD-003222,2024-08-23,2024-08-25,Standard Class,CUST-00695,Home Office,Central,PROD-0222,Technology,Accessories,5,720.42,0.0,3602.1,562.26
ORD-003223,2026-05-27,2026-06-02,Standard Class,CUST-00689,Home Office,Central,PROD-0223,Technology,Copiers,1,425.12,0.0,425.12,-8.28
ORD-003224,2025-07-10,2025-07-14,Second Class,CUST-00152,Corporate,East,PROD-0224,Technology,Copiers,5,20.32,0.0,101.6,-4.12
ORD-003225,2024-01-16,2024-01-20,First Class,CUST-00886,Corporate,West,PROD-0225,Office Supplies,Storage,3,182.97,0.0,548.91,6.63
ORD-003226,2025-09-12,2025-09-16,Standard Class,CUST-00322,Consumer,West,PROD-0226,Furniture,Furnishings,4,343.31,0.3,961.27,291.91
ORD-003227,2023-01-07,2023-01-13,Second Class,CUST-00601,Consumer,Central,PROD-0227,Office Supplies,Paper,5,135.52,0.0,677.6,92.23
ORD-003228,2025-10-28,2025-10-30,Second Class,CUST-00021,Corporate,West,PROD-0228,Technology,Machines,10,378.06,0.1,3402.54,352.64
ORD-003229,2025-11-10,2025-11-16,Standard Class,CUST-00883,Consumer,East,PROD-0229,Office Supplies,Binders,9,681.6,0.0,6134.4,497.04
ORD-003230,2024-07-06,2024-07-08,Second Class,CUST-00657,Consumer,East,PROD-0230,Office Supplies,Paper,3,348.05,0.0,1044.15,54.68
ORD-003231,2023-10-18,2023-10-19,Standard Class,CUST-00254,Home Office,Central,PROD-0231,Furniture,Furnishings,3,795.7,0.0,2387.1,-33.75
ORD-003232,2024-12-21,2024-12-26,Standard Class,CUST-00010,Corporate,West,PROD-0232,Technology,Phones,8,438.09,0.0,3504.72,525.97
ORD-003233,2024-12-04,2024-12-11,Standard Class,CUST-00646,Consumer,West,PROD-0233,Technology,Copiers,1,158.36,0.15,134.61,14.69
ORD-003234,2026-01-27,2026-02-02,Standard Class,CUST-00581,Consumer,West,PROD-0234,Technology,Machines,6,733.65,0.0,4401.9,52.73
ORD-003235,2024-02-02,2024-02-09,First Class,CUST-00408,Home Office,East,PROD-0235,Office Supplies,Art,11,248.93,0.2,2190.58,588.13
ORD-003236,2023-01-20,2023-01-23,Second Class,CUST-00531,Corporate,South,PROD-0236,Furniture,Bookcases,7,567.28,0.0,3970.96,1482.46
ORD-003237,2023-02-06,2023-02-07,Standard Class,CUST-00253,Corporate,West,PROD-0237,Furniture,Chairs,1,256.31,0.1,230.68,-2.66
ORD-003238,2023-06-07,2023-06-10,Same Day,CUST-00068,Consumer,Central,PROD-0238,Technology,Copiers,6,462.35,0.3,1941.87,514.22
ORD-003239,2026-02-10,2026-02-15,Standard Class,CUST-00290,Consumer,South,PROD-0239,Office Supplies,Binders,9,440.88,0.0,3967.92,411.39
ORD-003240,2024-02-26,2024-03-03,First Class,CUST-00786,Consumer,East,PROD-0240,Office Supplies,Storage,9,446.58,0.1,3617.3,691.23
ORD-003241,2025-09-12,2025-09-18,Same Day,CUST-00222,Corporate,East,PROD-0241,Technology,Accessories,3,172.72,0.0,518.16,161.53
ORD-003242,2025-02-14,2025-02-21,Second Class,CUST-00556,Corporate,West,PROD-0242,Technology,Phones,5,65.46,0.0,327.3,125.85
ORD-003243,2025-09-08,2025-09-15,Second Class,CUST-00372,Consumer,West,PROD-0243,Office Supplies,Art,9,286.65,0.0,2579.85,603.28
ORD-003244,2023-07-28,2023-07-30,Standard Class,CUST-00369,Consumer,East,PROD-0244,Furniture,Chairs,10,74.57,0.1,671.13,235.17
ORD-003245,2026-06-26,2026-07-01,Standard Class,CUST-00668,Home Office,Central,PROD-0245,Technology,Machines,6,14.48,0.0,86.88,11.89
ORD-003246,2023-09-16,2023-09-19,Standard Class,CUST-00230,Consumer,East,PROD-0246,Office Supplies,Labels,9,83.89,0.15,641.76,90.31
ORD-003247,2024-09-13,2024-09-15,First Class,CUST-00829,Consumer,South,PROD-0247,Technology,Accessories,10,100.99,0.1,908.91,-81.79
ORD-003248,2026-05-18,2026-05-21,Standard Class,CUST-00823,Consumer,South,PROD-0248,Office Supplies,Paper,4,295.73,0.0,1182.92,166.13
ORD-003249,2023-01-06,2023-01-13,First Class,CUST-00698,Home Office,West,PROD-0249,Office Supplies,Art,7,823.89,0.15,4902.15,1291.05
ORD-003250,2026-05-24,2026-05-29,Standard Class,CUST-00415,Corporate,South,PROD-0250,Office Supplies,Art,4,558.36,0.0,2233.44,517.61
ORD-003251,2023-06-17,2023-06-19,Standard Class,CUST-00676,Consumer,Central,PROD-0251,Technology,Copiers,3,72.99,0.1,197.07,27.58
ORD-003252,2023-06-26,2023-07-02,Standard Class,CUST-00672,Consumer,East,PROD-0252,Technology,Phones,4,746.08,0.0,2984.32,483.95
ORD-003253,2024-12-03,2024-12-04,Standard Class,CUST-00805,Consumer,South,PROD-0253,Furniture,Chairs,6,762.7,0.2,3660.96,767.97
ORD-003254,2025-12-14,2025-12-15,Standard Class,CUST-00432,Consumer,South,PROD-0254,Office Supplies,Storage,6,512.99,0.0,3077.94,589.76
ORD-003255,2025-11-13,2025-11-19,Same Day,CUST-00844,Home Office,South,PROD-0255,Office Supplies,Labels,10,777.14,0.1,6994.26,-349.0
ORD-003256,2023-06-07,2023-06-14,Second Class,CUST-00756,Consumer,West,PROD-0256,Technology,Phones,8,792.7,0.2,5073.28,645.77
ORD-003257,2024-02-25,2024-02-28,Second Class,CUST-00441,Corporate,Central,PROD-0257,Furniture,Furnishings,6,427.6,0.0,2565.6,515.81
ORD-003258,2023-12-08,2023-12-10,Second Class,CUST-00781,Home Office,South,PROD-0258,Technology,Machines,3,604.38,0.5,906.57,281.65
ORD-003259,2025-07-07,2025-07-08,Standard Class,CUST-00334,Corporate,South,PROD-0259,Office Supplies,Storage,8,504.5,0.15,3430.6,965.56
ORD-003260,2025-03-11,2025-03-18,Standard Class,CUST-00052,Consumer,West,PROD-0260,Furniture,Bookcases,8,814.75,0.0,6518.0,1183.66
ORD-003261,2023-07-20,2023-07-27,Standard Class,CUST-00349,Consumer,West,PROD-0261,Technology,Copiers,3,628.05,0.0,1884.15,-39.47
ORD-003262,2025-05-24,2025-05-31,Standard Class,CUST-00435,Home Office,South,PROD-0262,Office Supplies,Labels,10,490.43,0.0,4904.3,1223.55
ORD-003263,2025-12-22,2025-12-27,Standard Class,CUST-00558,Corporate,South,PROD-0263,Office Supplies,Storage,5,888.2,0.0,4441.0,707.63
ORD-003264,2023-04-25,2023-04-27,Second Class,CUST-00378,Corporate,East,PROD-0264,Technology,Copiers,3,867.31,0.15,2211.64,208.75
ORD-003265,2025-03-24,2025-03-30,Second Class,CUST-00325,Consumer,West,PROD-0265,Technology,Accessories,7,394.09,0.0,2758.63,-223.19
ORD-003266,2025-12-10,2025-12-11,Standard Class,CUST-00686,Consumer,South,PROD-0266,Technology,Machines,1,55.74,0.0,55.74,17.24
ORD-003267,2025-02-25,2025-03-01,Standard Class,CUST-00742,Consumer,South,PROD-0267,Technology,Accessories,9,491.51,0.0,4423.59,1357.92
ORD-003268,2024-04-04,2024-04-08,Same Day,CUST-00158,Home Office,South,PROD-0268,Furniture,Bookcases,7,300.85,0.3,1474.17,229.88
ORD-003269,2023-08-06,2023-08-07,First Class,CUST-00408,Corporate,South,PROD-0269,Office Supplies,Binders,6,718.53,0.0,4311.18,167.09
ORD-003270,2024-12-13,2024-12-19,Standard Class,CUST-00548,Consumer,South,PROD-0270,Furniture,Tables,10,475.43,0.0,4754.3,-338.2
ORD-003271,2024-09-15,2024-09-18,First Class,CUST-00501,Consumer,Central,PROD-0271,Technology,Phones,7,588.71,0.0,4120.97,1481.99
ORD-003272,2026-06-07,2026-06-09,First Class,CUST-00508,Consumer,South,PROD-0272,Office Supplies,Binders,9,388.09,0.0,3492.81,1154.98
ORD-003273,2023-07-05,2023-07-08,Standard Class,CUST-00556,Consumer,West,PROD-0273,Furniture,Tables,6,822.21,0.2,3946.61,-181.98
ORD-003274,2023-02-13,2023-02-16,Second Class,CUST-00562,Consumer,East,PROD-0274,Office Supplies,Binders,7,480.45,0.0,3363.15,1269.46
ORD-003275,2024-02-07,2024-02-11,Standard Class,CUST-00148,Corporate,East,PROD-0275,Furniture,Furnishings,9,307.64,0.0,2768.76,-101.43
ORD-003276,2024-05-13,2024-05-18,Second Class,CUST-00799,Consumer,South,PROD-0276,Technology,Phones,1,90.09,0.0,90.09,26.64
ORD-003277,2025-05-09,2025-05-13,Standard Class,CUST-00417,Home Office,East,PROD-0277,Furniture,Chairs,5,89.45,0.0,447.25,102.51
ORD-003278,2023-05-31,2023-06-01,Second Class,CUST-00644,Corporate,West,PROD-0278,Office Supplies,Labels,4,604.93,0.0,2419.72,318.37
ORD-003279,2024-10-09,2024-10-14,Standard Class,CUST-00469,Consumer,South,PROD-0279,Office Supplies,Labels,6,369.72,0.0,2218.32,688.1
ORD-003280,2024-10-14,2024-10-15,Standard Class,CUST-00245,Home Office,South,PROD-0280,Office Supplies,Paper,3,183.04,0.0,549.12,177.42
ORD-003281,2024-07-12,2024-07-16,First Class,CUST-00234,Consumer,East,PROD-0281,Technology,Phones,9,385.72,0.0,3471.48,338.78
ORD-003282,2026-02-17,2026-02-23,First Class,CUST-00418,Corporate,Central,PROD-0282,Furniture,Tables,10,17.95,0.0,179.5,36.42
ORD-003283,2025-10-20,2025-10-23,Standard Class,CUST-00849,Consumer,East,PROD-0283,Office Supplies,Art,7,606.46,0.0,4245.22,11.76
ORD-003284,2024-05-11,2024-05-12,Second Class,CUST-00513,Corporate,Central,PROD-0284,Furniture,Chairs,6,51.93,0.3,218.11,-3.48
ORD-003285,2024-03-19,2024-03-26,Standard Class,CUST-00327,Consumer,South,PROD-0285,Office Supplies,Storage,5,160.61,0.1,722.75,275.73
ORD-003286,2023-12-13,2023-12-18,Standard Class,CUST-00063,Consumer,Central,PROD-0286,Office Supplies,Paper,4,704.4,0.0,2817.6,-39.32
ORD-003287,2023-08-09,2023-08-10,Standard Class,CUST-00416,Consumer,Central,PROD-0287,Office Supplies,Binders,5,308.85,0.1,1389.83,199.01
ORD-003288,2025-12-18,2025-12-19,Second Class,CUST-00126,Home Office,South,PROD-0288,Office Supplies,Paper,7,868.64,0.0,6080.48,1591.58
ORD-003289,2024-08-29,2024-08-31,Second Class,CUST-00393,Home Office,South,PROD-0289,Technology,Accessories,1,479.58,0.0,479.58,60.24
ORD-003290,2023-12-16,2023-12-23,First Class,CUST-00186,Consumer,East,PROD-0290,Furniture,Furnishings,8,622.21,0.0,4977.68,1217.82
ORD-003291,2023-01-25,2023-01-28,First Class,CUST-00840,Consumer,South,PROD-0291,Office Supplies,Paper,10,605.56,0.3,4238.92,119.56
ORD-003292,2023-05-30,2023-06-01,Standard Class,CUST-00458,Home Office,Central,PROD-0292,Office Supplies,Art,1,561.9,0.1,505.71,-30.84
ORD-003293,2024-05-12,2024-05-16,First Class,CUST-00240,Corporate,East,PROD-0293,Office Supplies,Binders,5,862.52,0.2,3450.08,1071.6
ORD-003294,2024-07-07,2024-07-14,Standard Class,CUST-00762,Corporate,West,PROD-0294,Furniture,Chairs,8,619.04,0.0,4952.32,-293.47
ORD-003295,2023-07-26,2023-07-30,Standard Class,CUST-00448,Consumer,Central,PROD-0295,Office Supplies,Storage,2,668.76,0.0,1337.52,115.0
ORD-003296,2024-05-13,2024-05-17,Standard Class,CUST-00680,Consumer,East,PROD-0296,Technology,Machines,3,218.87,0.0,656.61,125.81
ORD-003297,2024-04-15,2024-04-17,Same Day,CUST-00815,Corporate,West,PROD-0297,Technology,Phones,6,836.42,0.0,5018.52,100.7
ORD-003298,2024-02-20,2024-02-21,First Class,CUST-00083,Corporate,South,PROD-0298,Office Supplies,Storage,9,154.74,0.1,1253.39,73.64
ORD-003299,2024-03-09,2024-03-12,First Class,CUST-00858,Corporate,East,PROD-0299,Furniture,Bookcases,7,783.39,0.1,4935.36,869.33
ORD-003300,2024-07-25,2024-07-31,First Class,CUST-00250,Consumer,East,PROD-0300,Office Supplies,Labels,5,106.14,0.1,477.63,187.21
ORD-003301,2024-12-05,2024-12-10,Same Day,CUST-00389,Corporate,West,PROD-0001,Office Supplies,Binders,2,378.03,0.2,604.85,232.79
ORD-003302,2026-01-05,2026-01-06,Standard Class,CUST-00038,Corporate,South,PROD-0002,Office Supplies,Paper,9,246.76,0.0,2220.84,879.76
ORD-003303,2026-01-31,2026-02-06,First Class,CUST-00027,Corporate,South,PROD-0003,Technology,Machines,8,211.76,0.0,1694.08,407.55
ORD-003304,2026-05-30,2026-06-02,Second Class,CUST-00570,Consumer,South,PROD-0004,Technology,Phones,9,566.71,0.2,4080.31,100.15
ORD-003305,2025-11-04,2025-11-11,Standard Class,CUST-00812,Consumer,West,PROD-0005,Technology,Phones,11,63.6,0.3,489.72,33.77
ORD-003306,2024-12-01,2024-12-02,First Class,CUST-00795,Corporate,Central,PROD-0006,Furniture,Tables,4,71.59,0.15,243.41,-18.77
ORD-003307,2024-05-07,2024-05-09,Standard Class,CUST-00357,Corporate,South,PROD-0007,Office Supplies,Storage,8,260.68,0.0,2085.44,91.39
ORD-003308,2023-07-05,2023-07-11,Standard Class,CUST-00898,Consumer,Central,PROD-0008,Technology,Accessories,2,493.55,0.0,987.1,267.31
ORD-003309,2026-05-05,2026-05-11,Standard Class,CUST-00561,Corporate,South,PROD-0009,Technology,Phones,3,236.54,0.2,567.7,30.94
ORD-003310,2024-06-21,2024-06-25,First Class,CUST-00046,Consumer,Central,PROD-0010,Furniture,Tables,10,752.4,0.0,7524.0,-253.07
ORD-003311,2023-10-12,2023-10-16,Standard Class,CUST-00638,Corporate,South,PROD-0011,Office Supplies,Binders,10,194.52,0.0,1945.2,690.16
ORD-003312,2026-05-17,2026-05-24,Standard Class,CUST-00479,Consumer,East,PROD-0012,Technology,Accessories,3,9.39,0.0,28.17,0.26
ORD-003313,2025-10-03,2025-10-09,Standard Class,CUST-00210,Corporate,West,PROD-0013,Furniture,Furnishings,4,45.5,0.0,182.0,59.38
ORD-003314,2024-09-28,2024-10-01,Standard Class,CUST-00769,Consumer,East,PROD-0014,Technology,Machines,4,690.4,0.2,2209.28,630.19
ORD-003315,2025-04-09,2025-04-14,Standard Class,CUST-00616,Consumer,Central,PROD-0015,Furniture,Chairs,6,627.74,0.0,3766.44,-343.39
ORD-003316,2023-09-11,2023-09-18,Standard Class,CUST-00508,Consumer,West,PROD-0016,Furniture,Chairs,11,889.02,0.1,8801.3,980.16
ORD-003317,2024-09-24,2024-09-30,First Class,CUST-00307,Consumer,South,PROD-0017,Technology,Phones,5,190.4,0.0,952.0,249.19
ORD-003318,2023-05-14,2023-05-18,Second Class,CUST-00839,Home Office,West,PROD-0018,Office Supplies,Labels,2,21.83,0.0,43.66,0.09
ORD-003319,2024-06-05,2024-06-06,Standard Class,CUST-00722,Corporate,East,PROD-0019,Office Supplies,Art,5,815.49,0.0,4077.45,664.93
ORD-003320,2023-05-08,2023-05-09,Standard Class,CUST-00272,Consumer,East,PROD-0020,Furniture,Chairs,5,781.0,0.15,3319.25,1269.73
ORD-003321,2026-04-27,2026-05-02,Standard Class,CUST-00555,Consumer,West,PROD-0021,Technology,Copiers,5,135.78,0.0,678.9,68.11
ORD-003322,2023-01-03,2023-01-09,Standard Class,CUST-00873,Corporate,Central,PROD-0022,Office Supplies,Art,8,113.96,0.15,774.93,249.57
ORD-003323,2024-03-14,2024-03-18,Standard Class,CUST-00849,Home Office,Central,PROD-0023,Furniture,Furnishings,11,244.89,0.0,2693.79,166.97
ORD-003324,2023-12-11,2023-12-15,Second Class,CUST-00678,Corporate,East,PROD-0024,Technology,Accessories,1,61.62,0.0,61.62,20.51
ORD-003325,2023-08-03,2023-08-10,Second Class,CUST-00163,Consumer,East,PROD-0025,Office Supplies,Art,9,260.41,0.2,1874.95,-111.52
ORD-003326,2025-12-22,2025-12-27,Standard Class,CUST-00335,Consumer,East,PROD-0026,Office Supplies,Paper,9,421.84,0.0,3796.56,1396.85
ORD-003327,2023-12-05,2023-12-09,Standard Class,CUST-00730,Home Office,Central,PROD-0027,Office Supplies,Storage,7,40.62,0.0,284.34,12.97
ORD-003328,2025-06-15,2025-06-22,Standard Class,CUST-00616,Consumer,East,PROD-0028,Furniture,Bookcases,8,157.73,0.0,1261.84,486.95
ORD-003329,2024-12-09,2024-12-16,Second Class,CUST-00232,Corporate,West,PROD-0029,Office Supplies,Art,7,745.05,0.0,5215.35,47.5
ORD-003330,2026-04-24,2026-04-30,Standard Class,CUST-00498,Consumer,Central,PROD-0030,Technology,Machines,7,410.2,0.3,2009.98,356.72
ORD-003331,2023-12-27,2024-01-01,Second Class,CUST-00844,Corporate,West,PROD-0031,Office Supplies,Storage,8,293.38,0.0,2347.04,116.49
ORD-003332,2025-04-12,2025-04-18,Standard Class,CUST-00254,Corporate,West,PROD-0032,Technology,Accessories,7,558.13,0.0,3906.91,1092.13
ORD-003333,2024-02-01,2024-02-04,Second Class,CUST-00258,Consumer,South,PROD-0033,Furniture,Tables,6,446.83,0.0,2680.98,588.77
ORD-003334,2023-10-26,2023-10-31,First Class,CUST-00024,Consumer,Central,PROD-0034,Office Supplies,Art,2,212.98,0.0,425.96,109.49
ORD-003335,2023-06-03,2023-06-04,Standard Class,CUST-00068,Corporate,West,PROD-0035,Technology,Machines,1,417.75,0.0,417.75,149.1
ORD-003336,2024-10-23,2024-10-29,Standard Class,CUST-00839,Home Office,Central,PROD-0036,Furniture,Bookcases,10,83.24,0.0,832.4,-62.37
ORD-003337,2023-12-20,2023-12-25,Second Class,CUST-00488,Home Office,Central,PROD-0037,Office Supplies,Art,1,550.55,0.0,550.55,136.46
ORD-003338,2026-02-08,2026-02-15,First Class,CUST-00185,Home Office,East,PROD-0038,Furniture,Chairs,9,624.32,0.1,5056.99,-237.44
ORD-003339,2024-07-31,2024-08-02,Standard Class,CUST-00053,Home Office,East,PROD-0039,Technology,Phones,7,132.32,0.0,926.24,88.41
ORD-003340,2025-07-24,2025-07-31,First Class,CUST-00661,Consumer,West,PROD-0040,Office Supplies,Paper,4,751.1,0.0,3004.4,122.26
ORD-003341,2025-12-13,2025-12-20,Standard Class,CUST-00139,Home Office,West,PROD-0041,Technology,Copiers,6,714.15,0.0,4284.9,388.51
ORD-003342,2025-07-17,2025-07-18,Standard Class,CUST-00122,Corporate,West,PROD-0042,Office Supplies,Labels,8,618.51,0.0,4948.08,567.13
ORD-003343,2025-05-18,2025-05-20,Standard Class,CUST-00445,Home Office,East,PROD-0043,Office Supplies,Paper,11,144.69,0.3,1114.11,263.61
ORD-003344,2025-04-14,2025-04-17,First Class,CUST-00882,Consumer,West,PROD-0044,Furniture,Tables,9,553.31,0.0,4979.79,139.59
ORD-003345,2024-09-03,2024-09-07,Standard Class,CUST-00706,Corporate,South,PROD-0045,Office Supplies,Labels,7,790.05,0.1,4977.31,-247.91
ORD-003346,2024-05-05,2024-05-10,First Class,CUST-00821,Consumer,West,PROD-0046,Furniture,Bookcases,7,462.8,0.0,3239.6,561.36
ORD-003347,2023-03-04,2023-03-10,Standard Class,CUST-00571,Consumer,West,PROD-0047,Furniture,Chairs,9,666.27,0.0,5996.43,547.67
ORD-003348,2023-12-15,2023-12-17,Standard Class,CUST-00130,Consumer,South,PROD-0048,Furniture,Bookcases,9,351.36,0.0,3162.24,1086.7
ORD-003349,2023-09-11,2023-09-14,Standard Class,CUST-00338,Home Office,South,PROD-0049,Technology,Phones,3,828.62,0.0,2485.86,325.61
ORD-003350,2023-09-19,2023-09-22,Second Class,CUST-00839,Consumer,East,PROD-0050,Office Supplies,Art,10,601.98,0.2,4815.84,1088.44
ORD-003351,2024-12-19,2024-12-21,First Class,CUST-00098,Consumer,East,PROD-0051,Office Supplies,Binders,1,9.69,0.0,9.69,1.13
ORD-003352,2024-02-05,2024-02-12,Standard Class,CUST-00614,Consumer,Central,PROD-0052,Furniture,Chairs,11,539.11,0.0,5930.21,-111.91
ORD-003353,2025-10-11,2025-10-17,Standard Class,CUST-00638,Consumer,South,PROD-0053,Furniture,Tables,10,642.98,0.0,6429.8,1193.72
ORD-003354,2026-02-17,2026-02-22,Second Class,CUST-00616,Consumer,West,PROD-0054,Office Supplies,Storage,9,140.81,0.0,1267.29,434.2
ORD-003355,2024-06-05,2024-06-08,Standard Class,CUST-00354,Consumer,West,PROD-0055,Technology,Phones,2,765.44,0.15,1301.25,143.74
ORD-003356,2024-06-16,2024-06-23,Second Class,CUST-00077,Consumer,East,PROD-0056,Technology,Phones,2,875.08,0.0,1750.16,661.71
ORD-003357,2024-08-03,2024-08-10,First Class,CUST-00290,Corporate,West,PROD-0057,Technology,Phones,5,210.37,0.0,1051.85,317.83
ORD-003358,2024-02-12,2024-02-13,Second Class,CUST-00605,Corporate,South,PROD-0058,Office Supplies,Binders,9,690.4,0.0,6213.6,2466.03
ORD-003359,2024-11-02,2024-11-07,First Class,CUST-00886,Home Office,South,PROD-0059,Office Supplies,Storage,7,476.76,0.0,3337.32,84.9
ORD-003360,2025-07-19,2025-07-22,Second Class,CUST-00162,Corporate,East,PROD-0060,Office Supplies,Art,5,56.97,0.2,227.88,13.33
ORD-003361,2025-07-07,2025-07-08,Standard Class,CUST-00111,Consumer,South,PROD-0061,Furniture,Chairs,9,711.46,0.0,6403.14,12.56
ORD-003362,2024-11-20,2024-11-21,Standard Class,CUST-00450,Consumer,Central,PROD-0062,Office Supplies,Labels,5,279.04,0.3,976.64,13.81
ORD-003363,2026-03-12,2026-03-19,Standard Class,CUST-00034,Home Office,Central,PROD-0063,Office Supplies,Binders,10,706.3,0.0,7063.0,738.92
ORD-003364,2024-09-29,2024-10-01,Standard Class,CUST-00580,Home Office,West,PROD-0064,Office Supplies,Paper,6,434.62,0.1,2346.95,430.35
ORD-003365,2023-11-04,2023-11-08,Standard Class,CUST-00486,Consumer,South,PROD-0065,Furniture,Furnishings,6,94.73,0.0,568.38,89.39
ORD-003366,2023-02-10,2023-02-16,Standard Class,CUST-00342,Consumer,East,PROD-0066,Technology,Copiers,9,32.57,0.2,234.5,-14.83
ORD-003367,2023-06-02,2023-06-09,Standard Class,CUST-00551,Corporate,East,PROD-0067,Furniture,Furnishings,1,18.19,0.0,18.19,-1.5
ORD-003368,2025-07-14,2025-07-21,Standard Class,CUST-00279,Consumer,South,PROD-0068,Office Supplies,Paper,3,137.91,0.0,413.73,53.25
ORD-003369,2023-06-27,2023-06-28,Second Class,CUST-00735,Corporate,South,PROD-0069,Technology,Copiers,3,549.15,0.15,1400.33,502.78
ORD-003370,2025-06-27,2025-07-04,Same Day,CUST-00420,Corporate,Central,PROD-0070,Furniture,Tables,8,350.58,0.0,2804.64,558.49
ORD-003371,2025-07-28,2025-08-03,Standard Class,CUST-00497,Corporate,Central,PROD-0071,Furniture,Chairs,1,619.6,0.5,309.8,-9.62
ORD-003372,2023-01-24,2023-01-26,Standard Class,CUST-00386,Home Office,Central,PROD-0072,Furniture,Furnishings,9,426.35,0.15,3261.58,-196.91
ORD-003373,2024-10-30,2024-11-01,Standard Class,CUST-00326,Corporate,East,PROD-0073,Office Supplies,Paper,4,427.95,0.2,1369.44,-58.05
ORD-003374,2025-05-03,2025-05-09,First Class,CUST-00548,Consumer,Central,PROD-0074,Technology,Phones,2,84.86,0.15,144.26,51.88
ORD-003375,2025-01-08,2025-01-13,Standard Class,CUST-00345,Consumer,West,PROD-0075,Furniture,Tables,5,486.32,0.2,1945.28,585.21
ORD-003376,2024-05-28,2024-05-29,First Class,CUST-00772,Consumer,Central,PROD-0076,Furniture,Bookcases,9,495.89,0.0,4463.01,6.57
ORD-003377,2025-03-22,2025-03-26,Standard Class,CUST-00388,Corporate,East,PROD-0077,Office Supplies,Art,2,237.54,0.15,403.82,5.06
ORD-003378,2026-06-23,2026-06-25,Standard Class,CUST-00274,Home Office,Central,PROD-0078,Furniture,Furnishings,9,509.91,0.0,4589.19,1630.12
ORD-003379,2025-03-23,2025-03-26,Standard Class,CUST-00557,Consumer,East,PROD-0079,Technology,Copiers,7,722.4,0.0,5056.8,1571.47
ORD-003380,2024-12-30,2025-01-06,Standard Class,CUST-00010,Corporate,South,PROD-0080,Office Supplies,Storage,6,717.74,0.0,4306.44,77.29
ORD-003381,2024-01-26,2024-02-02,Same Day,CUST-00423,Consumer,West,PROD-0081,Furniture,Furnishings,5,578.84,0.3,2025.94,731.27
ORD-003382,2025-05-17,2025-05-23,Standard Class,CUST-00740,Corporate,East,PROD-0082,Office Supplies,Paper,2,519.39,0.1,934.9,96.35
ORD-003383,2023-05-23,2023-05-24,Second Class,CUST-00817,Consumer,South,PROD-0083,Office Supplies,Storage,9,805.05,0.1,6520.9,2580.84
ORD-003384,2025-12-04,2025-12-11,Standard Class,CUST-00541,Home Office,West,PROD-0084,Furniture,Tables,4,167.32,0.3,468.5,21.93
ORD-003385,2023-07-03,2023-07-05,Standard Class,CUST-00014,Consumer,Central,PROD-0085,Office Supplies,Storage,3,651.7,0.1,1759.59,527.26
ORD-003386,2024-06-21,2024-06-22,Standard Class,CUST-00665,Consumer,East,PROD-0086,Technology,Accessories,8,285.29,0.0,2282.32,-107.52
ORD-003387,2025-01-06,2025-01-12,Standard Class,CUST-00429,Consumer,South,PROD-0087,Furniture,Bookcases,3,867.81,0.1,2343.09,682.86
ORD-003388,2024-11-27,2024-12-03,Standard Class,CUST-00178,Corporate,West,PROD-0088,Office Supplies,Paper,9,361.9,0.5,1628.55,-132.46
ORD-003389,2025-04-07,2025-04-08,Standard Class,CUST-00676,Corporate,West,PROD-0089,Technology,Machines,9,843.82,0.15,6455.22,251.32
ORD-003390,2026-03-14,2026-03-21,First Class,CUST-00411,Corporate,East,PROD-0090,Technology,Phones,11,177.83,0.0,1956.13,776.52
ORD-003391,2023-04-08,2023-04-10,Second Class,CUST-00211,Home Office,South,PROD-0091,Technology,Machines,11,27.98,0.0,307.78,110.15
ORD-003392,2024-11-17,2024-11-24,Standard Class,CUST-00417,Home Office,Central,PROD-0092,Technology,Accessories,8,718.21,0.1,5171.11,1776.66
ORD-003393,2023-03-23,2023-03-26,Second Class,CUST-00124,Corporate,Central,PROD-0093,Office Supplies,Paper,7,294.83,0.3,1444.67,-87.54
ORD-003394,2023-02-09,2023-02-12,Standard Class,CUST-00457,Consumer,West,PROD-0094,Furniture,Furnishings,1,722.86,0.0,722.86,255.87
ORD-003395,2023-08-10,2023-08-11,Standard Class,CUST-00662,Corporate,West,PROD-0095,Furniture,Chairs,10,618.4,0.1,5565.6,1641.27
ORD-003396,2023-03-10,2023-03-16,Standard Class,CUST-00190,Consumer,West,PROD-0096,Furniture,Tables,7,210.17,0.0,1471.19,-82.49
ORD-003397,2023-02-11,2023-02-14,Second Class,CUST-00182,Consumer,Central,PROD-0097,Office Supplies,Binders,4,531.04,0.0,2124.16,435.14
ORD-003398,2024-01-23,2024-01-29,Standard Class,CUST-00368,Corporate,Central,PROD-0098,Office Supplies,Paper,11,311.4,0.3,2397.78,426.15
ORD-003399,2025-07-05,2025-07-10,Standard Class,CUST-00388,Home Office,South,PROD-0099,Technology,Machines,8,482.94,0.0,3863.52,700.42
ORD-003400,2023-10-04,2023-10-06,Standard Class,CUST-00059,Consumer,East,PROD-0100,Furniture,Bookcases,10,149.76,0.0,1497.6,-14.08
ORD-003401,2023-03-18,2023-03-21,Second Class,CUST-00566,Consumer,East,PROD-0101,Office Supplies,Art,8,645.67,0.1,4648.82,-70.99
ORD-003402,2024-02-03,2024-02-10,Standard Class,CUST-00247,Consumer,West,PROD-0102,Office Supplies,Storage,8,846.07,0.1,6091.7,1104.61
ORD-003403,2025-07-30,2025-08-05,Standard Class,CUST-00090,Consumer,South,PROD-0103,Technology,Accessories,6,840.43,0.0,5042.58,1153.62
ORD-003404,2025-12-26,2025-12-31,Standard Class,CUST-00486,Consumer,Central,PROD-0104,Technology,Copiers,7,797.9,0.15,4747.51,1494.49
ORD-003405,2024-06-21,2024-06-25,Second Class,CUST-00693,Consumer,South,PROD-0105,Technology,Machines,1,863.76,0.0,863.76,208.28
ORD-003406,2025-11-19,2025-11-20,Second Class,CUST-00650,Consumer,South,PROD-0106,Office Supplies,Paper,10,104.92,0.15,891.82,162.48
ORD-003407,2023-07-21,2023-07-24,First Class,CUST-00113,Home Office,West,PROD-0107,Office Supplies,Binders,3,226.48,0.15,577.52,-8.87
ORD-003408,2026-02-05,2026-02-12,Standard Class,CUST-00234,Consumer,South,PROD-0108,Technology,Phones,2,792.76,0.0,1585.52,274.52
ORD-003409,2026-03-01,2026-03-08,First Class,CUST-00832,Consumer,East,PROD-0109,Office Supplies,Paper,2,883.21,0.0,1766.42,-160.87
ORD-003410,2024-04-08,2024-04-15,First Class,CUST-00794,Consumer,Central,PROD-0110,Furniture,Furnishings,11,473.7,0.2,4168.56,899.99
ORD-003411,2023-09-16,2023-09-21,Standard Class,CUST-00378,Consumer,West,PROD-0111,Technology,Copiers,2,859.91,0.0,1719.82,75.39
ORD-003412,2026-01-27,2026-01-31,Standard Class,CUST-00509,Consumer,Central,PROD-0112,Technology,Machines,10,578.9,0.1,5210.1,709.45
ORD-003413,2025-06-01,2025-06-04,Standard Class,CUST-00566,Corporate,Central,PROD-0113,Office Supplies,Labels,1,392.19,0.1,352.97,-14.38
ORD-003414,2023-04-05,2023-04-10,First Class,CUST-00681,Consumer,East,PROD-0114,Technology,Phones,2,99.33,0.0,198.66,47.09
ORD-003415,2024-08-09,2024-08-15,Standard Class,CUST-00465,Corporate,Central,PROD-0115,Office Supplies,Art,9,892.02,0.0,8028.18,2372.52
ORD-003416,2025-09-04,2025-09-07,Standard Class,CUST-00670,Consumer,Central,PROD-0116,Office Supplies,Paper,7,709.67,0.2,3974.15,1062.83
ORD-003417,2024-07-22,2024-07-23,Standard Class,CUST-00489,Corporate,East,PROD-0117,Office Supplies,Binders,8,689.27,0.0,5514.16,-4.54
ORD-003418,2023-06-01,2023-06-02,First Class,CUST-00352,Consumer,South,PROD-0118,Office Supplies,Art,1,769.84,0.0,769.84,60.55
ORD-003419,2026-06-19,2026-06-21,Second Class,CUST-00627,Corporate,Central,PROD-0119,Furniture,Bookcases,1,529.73,0.15,450.27,-42.69
ORD-003420,2023-10-04,2023-10-05,First Class,CUST-00428,Consumer,South,PROD-0120,Technology,Phones,3,239.2,0.0,717.6,191.8
ORD-003421,2024-05-08,2024-05-11,Same Day,CUST-00240,Consumer,Central,PROD-0121,Office Supplies,Labels,10,168.35,0.0,1683.5,287.59
ORD-003422,2025-12-04,2025-12-05,Standard Class,CUST-00298,Corporate,East,PROD-0122,Furniture,Chairs,5,857.02,0.3,2999.57,1032.59
ORD-003423,2025-07-18,2025-07-20,Second Class,CUST-00028,Consumer,Central,PROD-0123,Furniture,Tables,9,212.61,0.0,1913.49,428.09
ORD-003424,2023-04-03,2023-04-08,Standard Class,CUST-00697,Home Office,Central,PROD-0124,Office Supplies,Storage,3,200.61,0.0,601.83,16.66
ORD-003425,2025-08-31,2025-09-01,First Class,CUST-00266,Consumer,South,PROD-0125,Furniture,Furnishings,4,43.66,0.2,139.71,-5.12
ORD-003426,2023-05-20,2023-05-27,Standard Class,CUST-00744,Home Office,East,PROD-0126,Furniture,Bookcases,10,458.99,0.2,3671.92,-263.6
ORD-003427,2024-05-07,2024-05-08,Second Class,CUST-00208,Consumer,Central,PROD-0127,Furniture,Furnishings,10,495.37,0.1,4458.33,979.86
ORD-003428,2023-01-04,2023-01-07,Standard Class,CUST-00521,Consumer,West,PROD-0128,Furniture,Tables,5,623.8,0.1,2807.1,152.66
ORD-003429,2025-01-15,2025-01-19,Standard Class,CUST-00714,Consumer,East,PROD-0129,Office Supplies,Art,5,327.63,0.0,1638.15,101.32
ORD-003430,2023-04-20,2023-04-27,First Class,CUST-00840,Corporate,South,PROD-0130,Technology,Accessories,7,447.01,0.2,2503.26,876.71
ORD-003431,2025-05-11,2025-05-13,Second Class,CUST-00705,Consumer,East,PROD-0131,Office Supplies,Art,3,759.28,0.0,2277.84,-2.11
ORD-003432,2025-06-09,2025-06-15,Standard Class,CUST-00207,Corporate,South,PROD-0132,Office Supplies,Art,4,576.53,0.0,2306.12,658.32
ORD-003433,2024-07-15,2024-07-21,Standard Class,CUST-00496,Home Office,East,PROD-0133,Furniture,Furnishings,9,147.66,0.2,1063.15,336.14
ORD-003434,2025-05-01,2025-05-08,Standard Class,CUST-00600,Consumer,West,PROD-0134,Technology,Machines,9,705.05,0.0,6345.45,-227.56
ORD-003435,2025-06-26,2025-06-28,First Class,CUST-00251,Corporate,West,PROD-0135,Office Supplies,Labels,4,296.27,0.1,1066.57,-82.58
ORD-003436,2024-12-07,2024-12-10,Standard Class,CUST-00739,Consumer,South,PROD-0136,Office Supplies,Labels,7,662.68,0.0,4638.76,604.95
ORD-003437,2024-07-04,2024-07-06,Standard Class,CUST-00057,Home Office,East,PROD-0137,Furniture,Furnishings,11,319.02,0.0,3509.22,3.17
ORD-003438,2024-08-16,2024-08-18,Standard Class,CUST-00762,Home Office,Central,PROD-0138,Office Supplies,Labels,2,891.1,0.0,1782.2,148.06
ORD-003439,2023-04-27,2023-04-30,Standard Class,CUST-00096,Home Office,Central,PROD-0139,Office Supplies,Art,1,574.28,0.0,574.28,40.84
ORD-003440,2024-07-29,2024-08-01,Standard Class,CUST-00517,Consumer,East,PROD-0140,Office Supplies,Binders,3,607.15,0.0,1821.45,378.31
ORD-003441,2025-06-16,2025-06-21,Same Day,CUST-00523,Corporate,South,PROD-0141,Furniture,Furnishings,7,714.8,0.5,2501.8,757.16
ORD-003442,2026-04-19,2026-04-20,Standard Class,CUST-00497,Corporate,West,PROD-0142,Office Supplies,Binders,5,508.44,0.0,2542.2,435.97
ORD-003443,2024-01-20,2024-01-25,Second Class,CUST-00804,Corporate,South,PROD-0143,Office Supplies,Storage,9,83.63,0.15,639.77,233.74
ORD-003444,2023-01-27,2023-01-29,Standard Class,CUST-00203,Corporate,Central,PROD-0144,Office Supplies,Binders,9,406.38,0.5,1828.71,-140.34
ORD-003445,2024-03-13,2024-03-16,Second Class,CUST-00643,Corporate,Central,PROD-0145,Office Supplies,Paper,11,370.31,0.15,3462.4,-130.0
ORD-003446,2025-04-28,2025-05-01,Standard Class,CUST-00872,Corporate,South,PROD-0146,Office Supplies,Storage,8,635.46,0.1,4575.31,906.2
ORD-003447,2024-02-22,2024-02-25,Standard Class,CUST-00712,Consumer,Central,PROD-0147,Technology,Accessories,6,89.05,0.1,480.87,95.0
ORD-003448,2025-03-29,2025-04-03,Standard Class,CUST-00799,Home Office,Central,PROD-0148,Technology,Accessories,6,289.33,0.1,1562.38,104.28
ORD-003449,2025-12-04,2025-12-08,Standard Class,CUST-00548,Consumer,Central,PROD-0149,Office Supplies,Paper,4,837.37,0.1,3014.53,254.98
ORD-003450,2026-02-04,2026-02-08,Standard Class,CUST-00562,Consumer,West,PROD-0150,Office Supplies,Labels,11,750.87,0.1,7433.61,2559.48
ORD-003451,2026-02-27,2026-03-04,Standard Class,CUST-00799,Consumer,East,PROD-0151,Technology,Copiers,9,322.8,0.0,2905.2,573.26
ORD-003452,2026-03-20,2026-03-24,Second Class,CUST-00734,Home Office,West,PROD-0152,Office Supplies,Storage,3,65.27,0.0,195.81,48.5
ORD-003453,2024-09-26,2024-09-28,Standard Class,CUST-00579,Corporate,South,PROD-0153,Technology,Machines,11,642.21,0.1,6357.88,2373.74
ORD-003454,2024-05-07,2024-05-10,Second Class,CUST-00887,Consumer,East,PROD-0154,Furniture,Chairs,3,282.58,0.15,720.58,47.58
ORD-003455,2026-05-07,2026-05-08,Standard Class,CUST-00127,Corporate,East,PROD-0155,Furniture,Tables,9,710.65,0.0,6395.85,2384.83
ORD-003456,2025-05-27,2025-06-01,Standard Class,CUST-00886,Corporate,Central,PROD-0156,Technology,Accessories,9,350.93,0.2,2526.7,212.29
ORD-003457,2025-04-12,2025-04-15,Standard Class,CUST-00117,Home Office,West,PROD-0157,Office Supplies,Binders,1,207.85,0.2,166.28,6.68
ORD-003458,2026-02-12,2026-02-18,Same Day,CUST-00022,Consumer,East,PROD-0158,Office Supplies,Storage,3,107.71,0.0,323.13,33.49
ORD-003459,2024-09-17,2024-09-21,Standard Class,CUST-00882,Corporate,Central,PROD-0159,Furniture,Furnishings,8,398.2,0.0,3185.6,-41.57
ORD-003460,2025-12-26,2025-12-31,Standard Class,CUST-00277,Consumer,East,PROD-0160,Office Supplies,Art,1,113.66,0.3,79.56,15.01
ORD-003461,2023-04-08,2023-04-12,Second Class,CUST-00869,Consumer,West,PROD-0161,Furniture,Bookcases,5,55.46,0.0,277.3,-27.4
ORD-003462,2026-02-25,2026-03-02,Standard Class,CUST-00052,Consumer,East,PROD-0162,Office Supplies,Binders,7,132.58,0.0,928.06,219.11
ORD-003463,2023-12-10,2023-12-16,Second Class,CUST-00850,Corporate,South,PROD-0163,Technology,Accessories,10,306.79,0.15,2607.72,800.84
ORD-003464,2023-04-20,2023-04-21,Standard Class,CUST-00570,Consumer,Central,PROD-0164,Technology,Accessories,1,36.74,0.15,31.23,4.79
ORD-003465,2026-06-23,2026-06-26,Standard Class,CUST-00437,Consumer,Central,PROD-0165,Technology,Machines,4,222.03,0.1,799.31,-18.53
ORD-003466,2025-02-28,2025-03-02,Standard Class,CUST-00106,Home Office,East,PROD-0166,Technology,Machines,5,258.42,0.0,1292.1,54.61
ORD-003467,2026-05-30,2026-06-01,Second Class,CUST-00336,Consumer,South,PROD-0167,Office Supplies,Labels,1,751.85,0.0,751.85,288.96
ORD-003468,2025-06-17,2025-06-23,Second Class,CUST-00047,Consumer,South,PROD-0168,Office Supplies,Storage,9,100.62,0.15,769.74,-18.0
ORD-003469,2026-04-06,2026-04-08,First Class,CUST-00673,Corporate,Central,PROD-0169,Technology,Machines,6,880.43,0.2,4226.06,-195.3
ORD-003470,2025-07-26,2025-07-30,First Class,CUST-00391,Corporate,West,PROD-0170,Technology,Copiers,1,307.25,0.1,276.53,99.03
ORD-003471,2025-12-06,2025-12-08,Second Class,CUST-00022,Corporate,South,PROD-0171,Office Supplies,Storage,2,512.43,0.2,819.89,49.77
ORD-003472,2023-07-27,2023-07-30,Standard Class,CUST-00726,Consumer,South,PROD-0172,Technology,Accessories,10,876.21,0.0,8762.1,2876.06
ORD-003473,2024-09-30,2024-10-02,Standard Class,CUST-00182,Home Office,South,PROD-0173,Technology,Machines,11,471.38,0.2,4148.14,9.56
ORD-003474,2024-05-19,2024-05-23,Standard Class,CUST-00420,Consumer,Central,PROD-0174,Technology,Phones,5,315.99,0.0,1579.95,396.84
ORD-003475,2023-03-31,2023-04-07,First Class,CUST-00312,Consumer,Central,PROD-0175,Technology,Copiers,7,619.43,0.0,4336.01,797.49
ORD-003476,2024-01-26,2024-01-31,Standard Class,CUST-00522,Corporate,South,PROD-0176,Office Supplies,Binders,2,852.95,0.0,1705.9,121.69
ORD-003477,2024-02-17,2024-02-19,Standard Class,CUST-00503,Consumer,West,PROD-0177,Furniture,Chairs,6,484.18,0.0,2905.08,852.32
ORD-003478,2023-03-29,2023-03-31,Standard Class,CUST-00110,Corporate,South,PROD-0178,Office Supplies,Labels,4,736.24,0.0,2944.96,185.51
ORD-003479,2024-09-11,2024-09-15,Standard Class,CUST-00031,Consumer,Central,PROD-0179,Office Supplies,Storage,1,697.33,0.0,697.33,-1.41
ORD-003480,2025-10-13,2025-10-19,Standard Class,CUST-00608,Corporate,West,PROD-0180,Office Supplies,Binders,2,564.13,0.0,1128.26,347.18
ORD-003481,2026-06-11,2026-06-12,Second Class,CUST-00257,Consumer,Central,PROD-0181,Furniture,Chairs,8,776.8,0.0,6214.4,2016.05
ORD-003482,2025-05-29,2025-05-30,Standard Class,CUST-00603,Corporate,West,PROD-0182,Furniture,Chairs,2,848.94,0.1,1528.09,229.66
ORD-003483,2023-06-30,2023-07-01,Standard Class,CUST-00895,Consumer,South,PROD-0183,Technology,Accessories,10,268.49,0.0,2684.9,129.6
ORD-003484,2025-04-06,2025-04-12,Standard Class,CUST-00483,Home Office,East,PROD-0184,Technology,Copiers,5,663.46,0.0,3317.3,-287.0
ORD-003485,2024-04-13,2024-04-14,Second Class,CUST-00083,Home Office,East,PROD-0185,Furniture,Tables,11,220.6,0.0,2426.6,730.53
ORD-003486,2026-03-10,2026-03-14,Standard Class,CUST-00010,Consumer,Central,PROD-0186,Office Supplies,Binders,5,411.12,0.15,1747.26,207.66
ORD-003487,2025-03-16,2025-03-20,Standard Class,CUST-00261,Corporate,West,PROD-0187,Furniture,Tables,4,219.28,0.0,877.12,40.53
ORD-003488,2023-04-29,2023-05-01,Standard Class,CUST-00154,Consumer,South,PROD-0188,Furniture,Chairs,10,70.9,0.1,638.1,-8.16
ORD-003489,2025-05-02,2025-05-05,Standard Class,CUST-00524,Home Office,South,PROD-0189,Technology,Machines,7,220.82,0.2,1236.59,411.03
ORD-003490,2025-05-10,2025-05-11,Standard Class,CUST-00790,Consumer,Central,PROD-0190,Technology,Phones,11,58.76,0.0,646.36,100.16
ORD-003491,2023-02-04,2023-02-06,Standard Class,CUST-00609,Consumer,West,PROD-0191,Technology,Copiers,6,293.62,0.15,1497.46,-18.65
ORD-003492,2024-06-05,2024-06-11,Standard Class,CUST-00875,Consumer,West,PROD-0192,Technology,Machines,2,324.83,0.1,584.69,204.12
ORD-003493,2024-08-27,2024-08-30,Standard Class,CUST-00341,Home Office,East,PROD-0193,Furniture,Tables,9,332.33,0.0,2990.97,662.01
ORD-003494,2024-08-08,2024-08-10,Second Class,CUST-00408,Corporate,East,PROD-0194,Office Supplies,Storage,9,8.64,0.0,77.76,12.6
ORD-003495,2024-03-25,2024-03-31,Second Class,CUST-00890,Corporate,East,PROD-0195,Technology,Accessories,7,414.45,0.0,2901.15,469.75
ORD-003496,2023-12-13,2023-12-20,Standard Class,CUST-00435,Consumer,West,PROD-0196,Furniture,Chairs,4,251.34,0.1,904.82,21.87
ORD-003497,2025-12-03,2025-12-05,Standard Class,CUST-00151,Consumer,South,PROD-0197,Technology,Copiers,8,810.72,0.0,6485.76,1171.61
ORD-003498,2025-07-18,2025-07-24,Standard Class,CUST-00757,Home Office,East,PROD-0198,Office Supplies,Art,5,7.36,0.1,33.12,3.52
ORD-003499,2025-11-10,2025-11-12,Second Class,CUST-00500,Consumer,Central,PROD-0199,Technology,Phones,9,214.11,0.0,1926.99,250.08
ORD-003500,2023-05-30,2023-06-01,Standard Class,CUST-00868,Home Office,East,PROD-0200,Office Supplies,Storage,3,539.91,0.15,1376.77,-93.23
ORD-003501,2023-07-04,2023-07-07,First Class,CUST-00137,Consumer,Central,PROD-0201,Office Supplies,Binders,10,58.92,0.0,589.2,7.97
ORD-003502,2025-03-08,2025-03-09,Standard Class,CUST-00513,Consumer,East,PROD-0202,Office Supplies,Paper,11,39.03,0.2,343.46,85.39
ORD-003503,2023-03-22,2023-03-27,Second Class,CUST-00107,Corporate,West,PROD-0203,Furniture,Furnishings,5,342.17,0.15,1454.22,373.36
ORD-003504,2024-11-14,2024-11-15,First Class,CUST-00364,Home Office,West,PROD-0204,Furniture,Tables,8,111.7,0.0,893.6,118.93
ORD-003505,2023-01-30,2023-02-02,First Class,CUST-00768,Consumer,South,PROD-0205,Office Supplies,Storage,3,605.65,0.0,1816.95,670.16
ORD-003506,2025-08-02,2025-08-04,Standard Class,CUST-00553,Corporate,East,PROD-0206,Technology,Machines,8,700.63,0.15,4764.28,975.69
ORD-003507,2025-08-01,2025-08-05,Standard Class,CUST-00265,Consumer,East,PROD-0207,Technology,Phones,2,800.5,0.0,1601.0,234.83
ORD-003508,2023-01-24,2023-01-26,Standard Class,CUST-00789,Home Office,South,PROD-0208,Office Supplies,Storage,10,147.96,0.0,1479.6,-84.51
ORD-003509,2023-02-04,2023-02-08,Standard Class,CUST-00152,Consumer,South,PROD-0209,Office Supplies,Art,8,105.01,0.0,840.08,200.98
ORD-003510,2026-03-20,2026-03-25,Same Day,CUST-00732,Corporate,South,PROD-0210,Technology,Phones,4,455.43,0.0,1821.72,490.19
ORD-003511,2026-02-17,2026-02-20,Second Class,CUST-00727,Corporate,Central,PROD-0211,Office Supplies,Labels,4,522.41,0.0,2089.64,810.46
ORD-003512,2024-08-26,2024-08-28,Standard Class,CUST-00306,Corporate,East,PROD-0212,Furniture,Furnishings,8,123.09,0.2,787.78,215.59
ORD-003513,2023-12-20,2023-12-27,Same Day,CUST-00827,Home Office,West,PROD-0213,Office Supplies,Paper,7,540.26,0.0,3781.82,789.51
ORD-003514,2024-02-14,2024-02-17,Standard Class,CUST-00530,Consumer,West,PROD-0214,Furniture,Chairs,9,409.78,0.0,3688.02,774.04
ORD-003515,2025-09-18,2025-09-24,Standard Class,CUST-00411,Corporate,West,PROD-0215,Furniture,Tables,4,455.23,0.0,1820.92,487.23
ORD-003516,2023-07-21,2023-07-25,First Class,CUST-00888,Consumer,West,PROD-0216,Technology,Accessories,8,120.47,0.15,819.2,217.92
ORD-003517,2025-06-22,2025-06-24,Standard Class,CUST-00769,Corporate,West,PROD-0217,Office Supplies,Binders,7,824.83,0.0,5773.81,-76.29
ORD-003518,2026-02-13,2026-02-17,Second Class,CUST-00387,Consumer,South,PROD-0218,Furniture,Furnishings,9,724.82,0.0,6523.38,614.2
ORD-003519,2024-02-05,2024-02-06,Second Class,CUST-00754,Home Office,South,PROD-0219,Furniture,Bookcases,5,24.12,0.0,120.6,47.74
ORD-003520,2025-12-19,2025-12-22,Standard Class,CUST-00763,Consumer,South,PROD-0220,Furniture,Bookcases,3,512.32,0.0,1536.96,-8.07
ORD-003521,2024-06-27,2024-07-03,Standard Class,CUST-00471,Consumer,West,PROD-0221,Office Supplies,Labels,3,44.44,0.0,133.32,46.77
ORD-003522,2023-03-27,2023-03-29,Standard Class,CUST-00664,Corporate,East,PROD-0222,Office Supplies,Labels,3,502.47,0.2,1205.93,-76.96
ORD-003523,2025-10-03,2025-10-04,First Class,CUST-00349,Home Office,East,PROD-0223,Office Supplies,Paper,4,496.31,0.1,1786.72,514.17
ORD-003524,2023-02-26,2023-03-03,Same Day,CUST-00431,Home Office,West,PROD-0224,Office Supplies,Binders,8,368.21,0.2,2356.54,502.87
ORD-003525,2023-07-01,2023-07-04,Second Class,CUST-00494,Consumer,West,PROD-0225,Furniture,Tables,7,685.01,0.3,3356.55,985.86
ORD-003526,2025-01-14,2025-01-17,Standard Class,CUST-00327,Consumer,East,PROD-0226,Office Supplies,Art,4,854.94,0.0,3419.76,591.99
ORD-003527,2025-02-07,2025-02-14,Standard Class,CUST-00665,Home Office,West,PROD-0227,Office Supplies,Labels,2,897.19,0.15,1525.22,-133.58
ORD-003528,2026-01-04,2026-01-08,Standard Class,CUST-00255,Home Office,West,PROD-0228,Technology,Accessories,11,59.24,0.1,586.48,225.76
ORD-003529,2024-09-27,2024-10-03,Standard Class,CUST-00234,Corporate,East,PROD-0229,Technology,Phones,10,547.63,0.0,5476.3,252.72
ORD-003530,2026-04-06,2026-04-13,First Class,CUST-00038,Corporate,South,PROD-0230,Office Supplies,Binders,8,736.02,0.0,5888.16,-31.53
ORD-003531,2024-10-21,2024-10-27,Same Day,CUST-00489,Home Office,Central,PROD-0231,Office Supplies,Labels,9,135.14,0.0,1216.26,203.49
ORD-003532,2023-05-31,2023-06-04,Standard Class,CUST-00283,Consumer,South,PROD-0232,Technology,Phones,1,19.35,0.0,19.35,2.95
ORD-003533,2024-03-18,2024-03-20,Standard Class,CUST-00570,Consumer,South,PROD-0233,Technology,Accessories,3,36.61,0.0,109.83,6.8
ORD-003534,2026-02-06,2026-02-07,Second Class,CUST-00812,Consumer,East,PROD-0234,Technology,Copiers,8,867.53,0.0,6940.24,741.49
ORD-003535,2023-04-20,2023-04-22,Standard Class,CUST-00340,Corporate,Central,PROD-0235,Technology,Phones,6,146.55,0.1,791.37,214.17
ORD-003536,2023-07-18,2023-07-19,Standard Class,CUST-00820,Corporate,South,PROD-0236,Furniture,Bookcases,6,484.76,0.0,2908.56,-50.93
ORD-003537,2025-11-16,2025-11-17,First Class,CUST-00815,Consumer,South,PROD-0237,Office Supplies,Storage,7,658.27,0.0,4607.89,-100.24
ORD-003538,2024-08-10,2024-08-13,Standard Class,CUST-00312,Consumer,East,PROD-0238,Technology,Machines,6,840.49,0.5,2521.47,170.74
ORD-003539,2025-04-29,2025-05-04,Standard Class,CUST-00079,Home Office,Central,PROD-0239,Office Supplies,Art,8,108.47,0.0,867.76,60.47
ORD-003540,2023-01-20,2023-01-24,Second Class,CUST-00592,Corporate,West,PROD-0240,Technology,Copiers,6,218.58,0.1,1180.33,-91.22
ORD-003541,2026-03-19,2026-03-23,Second Class,CUST-00482,Consumer,West,PROD-0241,Office Supplies,Storage,2,73.74,0.15,125.36,35.24
ORD-003542,2023-09-08,2023-09-14,Same Day,CUST-00076,Consumer,Central,PROD-0242,Office Supplies,Art,7,650.32,0.0,4552.24,1542.87
ORD-003543,2023-08-28,2023-08-31,Standard Class,CUST-00157,Consumer,East,PROD-0243,Technology,Machines,7,112.25,0.0,785.75,229.24
ORD-003544,2026-02-15,2026-02-22,Standard Class,CUST-00178,Consumer,Central,PROD-0244,Office Supplies,Labels,3,242.33,0.0,726.99,258.55
ORD-003545,2023-06-30,2023-07-07,Second Class,CUST-00019,Consumer,South,PROD-0245,Furniture,Bookcases,7,7.23,0.0,50.61,11.01
ORD-003546,2024-12-14,2024-12-18,Second Class,CUST-00583,Consumer,Central,PROD-0246,Office Supplies,Storage,8,686.63,0.0,5493.04,1018.82
ORD-003547,2024-03-10,2024-03-16,Standard Class,CUST-00079,Consumer,Central,PROD-0247,Office Supplies,Paper,5,387.35,0.0,1936.75,399.03
ORD-003548,2023-01-30,2023-01-31,Second Class,CUST-00276,Consumer,South,PROD-0248,Office Supplies,Paper,5,796.69,0.0,3983.45,-25.27
ORD-003549,2023-11-16,2023-11-18,Standard Class,CUST-00795,Consumer,East,PROD-0249,Technology,Accessories,3,489.58,0.1,1321.87,402.65
ORD-003550,2025-11-29,2025-12-03,Standard Class,CUST-00533,Consumer,Central,PROD-0250,Furniture,Bookcases,5,288.58,0.0,1442.9,390.75
ORD-003551,2025-12-09,2025-12-10,Standard Class,CUST-00035,Consumer,West,PROD-0251,Furniture,Chairs,8,899.65,0.3,5038.04,-221.82
ORD-003552,2023-07-12,2023-07-15,Standard Class,CUST-00447,Corporate,West,PROD-0252,Furniture,Tables,6,426.57,0.15,2175.51,-129.73
ORD-003553,2024-05-06,2024-05-10,First Class,CUST-00180,Home Office,Central,PROD-0253,Furniture,Furnishings,5,531.82,0.15,2260.24,844.24
ORD-003554,2023-12-20,2023-12-27,Standard Class,CUST-00219,Corporate,South,PROD-0254,Furniture,Furnishings,8,359.49,0.0,2875.92,409.95
ORD-003555,2024-07-30,2024-08-04,Standard Class,CUST-00571,Corporate,Central,PROD-0255,Office Supplies,Binders,3,309.25,0.1,834.98,208.93
ORD-003556,2024-06-28,2024-07-05,Standard Class,CUST-00144,Home Office,West,PROD-0256,Technology,Copiers,8,379.97,0.0,3039.76,1047.52
ORD-003557,2026-03-29,2026-04-03,Standard Class,CUST-00639,Home Office,South,PROD-0257,Office Supplies,Labels,1,615.68,0.0,615.68,47.48
ORD-003558,2023-08-07,2023-08-10,Second Class,CUST-00408,Corporate,Central,PROD-0258,Furniture,Bookcases,2,780.05,0.0,1560.1,395.2
ORD-003559,2025-12-06,2025-12-11,Second Class,CUST-00078,Consumer,East,PROD-0259,Technology,Phones,7,391.18,0.2,2190.61,536.95
ORD-003560,2025-04-22,2025-04-27,Second Class,CUST-00731,Consumer,East,PROD-0260,Furniture,Furnishings,6,81.85,0.0,491.1,67.05
ORD-003561,2023-09-03,2023-09-09,Standard Class,CUST-00669,Corporate,East,PROD-0261,Office Supplies,Paper,11,166.09,0.0,1826.99,430.0
ORD-003562,2024-02-27,2024-03-05,Second Class,CUST-00073,Corporate,South,PROD-0262,Technology,Machines,10,624.13,0.0,6241.3,-395.83
ORD-003563,2026-04-25,2026-05-01,Standard Class,CUST-00456,Consumer,Central,PROD-0263,Technology,Copiers,4,276.44,0.15,939.9,208.15
ORD-003564,2023-05-09,2023-05-12,Same Day,CUST-00547,Consumer,West,PROD-0264,Furniture,Chairs,9,485.5,0.1,3932.55,557.79
ORD-003565,2024-05-05,2024-05-12,First Class,CUST-00689,Consumer,South,PROD-0265,Office Supplies,Art,3,597.38,0.0,1792.14,262.08
ORD-003566,2024-10-23,2024-10-26,Standard Class,CUST-00754,Corporate,Central,PROD-0266,Office Supplies,Binders,2,848.56,0.0,1697.12,221.1
ORD-003567,2023-12-21,2023-12-24,Standard Class,CUST-00191,Consumer,Central,PROD-0267,Furniture,Bookcases,10,271.27,0.0,2712.7,-98.4
ORD-003568,2026-02-04,2026-02-10,Standard Class,CUST-00304,Consumer,Central,PROD-0268,Furniture,Tables,4,49.41,0.0,197.64,73.31
ORD-003569,2024-04-03,2024-04-08,First Class,CUST-00364,Consumer,Central,PROD-0269,Furniture,Tables,1,156.46,0.0,156.46,-4.27
ORD-003570,2025-02-02,2025-02-03,Standard Class,CUST-00185,Home Office,East,PROD-0270,Office Supplies,Art,3,443.14,0.0,1329.42,-69.34
ORD-003571,2023-12-18,2023-12-23,Standard Class,CUST-00647,Consumer,West,PROD-0271,Technology,Phones,7,600.18,0.0,4201.26,1173.26
ORD-003572,2026-06-10,2026-06-12,Second Class,CUST-00731,Consumer,South,PROD-0272,Furniture,Chairs,2,254.56,0.0,509.12,18.57
ORD-003573,2023-01-08,2023-01-11,Standard Class,CUST-00640,Home Office,South,PROD-0273,Technology,Copiers,8,76.56,0.0,612.48,32.16
ORD-003574,2024-05-29,2024-06-01,Second Class,CUST-00228,Consumer,West,PROD-0274,Office Supplies,Art,6,116.27,0.1,627.86,239.04
ORD-003575,2024-11-26,2024-11-28,Standard Class,CUST-00705,Consumer,South,PROD-0275,Furniture,Bookcases,1,650.45,0.15,552.88,89.51
ORD-003576,2024-02-13,2024-02-15,Standard Class,CUST-00899,Home Office,East,PROD-0276,Furniture,Chairs,7,499.86,0.0,3499.02,251.15
ORD-003577,2023-09-15,2023-09-18,Second Class,CUST-00074,Corporate,Central,PROD-0277,Technology,Accessories,8,15.54,0.0,124.32,41.66
ORD-003578,2026-01-17,2026-01-23,Second Class,CUST-00070,Corporate,Central,PROD-0278,Furniture,Chairs,5,254.35,0.15,1080.99,280.28
ORD-003579,2023-07-27,2023-07-28,Second Class,CUST-00027,Home Office,South,PROD-0279,Office Supplies,Binders,3,155.93,0.1,421.01,160.61
ORD-003580,2023-05-18,2023-05-24,Second Class,CUST-00515,Consumer,South,PROD-0280,Office Supplies,Art,2,808.94,0.1,1456.09,102.25
ORD-003581,2024-04-13,2024-04-19,Second Class,CUST-00593,Corporate,West,PROD-0281,Technology,Accessories,6,768.26,0.1,4148.6,658.12
ORD-003582,2024-09-14,2024-09-17,First Class,CUST-00175,Corporate,West,PROD-0282,Office Supplies,Labels,6,564.06,0.2,2707.49,43.75
ORD-003583,2024-08-22,2024-08-25,Standard Class,CUST-00409,Consumer,South,PROD-0283,Furniture,Chairs,7,793.25,0.3,3886.92,-383.17
ORD-003584,2025-08-24,2025-08-30,Standard Class,CUST-00397,Corporate,East,PROD-0284,Office Supplies,Storage,8,506.71,0.0,4053.68,891.61
ORD-003585,2025-09-20,2025-09-24,Standard Class,CUST-00007,Consumer,South,PROD-0285,Office Supplies,Binders,10,221.54,0.0,2215.4,461.97
ORD-003586,2024-03-15,2024-03-17,Standard Class,CUST-00723,Home Office,Central,PROD-0286,Office Supplies,Binders,8,583.91,0.1,4204.15,-184.0
ORD-003587,2023-04-03,2023-04-05,Standard Class,CUST-00147,Consumer,South,PROD-0287,Office Supplies,Binders,5,252.89,0.5,632.22,68.55
ORD-003588,2023-04-24,2023-04-27,Standard Class,CUST-00794,Home Office,Central,PROD-0288,Technology,Phones,1,733.91,0.0,733.91,229.76
ORD-003589,2023-08-14,2023-08-16,Standard Class,CUST-00415,Consumer,South,PROD-0289,Office Supplies,Labels,11,61.06,0.3,470.16,105.21
ORD-003590,2026-02-17,2026-02-21,Second Class,CUST-00205,Home Office,South,PROD-0290,Furniture,Tables,9,594.03,0.0,5346.27,471.0
ORD-003591,2024-01-13,2024-01-14,First Class,CUST-00435,Corporate,South,PROD-0291,Technology,Machines,11,64.9,0.0,713.9,-60.67
ORD-003592,2025-11-04,2025-11-10,Second Class,CUST-00240,Corporate,Central,PROD-0292,Office Supplies,Art,2,239.74,0.0,479.48,-12.19
ORD-003593,2024-04-17,2024-04-22,Standard Class,CUST-00221,Corporate,East,PROD-0293,Technology,Phones,1,71.65,0.0,71.65,25.79
ORD-003594,2023-03-14,2023-03-18,First Class,CUST-00611,Corporate,South,PROD-0294,Furniture,Chairs,6,775.22,0.1,4186.19,1.1
ORD-003595,2024-07-05,2024-07-08,Second Class,CUST-00881,Consumer,South,PROD-0295,Furniture,Chairs,7,28.03,0.5,98.11,4.71
ORD-003596,2023-08-19,2023-08-24,Second Class,CUST-00598,Corporate,East,PROD-0296,Office Supplies,Art,5,469.24,0.0,2346.2,419.72
ORD-003597,2025-07-06,2025-07-09,Standard Class,CUST-00276,Consumer,South,PROD-0297,Furniture,Tables,5,686.63,0.0,3433.15,1290.12
ORD-003598,2023-02-19,2023-02-22,Standard Class,CUST-00080,Consumer,West,PROD-0298,Furniture,Furnishings,1,684.62,0.2,547.7,-52.6
ORD-003599,2023-09-12,2023-09-16,Standard Class,CUST-00036,Consumer,South,PROD-0299,Technology,Accessories,7,356.24,0.0,2493.68,921.58
ORD-003600,2023-03-14,2023-03-21,Standard Class,CUST-00772,Home Office,Central,PROD-0300,Office Supplies,Art,2,93.54,0.15,159.02,37.43
ORD-003601,2024-04-28,2024-05-01,Standard Class,CUST-00138,Corporate,West,PROD-0001,Office Supplies,Paper,6,96.34,0.0,578.04,-13.24
ORD-003602,2024-08-06,2024-08-09,Standard Class,CUST-00279,Consumer,South,PROD-0002,Technology,Phones,8,448.78,0.0,3590.24,-93.61
ORD-003603,2023-11-10,2023-11-17,Second Class,CUST-00159,Corporate,South,PROD-0003,Furniture,Tables,8,350.95,0.0,2807.6,1018.62
ORD-003604,2024-09-21,2024-09-23,Standard Class,CUST-00310,Corporate,South,PROD-0004,Office Supplies,Storage,5,89.88,0.3,314.58,35.53
ORD-003605,2024-12-19,2024-12-24,Second Class,CUST-00216,Consumer,South,PROD-0005,Office Supplies,Paper,6,642.04,0.0,3852.24,-23.98
ORD-003606,2026-02-11,2026-02-12,Standard Class,CUST-00479,Consumer,East,PROD-0006,Furniture,Furnishings,7,432.23,0.0,3025.61,432.92
ORD-003607,2025-10-28,2025-10-31,Second Class,CUST-00394,Corporate,West,PROD-0007,Office Supplies,Art,9,243.07,0.15,1859.49,-94.41
ORD-003608,2023-04-04,2023-04-08,Standard Class,CUST-00818,Corporate,Central,PROD-0008,Technology,Machines,4,425.94,0.0,1703.76,156.58
ORD-003609,2023-06-20,2023-06-26,Second Class,CUST-00135,Consumer,Central,PROD-0009,Office Supplies,Labels,8,495.07,0.1,3564.5,262.48
ORD-003610,2023-07-15,2023-07-16,First Class,CUST-00601,Home Office,East,PROD-0010,Technology,Copiers,10,202.28,0.1,1820.52,708.53
ORD-003611,2025-11-28,2025-12-05,First Class,CUST-00206,Home Office,South,PROD-0011,Office Supplies,Art,7,553.05,0.0,3871.35,-86.59
ORD-003612,2024-01-23,2024-01-30,Standard Class,CUST-00647,Consumer,Central,PROD-0012,Office Supplies,Art,2,877.46,0.15,1491.68,486.09
ORD-003613,2023-01-20,2023-01-22,Standard Class,CUST-00859,Corporate,Central,PROD-0013,Office Supplies,Art,8,102.12,0.0,816.96,249.81
ORD-003614,2023-06-25,2023-07-02,Standard Class,CUST-00264,Corporate,West,PROD-0014,Office Supplies,Storage,4,5.81,0.1,20.92,-0.51
ORD-003615,2026-01-09,2026-01-14,First Class,CUST-00647,Corporate,West,PROD-0015,Furniture,Tables,11,635.02,0.0,6985.22,990.88
ORD-003616,2026-04-24,2026-04-25,Standard Class,CUST-00036,Consumer,West,PROD-0016,Technology,Machines,11,193.75,0.0,2131.25,849.22
ORD-003617,2024-10-07,2024-10-10,Standard Class,CUST-00603,Home Office,East,PROD-0017,Furniture,Bookcases,8,85.71,0.0,685.68,157.52
ORD-003618,2023-12-24,2023-12-26,Standard Class,CUST-00013,Consumer,Central,PROD-0018,Office Supplies,Paper,9,577.1,0.0,5193.9,-133.24
ORD-003619,2024-07-08,2024-07-09,Standard Class,CUST-00693,Corporate,East,PROD-0019,Office Supplies,Labels,1,406.02,0.0,406.02,144.02
ORD-003620,2026-01-20,2026-01-21,Standard Class,CUST-00794,Consumer,East,PROD-0020,Technology,Machines,1,160.61,0.0,160.61,-1.92
ORD-003621,2025-02-02,2025-02-03,Same Day,CUST-00308,Consumer,East,PROD-0021,Technology,Machines,2,818.75,0.0,1637.5,148.58
ORD-003622,2025-11-05,2025-11-10,Standard Class,CUST-00882,Corporate,South,PROD-0022,Furniture,Tables,10,676.55,0.0,6765.5,-504.07
ORD-003623,2024-06-22,2024-06-28,First Class,CUST-00115,Consumer,Central,PROD-0023,Technology,Phones,5,847.59,0.1,3814.15,1316.35
ORD-003624,2024-09-29,2024-10-04,Standard Class,CUST-00791,Corporate,East,PROD-0024,Furniture,Chairs,1,859.39,0.0,859.39,124.14
ORD-003625,2023-11-06,2023-11-09,First Class,CUST-00661,Home Office,East,PROD-0025,Furniture,Furnishings,1,694.97,0.0,694.97,183.78
ORD-003626,2024-12-27,2024-12-30,Standard Class,CUST-00795,Consumer,East,PROD-0026,Furniture,Bookcases,6,541.25,0.0,3247.5,820.95
ORD-003627,2025-06-11,2025-06-13,Second Class,CUST-00746,Corporate,East,PROD-0027,Technology,Phones,5,337.54,0.0,1687.7,-23.3
ORD-003628,2024-11-15,2024-11-21,Standard Class,CUST-00145,Consumer,West,PROD-0028,Furniture,Tables,4,257.6,0.0,1030.4,-60.61
ORD-003629,2023-04-17,2023-04-22,Second Class,CUST-00743,Consumer,West,PROD-0029,Office Supplies,Paper,8,520.99,0.3,2917.54,1086.6
ORD-003630,2025-01-13,2025-01-16,Standard Class,CUST-00238,Consumer,Central,PROD-0030,Office Supplies,Paper,2,612.45,0.0,1224.9,335.51
ORD-003631,2026-03-19,2026-03-22,Second Class,CUST-00867,Consumer,South,PROD-0031,Technology,Phones,11,836.11,0.0,9197.21,-720.24
ORD-003632,2023-10-23,2023-10-29,Second Class,CUST-00394,Consumer,Central,PROD-0032,Office Supplies,Storage,6,814.2,0.0,4885.2,794.75
ORD-003633,2025-07-20,2025-07-22,Standard Class,CUST-00045,Consumer,West,PROD-0033,Technology,Accessories,1,867.12,0.0,867.12,116.7
ORD-003634,2023-04-03,2023-04-05,First Class,CUST-00843,Consumer,Central,PROD-0034,Office Supplies,Labels,7,845.63,0.0,5919.41,1420.52
ORD-003635,2025-04-30,2025-05-01,Standard Class,CUST-00074,Corporate,South,PROD-0035,Office Supplies,Art,10,363.82,0.15,3092.47,168.21
ORD-003636,2023-08-17,2023-08-22,Second Class,CUST-00563,Consumer,South,PROD-0036,Furniture,Furnishings,9,448.38,0.1,3631.88,477.01
ORD-003637,2026-02-14,2026-02-21,First Class,CUST-00190,Home Office,West,PROD-0037,Furniture,Chairs,8,216.11,0.0,1728.88,174.87
ORD-003638,2023-05-19,2023-05-26,Standard Class,CUST-00309,Consumer,Central,PROD-0038,Office Supplies,Storage,11,644.79,0.0,7092.69,70.05
ORD-003639,2024-09-28,2024-10-04,Standard Class,CUST-00079,Consumer,East,PROD-0039,Technology,Phones,3,830.09,0.0,2490.27,258.21
ORD-003640,2026-03-02,2026-03-09,Standard Class,CUST-00556,Corporate,South,PROD-0040,Office Supplies,Labels,1,405.79,0.0,405.79,141.12
ORD-003641,2025-08-20,2025-08-27,Standard Class,CUST-00799,Corporate,West,PROD-0041,Furniture,Furnishings,8,208.93,0.0,1671.44,31.98
ORD-003642,2026-05-22,2026-05-28,Standard Class,CUST-00392,Consumer,East,PROD-0042,Technology,Copiers,5,731.17,0.0,3655.85,-26.22
ORD-003643,2025-05-02,2025-05-04,Standard Class,CUST-00004,Consumer,West,PROD-0043,Office Supplies,Art,8,369.71,0.0,2957.68,220.12
ORD-003644,2024-12-04,2024-12-07,Standard Class,CUST-00081,Consumer,Central,PROD-0044,Furniture,Tables,11,867.44,0.0,9541.84,-559.51
ORD-003645,2024-11-27,2024-12-03,Standard Class,CUST-00630,Corporate,West,PROD-0045,Technology,Copiers,8,481.45,0.3,2696.12,-219.84
ORD-003646,2026-06-13,2026-06-16,Standard Class,CUST-00365,Corporate,South,PROD-0046,Furniture,Chairs,6,442.68,0.0,2656.08,153.72
ORD-003647,2026-06-03,2026-06-05,First Class,CUST-00891,Home Office,South,PROD-0047,Furniture,Furnishings,8,542.45,0.0,4339.6,-179.96
ORD-003648,2023-07-06,2023-07-07,Second Class,CUST-00411,Consumer,South,PROD-0048,Office Supplies,Labels,10,352.65,0.15,2997.53,1115.55
ORD-003649,2024-12-27,2024-12-28,Same Day,CUST-00469,Home Office,East,PROD-0049,Office Supplies,Art,4,343.87,0.0,1375.48,-0.81
ORD-003650,2024-10-13,2024-10-14,Standard Class,CUST-00643,Consumer,East,PROD-0050,Office Supplies,Art,4,7.69,0.1,27.68,5.41
ORD-003651,2023-03-12,2023-03-13,Standard Class,CUST-00874,Consumer,West,PROD-0051,Office Supplies,Storage,8,515.69,0.0,4125.52,-340.84
ORD-003652,2024-05-22,2024-05-24,Standard Class,CUST-00289,Consumer,Central,PROD-0052,Office Supplies,Art,2,659.77,0.3,923.68,357.61
ORD-003653,2024-02-05,2024-02-09,First Class,CUST-00073,Consumer,Central,PROD-0053,Technology,Copiers,10,155.77,0.0,1557.7,11.28
ORD-003654,2025-09-18,2025-09-24,Standard Class,CUST-00642,Corporate,Central,PROD-0054,Office Supplies,Binders,5,775.64,0.0,3878.2,1026.51
ORD-003655,2023-09-15,2023-09-20,Standard Class,CUST-00049,Home Office,Central,PROD-0055,Office Supplies,Binders,8,233.25,0.0,1866.0,284.1
ORD-003656,2026-02-02,2026-02-04,Second Class,CUST-00234,Consumer,East,PROD-0056,Technology,Accessories,10,276.52,0.0,2765.2,610.16
ORD-003657,2023-04-09,2023-04-14,Standard Class,CUST-00209,Consumer,South,PROD-0057,Office Supplies,Labels,9,200.62,0.0,1805.58,54.81
ORD-003658,2024-02-21,2024-02-24,Standard Class,CUST-00428,Consumer,Central,PROD-0058,Furniture,Chairs,4,876.3,0.2,2804.16,72.93
ORD-003659,2024-01-25,2024-01-26,Standard Class,CUST-00129,Consumer,South,PROD-0059,Office Supplies,Storage,11,141.78,0.0,1559.58,-75.91
ORD-003660,2025-06-05,2025-06-08,Standard Class,CUST-00791,Consumer,South,PROD-0060,Furniture,Tables,8,17.5,0.0,140.0,1.18
ORD-003661,2026-06-22,2026-06-26,First Class,CUST-00339,Corporate,West,PROD-0061,Office Supplies,Paper,2,538.25,0.0,1076.5,147.87
ORD-003662,2024-04-19,2024-04-22,Standard Class,CUST-00271,Consumer,Central,PROD-0062,Technology,Machines,10,72.98,0.0,729.8,38.56
ORD-003663,2024-05-04,2024-05-08,Same Day,CUST-00091,Corporate,South,PROD-0063,Furniture,Furnishings,11,471.47,0.1,4667.55,1507.49
ORD-003664,2025-07-09,2025-07-12,Second Class,CUST-00225,Corporate,South,PROD-0064,Office Supplies,Paper,7,820.12,0.3,4018.59,-43.21
ORD-003665,2024-03-06,2024-03-12,Standard Class,CUST-00265,Home Office,East,PROD-0065,Technology,Copiers,4,172.19,0.0,688.76,-53.67
ORD-003666,2025-08-11,2025-08-17,Standard Class,CUST-00490,Corporate,West,PROD-0066,Technology,Machines,1,310.79,0.15,264.17,37.65
ORD-003667,2023-01-24,2023-01-25,Standard Class,CUST-00801,Consumer,West,PROD-0067,Office Supplies,Binders,8,787.56,0.0,6300.48,1143.94
ORD-003668,2023-06-21,2023-06-27,Standard Class,CUST-00469,Corporate,Central,PROD-0068,Office Supplies,Paper,5,288.59,0.0,1442.95,331.0
ORD-003669,2024-09-07,2024-09-12,Standard Class,CUST-00656,Consumer,East,PROD-0069,Office Supplies,Paper,5,286.81,0.0,1434.05,499.61
ORD-003670,2024-09-05,2024-09-09,Standard Class,CUST-00162,Consumer,East,PROD-0070,Technology,Copiers,6,873.25,0.1,4715.55,747.65
ORD-003671,2025-01-29,2025-02-04,Standard Class,CUST-00620,Home Office,South,PROD-0071,Office Supplies,Binders,10,840.11,0.0,8401.1,2052.09
ORD-003672,2025-02-26,2025-02-28,First Class,CUST-00537,Home Office,Central,PROD-0072,Office Supplies,Art,7,236.35,0.0,1654.45,-35.92
ORD-003673,2024-06-09,2024-06-14,Second Class,CUST-00415,Consumer,East,PROD-0073,Office Supplies,Storage,11,528.83,0.1,5235.42,429.49
ORD-003674,2025-03-29,2025-04-04,Standard Class,CUST-00676,Corporate,West,PROD-0074,Technology,Phones,7,575.05,0.0,4025.35,1583.29
ORD-003675,2025-06-29,2025-07-01,Standard Class,CUST-00218,Consumer,Central,PROD-0075,Technology,Copiers,11,234.07,0.0,2574.77,287.54
ORD-003676,2023-02-02,2023-02-06,Standard Class,CUST-00696,Consumer,Central,PROD-0076,Office Supplies,Storage,7,92.2,0.0,645.4,128.02
ORD-003677,2024-12-19,2024-12-26,Standard Class,CUST-00717,Consumer,West,PROD-0077,Office Supplies,Labels,9,544.09,0.1,4407.13,224.09
ORD-003678,2024-08-24,2024-08-30,Standard Class,CUST-00603,Consumer,East,PROD-0078,Office Supplies,Art,3,577.28,0.3,1212.29,305.36
ORD-003679,2023-12-07,2023-12-09,Standard Class,CUST-00070,Consumer,South,PROD-0079,Office Supplies,Storage,11,845.73,0.15,7907.58,262.53
ORD-003680,2024-03-12,2024-03-14,First Class,CUST-00391,Consumer,West,PROD-0080,Office Supplies,Storage,2,136.37,0.0,272.74,-11.94
ORD-003681,2025-11-11,2025-11-13,Standard Class,CUST-00483,Consumer,West,PROD-0081,Technology,Copiers,4,889.5,0.0,3558.0,982.95
ORD-003682,2024-03-11,2024-03-16,Standard Class,CUST-00808,Consumer,Central,PROD-0082,Furniture,Furnishings,2,387.46,0.0,774.92,175.75
ORD-003683,2024-01-11,2024-01-16,Second Class,CUST-00566,Consumer,South,PROD-0083,Office Supplies,Storage,6,719.59,0.0,4317.54,481.78
ORD-003684,2026-06-29,2026-07-05,Standard Class,CUST-00766,Consumer,South,PROD-0084,Office Supplies,Art,4,191.8,0.5,383.6,127.66
ORD-003685,2025-12-04,2025-12-06,Standard Class,CUST-00792,Consumer,Central,PROD-0085,Office Supplies,Art,4,194.85,0.0,779.4,305.33
ORD-003686,2024-01-20,2024-01-22,Second Class,CUST-00539,Consumer,East,PROD-0086,Office Supplies,Paper,3,410.74,0.0,1232.22,305.02
ORD-003687,2025-05-19,2025-05-23,Same Day,CUST-00564,Consumer,East,PROD-0087,Technology,Phones,8,758.06,0.0,6064.48,749.48
ORD-003688,2024-03-07,2024-03-10,Standard Class,CUST-00544,Corporate,South,PROD-0088,Technology,Copiers,6,275.63,0.0,1653.78,90.11
ORD-003689,2025-03-26,2025-03-31,Standard Class,CUST-00327,Consumer,West,PROD-0089,Technology,Accessories,1,128.89,0.0,128.89,-9.31
ORD-003690,2024-02-18,2024-02-24,Standard Class,CUST-00432,Corporate,South,PROD-0090,Furniture,Furnishings,8,141.54,0.0,1132.32,270.56
ORD-003691,2024-01-12,2024-01-19,Standard Class,CUST-00316,Consumer,South,PROD-0091,Technology,Phones,6,781.23,0.3,3281.17,-188.78
ORD-003692,2026-01-13,2026-01-14,Standard Class,CUST-00287,Corporate,Central,PROD-0092,Furniture,Tables,8,461.95,0.0,3695.6,280.44
ORD-003693,2026-01-14,2026-01-20,First Class,CUST-00235,Corporate,West,PROD-0093,Technology,Phones,6,343.13,0.0,2058.78,738.59
ORD-003694,2025-05-26,2025-06-02,Second Class,CUST-00890,Home Office,West,PROD-0094,Furniture,Chairs,1,203.39,0.3,142.37,44.65
ORD-003695,2025-02-10,2025-02-14,Standard Class,CUST-00003,Corporate,West,PROD-0095,Furniture,Chairs,4,497.68,0.0,1990.72,549.95
ORD-003696,2025-08-12,2025-08-15,Second Class,CUST-00708,Corporate,East,PROD-0096,Technology,Copiers,3,213.38,0.3,448.1,58.81
ORD-003697,2023-09-10,2023-09-13,Standard Class,CUST-00525,Consumer,Central,PROD-0097,Office Supplies,Storage,10,690.96,0.0,6909.6,1694.89
ORD-003698,2024-11-26,2024-12-03,First Class,CUST-00148,Consumer,Central,PROD-0098,Furniture,Tables,8,531.86,0.0,4254.88,102.47
ORD-003699,2025-11-22,2025-11-27,Second Class,CUST-00460,Corporate,West,PROD-0099,Office Supplies,Labels,9,433.05,0.1,3507.71,-113.92
ORD-003700,2026-03-24,2026-03-31,Standard Class,CUST-00773,Consumer,East,PROD-0100,Furniture,Chairs,1,440.6,0.15,374.51,141.29
ORD-003701,2024-01-12,2024-01-16,Standard Class,CUST-00753,Corporate,East,PROD-0101,Technology,Copiers,5,49.94,0.1,224.73,28.08
ORD-003702,2023-01-27,2023-01-28,Standard Class,CUST-00286,Consumer,West,PROD-0102,Technology,Accessories,4,238.94,0.1,860.18,70.65
ORD-003703,2024-05-30,2024-06-01,Standard Class,CUST-00139,Consumer,West,PROD-0103,Furniture,Tables,8,23.73,0.2,151.87,-6.75
ORD-003704,2023-11-01,2023-11-04,Standard Class,CUST-00627,Consumer,West,PROD-0104,Furniture,Tables,7,213.63,0.0,1495.41,22.21
ORD-003705,2026-04-20,2026-04-21,Standard Class,CUST-00657,Consumer,Central,PROD-0105,Office Supplies,Labels,8,382.38,0.0,3059.04,-142.73
ORD-003706,2023-02-06,2023-02-08,Standard Class,CUST-00722,Consumer,Central,PROD-0106,Office Supplies,Art,9,55.88,0.0,502.92,115.26
ORD-003707,2024-11-14,2024-11-19,Standard Class,CUST-00423,Consumer,South,PROD-0107,Technology,Accessories,5,343.68,0.0,1718.4,117.11
ORD-003708,2025-09-13,2025-09-20,Standard Class,CUST-00394,Consumer,East,PROD-0108,Technology,Machines,2,631.99,0.0,1263.98,24.56
ORD-003709,2023-01-12,2023-01-17,Standard Class,CUST-00835,Consumer,West,PROD-0109,Office Supplies,Labels,6,816.04,0.0,4896.24,475.63
ORD-003710,2023-07-15,2023-07-20,Standard Class,CUST-00363,Consumer,East,PROD-0110,Office Supplies,Storage,1,258.11,0.1,232.3,-22.59
ORD-003711,2025-12-16,2025-12-17,Second Class,CUST-00244,Consumer,South,PROD-0111,Technology,Machines,10,194.04,0.1,1746.36,362.49
ORD-003712,2024-01-09,2024-01-15,First Class,CUST-00001,Home Office,South,PROD-0112,Technology,Accessories,5,822.64,0.0,4113.2,1082.89
ORD-003713,2026-01-12,2026-01-14,Standard Class,CUST-00480,Home Office,South,PROD-0113,Office Supplies,Art,11,538.82,0.0,5927.02,1891.33
ORD-003714,2023-12-27,2023-12-28,Second Class,CUST-00744,Corporate,South,PROD-0114,Technology,Accessories,6,355.04,0.0,2130.24,736.7
ORD-003715,2024-02-23,2024-03-01,Standard Class,CUST-00814,Consumer,Central,PROD-0115,Technology,Machines,2,792.71,0.1,1426.88,417.95
ORD-003716,2023-08-27,2023-09-02,Standard Class,CUST-00143,Consumer,Central,PROD-0116,Furniture,Tables,11,297.76,0.0,3275.36,1054.72
ORD-003717,2024-06-10,2024-06-13,First Class,CUST-00090,Consumer,South,PROD-0117,Office Supplies,Storage,5,837.82,0.0,4189.1,712.75
ORD-003718,2023-05-12,2023-05-16,Standard Class,CUST-00327,Home Office,East,PROD-0118,Furniture,Chairs,1,385.11,0.1,346.6,17.21
ORD-003719,2024-11-18,2024-11-20,Standard Class,CUST-00441,Consumer,South,PROD-0119,Office Supplies,Binders,1,56.74,0.0,56.74,22.44
ORD-003720,2025-08-03,2025-08-05,Second Class,CUST-00406,Consumer,South,PROD-0120,Furniture,Furnishings,7,259.57,0.2,1453.59,-53.04
ORD-003721,2024-05-15,2024-05-21,Standard Class,CUST-00321,Home Office,South,PROD-0121,Technology,Copiers,3,111.69,0.2,268.06,-22.5
ORD-003722,2023-03-28,2023-04-03,Standard Class,CUST-00456,Corporate,West,PROD-0122,Office Supplies,Art,8,693.73,0.0,5549.84,1741.29
ORD-003723,2025-07-12,2025-07-18,Standard Class,CUST-00183,Consumer,East,PROD-0123,Office Supplies,Labels,7,695.95,0.15,4140.9,-121.4
ORD-003724,2026-03-18,2026-03-22,Standard Class,CUST-00083,Corporate,South,PROD-0124,Office Supplies,Labels,8,233.97,0.0,1871.76,107.12
ORD-003725,2024-02-18,2024-02-21,Second Class,CUST-00271,Consumer,South,PROD-0125,Technology,Machines,4,155.82,0.0,623.28,102.79
ORD-003726,2024-01-08,2024-01-14,First Class,CUST-00686,Home Office,West,PROD-0126,Office Supplies,Paper,3,422.56,0.0,1267.68,344.88
ORD-003727,2025-01-25,2025-01-26,Standard Class,CUST-00498,Consumer,South,PROD-0127,Furniture,Chairs,3,856.86,0.0,2570.58,376.17
ORD-003728,2025-04-13,2025-04-16,Standard Class,CUST-00588,Consumer,East,PROD-0128,Furniture,Furnishings,9,162.14,0.0,1459.26,79.25
ORD-003729,2023-11-06,2023-11-07,Second Class,CUST-00546,Consumer,West,PROD-0129,Office Supplies,Labels,1,490.54,0.3,343.38,38.36
ORD-003730,2025-05-26,2025-05-29,Standard Class,CUST-00073,Corporate,East,PROD-0130,Technology,Machines,1,839.29,0.0,839.29,-44.34
ORD-003731,2024-07-29,2024-08-04,Same Day,CUST-00388,Corporate,South,PROD-0131,Office Supplies,Art,6,239.2,0.0,1435.2,489.58
ORD-003732,2024-01-01,2024-01-07,Standard Class,CUST-00722,Consumer,East,PROD-0132,Technology,Machines,7,704.74,0.1,4439.86,-247.72
ORD-003733,2023-04-30,2023-05-05,Standard Class,CUST-00457,Corporate,East,PROD-0133,Office Supplies,Art,5,705.78,0.15,2999.56,1184.52
ORD-003734,2025-04-28,2025-05-03,Standard Class,CUST-00724,Consumer,Central,PROD-0134,Furniture,Bookcases,11,536.72,0.15,5018.33,-374.75
ORD-003735,2024-09-27,2024-09-28,Second Class,CUST-00024,Consumer,South,PROD-0135,Office Supplies,Paper,4,157.61,0.0,630.44,97.91
ORD-003736,2025-10-10,2025-10-16,Same Day,CUST-00403,Consumer,West,PROD-0136,Office Supplies,Labels,11,63.71,0.0,700.81,133.54
ORD-003737,2024-02-13,2024-02-14,Standard Class,CUST-00009,Home Office,West,PROD-0137,Technology,Phones,4,265.3,0.0,1061.2,-73.62
ORD-003738,2023-04-26,2023-05-01,Standard Class,CUST-00712,Consumer,West,PROD-0138,Furniture,Furnishings,9,63.16,0.2,454.75,59.18
ORD-003739,2025-08-06,2025-08-12,Standard Class,CUST-00465,Corporate,West,PROD-0139,Furniture,Chairs,8,636.4,0.1,4582.08,460.4
ORD-003740,2023-08-23,2023-08-29,Standard Class,CUST-00365,Corporate,Central,PROD-0140,Technology,Phones,1,90.3,0.0,90.3,35.75
ORD-003741,2025-04-05,2025-04-07,First Class,CUST-00196,Corporate,West,PROD-0141,Office Supplies,Labels,9,510.63,0.5,2297.84,-196.91
ORD-003742,2026-01-28,2026-01-29,Second Class,CUST-00822,Consumer,East,PROD-0142,Office Supplies,Paper,2,520.72,0.0,1041.44,-30.81
ORD-003743,2025-08-27,2025-08-31,Second Class,CUST-00334,Consumer,Central,PROD-0143,Office Supplies,Paper,9,42.24,0.0,380.16,110.55
ORD-003744,2023-05-27,2023-05-31,Second Class,CUST-00559,Home Office,West,PROD-0144,Office Supplies,Art,3,627.11,0.1,1693.2,72.97
ORD-003745,2025-06-23,2025-06-29,Standard Class,CUST-00166,Corporate,West,PROD-0145,Office Supplies,Paper,2,787.01,0.3,1101.81,1.27
ORD-003746,2023-04-25,2023-05-02,Same Day,CUST-00524,Consumer,West,PROD-0146,Technology,Copiers,3,251.98,0.1,680.35,141.97
ORD-003747,2023-01-18,2023-01-20,Second Class,CUST-00612,Consumer,East,PROD-0147,Technology,Phones,5,462.1,0.1,2079.45,-39.79
ORD-003748,2026-02-26,2026-03-02,Second Class,CUST-00095,Corporate,West,PROD-0148,Office Supplies,Binders,3,301.03,0.2,722.47,172.86
ORD-003749,2023-09-27,2023-09-28,Standard Class,CUST-00563,Consumer,West,PROD-0149,Technology,Machines,11,801.35,0.1,7933.37,297.59
ORD-003750,2025-07-08,2025-07-10,Standard Class,CUST-00279,Consumer,West,PROD-0150,Office Supplies,Binders,6,730.11,0.0,4380.66,501.01
ORD-003751,2023-12-04,2023-12-11,Standard Class,CUST-00586,Consumer,South,PROD-0151,Office Supplies,Labels,5,21.43,0.15,91.08,35.14
ORD-003752,2024-08-17,2024-08-21,Standard Class,CUST-00078,Consumer,East,PROD-0152,Office Supplies,Labels,5,150.95,0.15,641.54,242.58
ORD-003753,2024-03-23,2024-03-28,Second Class,CUST-00549,Home Office,East,PROD-0153,Technology,Machines,6,734.93,0.0,4409.58,-380.48
ORD-003754,2025-09-10,2025-09-15,Standard Class,CUST-00482,Consumer,West,PROD-0154,Technology,Accessories,10,763.57,0.0,7635.7,767.72
ORD-003755,2025-02-16,2025-02-17,Standard Class,CUST-00256,Corporate,Central,PROD-0155,Technology,Phones,4,171.78,0.15,584.05,58.92
ORD-003756,2024-08-13,2024-08-20,Standard Class,CUST-00737,Corporate,South,PROD-0156,Office Supplies,Paper,4,818.24,0.0,3272.96,850.41
ORD-003757,2026-02-03,2026-02-09,Second Class,CUST-00753,Consumer,East,PROD-0157,Furniture,Bookcases,11,8.88,0.0,97.68,11.7
ORD-003758,2024-10-25,2024-10-26,Second Class,CUST-00149,Consumer,South,PROD-0158,Technology,Accessories,10,424.54,0.0,4245.4,670.63
ORD-003759,2024-09-16,2024-09-21,Standard Class,CUST-00425,Consumer,East,PROD-0159,Technology,Accessories,3,302.18,0.2,725.23,-22.24
ORD-003760,2023-10-19,2023-10-20,Second Class,CUST-00830,Consumer,Central,PROD-0160,Office Supplies,Binders,3,609.97,0.0,1829.91,667.45
ORD-003761,2023-09-15,2023-09-18,Standard Class,CUST-00270,Consumer,West,PROD-0161,Furniture,Chairs,1,11.57,0.0,11.57,0.64
ORD-003762,2023-11-04,2023-11-08,Standard Class,CUST-00258,Consumer,Central,PROD-0162,Office Supplies,Binders,6,273.33,0.0,1639.98,-94.86
ORD-003763,2023-04-21,2023-04-25,Second Class,CUST-00895,Consumer,East,PROD-0163,Technology,Copiers,1,347.03,0.1,312.33,18.58
ORD-003764,2023-05-14,2023-05-20,Standard Class,CUST-00332,Corporate,West,PROD-0164,Office Supplies,Labels,11,11.69,0.0,128.59,49.42
ORD-003765,2025-11-01,2025-11-06,First Class,CUST-00715,Corporate,Central,PROD-0165,Furniture,Bookcases,2,149.91,0.0,299.82,82.49
ORD-003766,2026-06-03,2026-06-06,First Class,CUST-00436,Corporate,East,PROD-0166,Furniture,Tables,10,520.86,0.1,4687.74,668.26
ORD-003767,2023-08-04,2023-08-08,Same Day,CUST-00194,Corporate,West,PROD-0167,Technology,Accessories,9,529.75,0.0,4767.75,467.59
ORD-003768,2025-09-11,2025-09-14,Second Class,CUST-00210,Home Office,Central,PROD-0168,Office Supplies,Art,8,784.0,0.15,5331.2,-402.91
ORD-003769,2026-01-25,2026-01-26,Standard Class,CUST-00772,Home Office,East,PROD-0169,Technology,Phones,10,610.33,0.0,6103.3,1894.12
ORD-003770,2026-04-24,2026-04-25,Standard Class,CUST-00426,Corporate,West,PROD-0170,Office Supplies,Art,6,588.41,0.1,3177.41,504.66
ORD-003771,2025-09-17,2025-09-24,Second Class,CUST-00107,Corporate,West,PROD-0171,Office Supplies,Paper,8,255.01,0.0,2040.08,38.6
ORD-003772,2025-05-21,2025-05-22,Standard Class,CUST-00481,Consumer,South,PROD-0172,Office Supplies,Paper,2,460.47,0.15,782.8,264.75
ORD-003773,2024-01-19,2024-01-21,Second Class,CUST-00071,Consumer,West,PROD-0173,Furniture,Furnishings,9,576.6,0.15,4410.99,-409.85
ORD-003774,2023-11-13,2023-11-18,First Class,CUST-00078,Corporate,West,PROD-0174,Technology,Machines,9,290.71,0.0,2616.39,-118.83
ORD-003775,2026-05-26,2026-05-31,First Class,CUST-00627,Corporate,Central,PROD-0175,Furniture,Chairs,7,538.08,0.2,3013.25,447.02
ORD-003776,2023-06-02,2023-06-07,Second Class,CUST-00135,Corporate,Central,PROD-0176,Technology,Accessories,8,777.28,0.0,6218.24,-9.22
ORD-003777,2024-12-11,2024-12-14,Standard Class,CUST-00277,Home Office,South,PROD-0177,Furniture,Chairs,9,81.02,0.15,619.8,219.81
ORD-003778,2024-04-16,2024-04-18,Standard Class,CUST-00854,Consumer,East,PROD-0178,Office Supplies,Labels,3,685.07,0.0,2055.21,-125.11
ORD-003779,2024-09-14,2024-09-17,Standard Class,CUST-00554,Corporate,Central,PROD-0179,Technology,Machines,7,337.76,0.3,1655.02,381.01
ORD-003780,2026-01-06,2026-01-10,Standard Class,CUST-00551,Home Office,Central,PROD-0180,Office Supplies,Storage,2,809.74,0.2,1295.58,-96.56
ORD-003781,2023-01-28,2023-02-04,Same Day,CUST-00060,Corporate,Central,PROD-0181,Furniture,Chairs,9,830.83,0.0,7477.47,37.82
ORD-003782,2024-09-16,2024-09-17,Standard Class,CUST-00779,Corporate,East,PROD-0182,Office Supplies,Labels,3,641.12,0.2,1538.69,262.28
ORD-003783,2025-03-08,2025-03-11,Same Day,CUST-00441,Home Office,Central,PROD-0183,Technology,Copiers,8,570.48,0.0,4563.84,-334.65
ORD-003784,2026-04-03,2026-04-10,Standard Class,CUST-00597,Corporate,South,PROD-0184,Technology,Copiers,5,544.06,0.0,2720.3,109.07
ORD-003785,2025-06-14,2025-06-18,Standard Class,CUST-00490,Corporate,West,PROD-0185,Technology,Accessories,8,341.45,0.15,2321.86,441.89
ORD-003786,2024-03-03,2024-03-05,Same Day,CUST-00423,Corporate,South,PROD-0186,Technology,Copiers,4,387.16,0.15,1316.34,99.45
ORD-003787,2026-04-08,2026-04-14,Same Day,CUST-00292,Consumer,West,PROD-0187,Office Supplies,Paper,6,159.92,0.1,863.57,130.06
ORD-003788,2025-05-24,2025-05-31,First Class,CUST-00539,Corporate,East,PROD-0188,Office Supplies,Paper,8,51.42,0.0,411.36,156.09
ORD-003789,2024-01-28,2024-02-01,Standard Class,CUST-00483,Consumer,East,PROD-0189,Office Supplies,Binders,4,46.53,0.0,186.12,19.36
ORD-003790,2023-12-23,2023-12-29,Standard Class,CUST-00139,Corporate,East,PROD-0190,Office Supplies,Labels,5,151.4,0.0,757.0,257.36
ORD-003791,2025-02-21,2025-02-28,First Class,CUST-00220,Consumer,East,PROD-0191,Office Supplies,Storage,9,663.67,0.0,5973.03,2092.55
ORD-003792,2023-03-05,2023-03-06,Standard Class,CUST-00279,Consumer,West,PROD-0192,Office Supplies,Art,7,484.87,0.0,3394.09,428.45
ORD-003793,2024-08-28,2024-09-01,Standard Class,CUST-00350,Home Office,East,PROD-0193,Technology,Phones,10,95.54,0.0,955.4,98.54
ORD-003794,2023-02-09,2023-02-11,Standard Class,CUST-00539,Consumer,West,PROD-0194,Technology,Copiers,6,891.0,0.0,5346.0,1913.5
ORD-003795,2025-05-17,2025-05-22,Standard Class,CUST-00500,Consumer,West,PROD-0195,Technology,Copiers,7,536.19,0.2,3002.66,850.12
ORD-003796,2024-07-08,2024-07-10,First Class,CUST-00690,Home Office,South,PROD-0196,Technology,Machines,5,65.5,0.0,327.5,43.95
ORD-003797,2025-04-04,2025-04-08,First Class,CUST-00661,Consumer,Central,PROD-0197,Office Supplies,Storage,11,263.89,0.0,2902.79,1093.7
ORD-003798,2023-05-07,2023-05-08,First Class,CUST-00713,Home Office,East,PROD-0198,Furniture,Chairs,1,843.18,0.0,843.18,160.33
ORD-003799,2023-03-27,2023-04-02,Standard Class,CUST-00387,Consumer,East,PROD-0199,Furniture,Furnishings,7,461.37,0.15,2745.15,486.55
ORD-003800,2025-12-14,2025-12-15,First Class,CUST-00641,Corporate,Central,PROD-0200,Furniture,Tables,4,721.82,0.3,2021.1,330.81
ORD-003801,2023-04-23,2023-04-28,Standard Class,CUST-00398,Home Office,West,PROD-0201,Technology,Phones,8,866.74,0.0,6933.92,-638.25
ORD-003802,2023-10-03,2023-10-09,Second Class,CUST-00193,Consumer,West,PROD-0202,Technology,Machines,3,178.18,0.1,481.09,-16.23
ORD-003803,2026-06-08,2026-06-14,Standard Class,CUST-00234,Corporate,West,PROD-0203,Technology,Copiers,2,651.79,0.15,1108.04,281.78
ORD-003804,2025-08-08,2025-08-14,Second Class,CUST-00745,Consumer,East,PROD-0204,Technology,Copiers,7,505.67,0.0,3539.69,-147.28
ORD-003805,2023-11-14,2023-11-16,Second Class,CUST-00025,Consumer,East,PROD-0205,Furniture,Bookcases,4,541.74,0.15,1841.92,715.01
ORD-003806,2024-10-25,2024-11-01,First Class,CUST-00622,Home Office,West,PROD-0206,Office Supplies,Storage,6,575.64,0.0,3453.84,253.26
ORD-003807,2023-08-04,2023-08-11,Standard Class,CUST-00088,Corporate,South,PROD-0207,Technology,Phones,8,845.56,0.0,6764.48,-331.04
ORD-003808,2024-03-25,2024-03-30,Second Class,CUST-00006,Consumer,East,PROD-0208,Office Supplies,Binders,11,38.89,0.0,427.79,106.44
ORD-003809,2026-04-27,2026-05-04,Standard Class,CUST-00550,Corporate,West,PROD-0209,Office Supplies,Binders,11,318.42,0.0,3502.62,1019.77
ORD-003810,2026-03-05,2026-03-07,First Class,CUST-00893,Consumer,East,PROD-0210,Office Supplies,Labels,4,186.05,0.0,744.2,200.13
ORD-003811,2024-12-24,2024-12-25,Standard Class,CUST-00045,Corporate,South,PROD-0211,Technology,Accessories,6,736.0,0.0,4416.0,820.56
ORD-003812,2026-05-01,2026-05-03,Same Day,CUST-00561,Consumer,South,PROD-0212,Furniture,Furnishings,1,372.47,0.0,372.47,132.34
ORD-003813,2026-05-12,2026-05-19,Standard Class,CUST-00078,Consumer,Central,PROD-0213,Furniture,Chairs,4,371.0,0.0,1484.0,-0.97
ORD-003814,2024-10-13,2024-10-20,Standard Class,CUST-00575,Corporate,South,PROD-0214,Office Supplies,Storage,10,255.87,0.0,2558.7,951.04
ORD-003815,2023-12-09,2023-12-10,Standard Class,CUST-00381,Corporate,East,PROD-0215,Furniture,Chairs,7,389.72,0.15,2318.83,145.85
ORD-003816,2023-02-06,2023-02-11,First Class,CUST-00052,Corporate,South,PROD-0216,Furniture,Chairs,5,337.81,0.3,1182.33,276.17
ORD-003817,2024-01-02,2024-01-04,Standard Class,CUST-00677,Home Office,South,PROD-0217,Office Supplies,Labels,8,43.15,0.0,345.2,104.88
ORD-003818,2024-04-30,2024-05-03,Same Day,CUST-00053,Home Office,Central,PROD-0218,Technology,Accessories,9,601.71,0.0,5415.39,1565.96
ORD-003819,2023-07-29,2023-07-31,Standard Class,CUST-00337,Consumer,East,PROD-0219,Office Supplies,Labels,11,309.22,0.0,3401.42,783.47
ORD-003820,2026-01-27,2026-02-02,Second Class,CUST-00674,Home Office,Central,PROD-0220,Technology,Machines,3,505.65,0.0,1516.95,128.54
ORD-003821,2023-08-30,2023-09-06,Standard Class,CUST-00411,Corporate,East,PROD-0221,Office Supplies,Labels,2,682.75,0.0,1365.5,-101.46
ORD-003822,2025-11-02,2025-11-08,Second Class,CUST-00359,Corporate,Central,PROD-0222,Office Supplies,Labels,1,686.45,0.0,686.45,262.51
ORD-003823,2024-07-17,2024-07-23,Second Class,CUST-00571,Home Office,East,PROD-0223,Office Supplies,Binders,3,496.83,0.0,1490.49,-17.98
ORD-003824,2024-05-24,2024-05-26,Standard Class,CUST-00264,Home Office,Central,PROD-0224,Office Supplies,Labels,8,348.93,0.0,2791.44,981.39
ORD-003825,2024-10-15,2024-10-16,First Class,CUST-00101,Corporate,Central,PROD-0225,Office Supplies,Labels,1,273.26,0.0,273.26,105.65
ORD-003826,2025-03-13,2025-03-16,Second Class,CUST-00063,Corporate,West,PROD-0226,Office Supplies,Labels,9,193.19,0.1,1564.84,271.92
ORD-003827,2026-04-23,2026-04-25,Standard Class,CUST-00855,Corporate,Central,PROD-0227,Office Supplies,Paper,11,887.95,0.0,9767.45,1804.63
ORD-003828,2025-04-12,2025-04-16,First Class,CUST-00397,Consumer,West,PROD-0228,Furniture,Furnishings,7,415.82,0.2,2328.59,194.75
ORD-003829,2025-07-14,2025-07-20,Standard Class,CUST-00627,Home Office,South,PROD-0229,Office Supplies,Labels,4,860.55,0.0,3442.2,1256.83
ORD-003830,2025-01-31,2025-02-03,Standard Class,CUST-00883,Corporate,East,PROD-0230,Office Supplies,Storage,2,788.82,0.0,1577.64,242.91
ORD-003831,2025-06-03,2025-06-07,Same Day,CUST-00572,Corporate,South,PROD-0231,Furniture,Tables,10,749.19,0.15,6368.12,-213.8
ORD-003832,2023-10-07,2023-10-09,Standard Class,CUST-00785,Home Office,East,PROD-0232,Office Supplies,Art,10,588.87,0.1,5299.83,170.33
ORD-003833,2025-01-11,2025-01-14,First Class,CUST-00619,Consumer,West,PROD-0233,Office Supplies,Paper,7,888.57,0.0,6219.99,560.78
ORD-003834,2026-06-24,2026-06-29,First Class,CUST-00084,Corporate,East,PROD-0234,Office Supplies,Storage,7,148.81,0.2,833.34,67.2
ORD-003835,2024-03-23,2024-03-24,Standard Class,CUST-00351,Consumer,West,PROD-0235,Office Supplies,Binders,3,527.51,0.0,1582.53,49.88
ORD-003836,2025-06-14,2025-06-17,Standard Class,CUST-00026,Consumer,Central,PROD-0236,Furniture,Chairs,1,647.71,0.0,647.71,179.64
ORD-003837,2023-10-25,2023-10-29,Second Class,CUST-00571,Home Office,Central,PROD-0237,Furniture,Bookcases,6,126.48,0.1,682.99,269.61
ORD-003838,2026-02-08,2026-02-14,Standard Class,CUST-00294,Consumer,South,PROD-0238,Office Supplies,Paper,8,865.07,0.0,6920.56,1257.34
ORD-003839,2026-03-31,2026-04-01,Second Class,CUST-00405,Home Office,West,PROD-0239,Office Supplies,Storage,3,751.69,0.15,1916.81,-186.85
ORD-003840,2023-05-16,2023-05-21,First Class,CUST-00163,Home Office,East,PROD-0240,Furniture,Furnishings,5,24.18,0.0,120.9,8.17
ORD-003841,2024-04-16,2024-04-18,Second Class,CUST-00104,Corporate,South,PROD-0241,Furniture,Chairs,2,478.77,0.1,861.79,215.42
ORD-003842,2024-01-04,2024-01-10,Standard Class,CUST-00417,Consumer,South,PROD-0242,Technology,Accessories,7,651.67,0.0,4561.69,544.24
ORD-003843,2025-02-04,2025-02-05,Standard Class,CUST-00466,Corporate,East,PROD-0243,Office Supplies,Storage,1,853.27,0.1,767.94,262.1
ORD-003844,2025-01-24,2025-01-29,Standard Class,CUST-00124,Consumer,East,PROD-0244,Technology,Copiers,4,718.56,0.0,2874.24,-161.78
ORD-003845,2023-07-02,2023-07-09,Standard Class,CUST-00628,Home Office,South,PROD-0245,Office Supplies,Binders,5,261.49,0.2,1045.96,133.44
ORD-003846,2025-12-30,2025-12-31,First Class,CUST-00210,Corporate,East,PROD-0246,Office Supplies,Paper,4,100.98,0.0,403.92,-14.46
ORD-003847,2024-09-25,2024-10-02,Standard Class,CUST-00519,Consumer,South,PROD-0247,Office Supplies,Labels,2,705.24,0.15,1198.91,204.68
ORD-003848,2025-04-29,2025-05-06,Standard Class,CUST-00552,Consumer,South,PROD-0248,Office Supplies,Art,1,519.42,0.3,363.59,106.45
ORD-003849,2026-02-07,2026-02-13,Standard Class,CUST-00389,Corporate,South,PROD-0249,Technology,Copiers,10,45.31,0.0,453.1,12.55
ORD-003850,2023-02-09,2023-02-15,Standard Class,CUST-00225,Consumer,Central,PROD-0250,Technology,Machines,2,775.34,0.0,1550.68,39.6
ORD-003851,2025-12-17,2025-12-20,Standard Class,CUST-00864,Corporate,East,PROD-0251,Technology,Phones,10,271.4,0.1,2442.6,14.35
ORD-003852,2023-06-06,2023-06-10,Standard Class,CUST-00031,Consumer,Central,PROD-0252,Technology,Copiers,10,189.56,0.1,1706.04,-158.59
ORD-003853,2026-04-08,2026-04-14,Second Class,CUST-00091,Corporate,South,PROD-0253,Office Supplies,Labels,9,638.26,0.1,5169.91,1131.81
ORD-003854,2024-12-24,2024-12-28,First Class,CUST-00330,Corporate,East,PROD-0254,Technology,Copiers,4,213.08,0.0,852.32,-54.07
ORD-003855,2025-03-01,2025-03-02,Same Day,CUST-00269,Consumer,South,PROD-0255,Office Supplies,Paper,6,572.79,0.0,3436.74,-215.02
ORD-003856,2026-01-08,2026-01-15,First Class,CUST-00728,Corporate,West,PROD-0256,Office Supplies,Storage,1,319.37,0.0,319.37,-1.92
ORD-003857,2024-12-11,2024-12-17,Same Day,CUST-00372,Consumer,East,PROD-0257,Office Supplies,Paper,8,365.62,0.0,2924.96,-187.94
ORD-003858,2024-10-09,2024-10-14,Standard Class,CUST-00885,Consumer,West,PROD-0258,Technology,Phones,7,591.62,0.1,3727.21,320.84
ORD-003859,2025-05-11,2025-05-14,First Class,CUST-00452,Consumer,East,PROD-0259,Furniture,Bookcases,7,418.58,0.0,2930.06,-159.16
ORD-003860,2025-06-03,2025-06-05,Standard Class,CUST-00237,Corporate,West,PROD-0260,Office Supplies,Art,5,854.43,0.1,3844.93,-269.1
ORD-003861,2023-04-14,2023-04-21,Standard Class,CUST-00236,Corporate,Central,PROD-0261,Technology,Phones,2,399.09,0.0,798.18,-26.46
ORD-003862,2023-12-21,2023-12-23,Standard Class,CUST-00342,Consumer,East,PROD-0262,Technology,Machines,10,437.78,0.1,3940.02,675.08
ORD-003863,2024-11-21,2024-11-27,Standard Class,CUST-00497,Corporate,South,PROD-0263,Technology,Machines,8,624.57,0.2,3997.25,-139.68
ORD-003864,2023-04-22,2023-04-29,Second Class,CUST-00777,Consumer,West,PROD-0264,Office Supplies,Storage,4,657.88,0.0,2631.52,-39.21
ORD-003865,2025-04-28,2025-05-02,Standard Class,CUST-00640,Consumer,South,PROD-0265,Office Supplies,Binders,7,238.55,0.2,1335.88,326.72
ORD-003866,2023-10-05,2023-10-10,Standard Class,CUST-00834,Consumer,Central,PROD-0266,Furniture,Furnishings,1,42.04,0.0,42.04,-3.23
ORD-003867,2026-05-16,2026-05-21,Standard Class,CUST-00596,Consumer,West,PROD-0267,Office Supplies,Art,9,757.45,0.0,6817.05,-454.88
ORD-003868,2023-12-18,2023-12-20,Standard Class,CUST-00480,Consumer,East,PROD-0268,Office Supplies,Storage,11,706.33,0.1,6992.67,2306.22
ORD-003869,2023-09-12,2023-09-18,Standard Class,CUST-00851,Consumer,Central,PROD-0269,Office Supplies,Paper,1,578.88,0.1,520.99,-38.49
ORD-003870,2026-01-24,2026-01-29,Standard Class,CUST-00774,Corporate,South,PROD-0270,Technology,Copiers,2,646.79,0.1,1164.22,124.76
ORD-003871,2025-01-09,2025-01-10,Second Class,CUST-00030,Consumer,Central,PROD-0271,Office Supplies,Storage,11,370.72,0.15,3466.23,477.98
ORD-003872,2025-11-30,2025-12-04,First Class,CUST-00308,Corporate,Central,PROD-0272,Office Supplies,Art,11,391.6,0.2,3446.08,-282.07
ORD-003873,2024-11-15,2024-11-16,Standard Class,CUST-00732,Home Office,South,PROD-0273,Technology,Machines,9,876.56,0.1,7100.14,801.53
ORD-003874,2025-01-28,2025-02-02,Second Class,CUST-00388,Corporate,South,PROD-0274,Furniture,Tables,9,818.81,0.0,7369.29,58.3
ORD-003875,2024-10-14,2024-10-21,Standard Class,CUST-00373,Consumer,East,PROD-0275,Furniture,Tables,8,696.44,0.0,5571.52,110.25
ORD-003876,2026-01-03,2026-01-09,Second Class,CUST-00550,Consumer,Central,PROD-0276,Technology,Accessories,4,42.54,0.1,153.14,6.2
ORD-003877,2025-02-03,2025-02-05,Standard Class,CUST-00640,Consumer,South,PROD-0277,Furniture,Tables,9,625.57,0.15,4785.61,150.14
ORD-003878,2024-04-20,2024-04-21,Standard Class,CUST-00766,Corporate,West,PROD-0278,Technology,Machines,2,468.45,0.0,936.9,68.96
ORD-003879,2023-03-14,2023-03-18,Standard Class,CUST-00678,Consumer,South,PROD-0279,Furniture,Bookcases,11,180.18,0.1,1783.78,496.0
ORD-003880,2025-11-09,2025-11-16,Standard Class,CUST-00808,Home Office,West,PROD-0280,Furniture,Tables,4,23.55,0.0,94.2,22.84
ORD-003881,2024-01-10,2024-01-13,Standard Class,CUST-00764,Home Office,South,PROD-0281,Office Supplies,Paper,7,156.81,0.0,1097.67,-106.3
ORD-003882,2024-01-31,2024-02-01,Standard Class,CUST-00659,Home Office,South,PROD-0282,Office Supplies,Storage,7,241.37,0.0,1689.59,597.74
ORD-003883,2024-02-21,2024-02-25,Standard Class,CUST-00793,Consumer,West,PROD-0283,Office Supplies,Storage,4,66.51,0.15,226.13,27.87
ORD-003884,2025-08-30,2025-09-05,First Class,CUST-00002,Corporate,Central,PROD-0284,Furniture,Tables,4,96.05,0.0,384.2,53.18
ORD-003885,2025-04-02,2025-04-04,Second Class,CUST-00110,Corporate,East,PROD-0285,Technology,Accessories,9,698.54,0.0,6286.86,1659.46
ORD-003886,2024-04-09,2024-04-14,Second Class,CUST-00473,Corporate,West,PROD-0286,Technology,Phones,3,452.82,0.1,1222.61,-6.56
ORD-003887,2024-03-10,2024-03-13,First Class,CUST-00782,Consumer,Central,PROD-0287,Office Supplies,Art,2,109.03,0.15,185.35,35.05
ORD-003888,2024-07-10,2024-07-11,Standard Class,CUST-00519,Corporate,Central,PROD-0288,Technology,Machines,4,99.05,0.0,396.2,82.19
ORD-003889,2023-01-01,2023-01-02,Second Class,CUST-00024,Home Office,Central,PROD-0289,Office Supplies,Labels,4,599.74,0.1,2159.06,770.29
ORD-003890,2026-01-17,2026-01-20,Second Class,CUST-00897,Consumer,South,PROD-0290,Office Supplies,Labels,8,169.31,0.2,1083.58,-32.41
ORD-003891,2024-11-25,2024-11-27,Standard Class,CUST-00018,Consumer,East,PROD-0291,Furniture,Furnishings,8,596.76,0.3,3341.86,-24.26
ORD-003892,2026-06-03,2026-06-05,Second Class,CUST-00177,Consumer,Central,PROD-0292,Office Supplies,Art,6,327.25,0.2,1570.8,284.31
ORD-003893,2024-07-29,2024-08-01,Standard Class,CUST-00133,Home Office,South,PROD-0293,Office Supplies,Paper,8,549.74,0.0,4397.92,866.93
ORD-003894,2024-08-28,2024-08-31,First Class,CUST-00435,Consumer,East,PROD-0294,Technology,Copiers,10,775.1,0.0,7751.0,-662.6
ORD-003895,2026-05-04,2026-05-05,Standard Class,CUST-00501,Consumer,East,PROD-0295,Office Supplies,Paper,9,574.13,0.1,4650.45,396.7
ORD-003896,2024-10-30,2024-11-04,Standard Class,CUST-00172,Corporate,Central,PROD-0296,Technology,Phones,3,796.39,0.0,2389.17,256.76
ORD-003897,2024-06-15,2024-06-17,First Class,CUST-00659,Home Office,East,PROD-0297,Office Supplies,Labels,4,857.89,0.5,1715.78,26.74
ORD-003898,2023-09-12,2023-09-13,Second Class,CUST-00499,Home Office,Central,PROD-0298,Furniture,Tables,3,299.33,0.0,897.99,180.72
ORD-003899,2025-11-03,2025-11-07,Standard Class,CUST-00567,Consumer,South,PROD-0299,Furniture,Bookcases,5,134.05,0.0,670.25,-33.64
ORD-003900,2023-03-30,2023-04-06,Standard Class,CUST-00671,Consumer,South,PROD-0300,Technology,Accessories,5,400.4,0.2,1601.6,-95.67
ORD-003901,2023-01-05,2023-01-11,Standard Class,CUST-00382,Consumer,East,PROD-0001,Technology,Accessories,2,503.38,0.15,855.75,315.15
ORD-003902,2024-04-09,2024-04-15,Second Class,CUST-00253,Consumer,Central,PROD-0002,Office Supplies,Paper,3,810.79,0.0,2432.37,452.69
ORD-003903,2025-06-16,2025-06-22,First Class,CUST-00883,Consumer,South,PROD-0003,Technology,Copiers,8,813.03,0.15,5528.6,59.84
ORD-003904,2025-05-29,2025-06-04,Second Class,CUST-00865,Corporate,South,PROD-0004,Furniture,Furnishings,9,63.84,0.3,402.19,27.54
ORD-003905,2026-04-24,2026-04-26,Standard Class,CUST-00003,Corporate,East,PROD-0005,Technology,Machines,10,548.33,0.2,4386.64,1128.87
ORD-003906,2024-06-04,2024-06-06,Second Class,CUST-00731,Corporate,West,PROD-0006,Technology,Copiers,2,640.44,0.1,1152.79,-12.2
ORD-003907,2024-04-27,2024-04-30,Standard Class,CUST-00279,Consumer,East,PROD-0007,Office Supplies,Storage,7,535.47,0.0,3748.29,298.28
ORD-003908,2023-01-29,2023-01-31,Standard Class,CUST-00470,Consumer,West,PROD-0008,Furniture,Furnishings,9,708.22,0.0,6373.98,-215.46
ORD-003909,2025-02-26,2025-02-27,Standard Class,CUST-00612,Corporate,South,PROD-0009,Technology,Accessories,3,413.26,0.0,1239.78,435.8
ORD-003910,2024-07-13,2024-07-20,Standard Class,CUST-00333,Home Office,South,PROD-0010,Office Supplies,Paper,3,334.15,0.15,852.08,83.87
ORD-003911,2023-02-01,2023-02-07,Standard Class,CUST-00630,Home Office,East,PROD-0011,Furniture,Bookcases,6,13.0,0.0,78.0,-7.26
ORD-003912,2023-06-16,2023-06-21,First Class,CUST-00820,Corporate,Central,PROD-0012,Furniture,Furnishings,9,753.91,0.0,6785.19,1959.87
ORD-003913,2023-09-21,2023-09-22,First Class,CUST-00544,Corporate,Central,PROD-0013,Technology,Accessories,11,161.49,0.15,1509.93,226.79
ORD-003914,2025-08-18,2025-08-23,Standard Class,CUST-00197,Consumer,West,PROD-0014,Technology,Phones,8,659.39,0.1,4747.61,183.64
ORD-003915,2024-06-08,2024-06-15,Standard Class,CUST-00487,Home Office,South,PROD-0015,Furniture,Chairs,5,424.08,0.15,1802.34,177.22
ORD-003916,2024-04-04,2024-04-06,Second Class,CUST-00680,Corporate,South,PROD-0016,Office Supplies,Art,4,260.16,0.0,1040.64,-77.3
ORD-003917,2024-04-16,2024-04-19,Same Day,CUST-00494,Consumer,East,PROD-0017,Office Supplies,Labels,4,150.8,0.0,603.2,107.92
ORD-003918,2023-12-27,2023-12-29,Standard Class,CUST-00736,Consumer,Central,PROD-0018,Office Supplies,Labels,2,678.84,0.3,950.38,205.56
ORD-003919,2026-04-07,2026-04-11,First Class,CUST-00278,Consumer,East,PROD-0019,Technology,Phones,11,197.07,0.0,2167.77,630.94
ORD-003920,2023-05-18,2023-05-23,Standard Class,CUST-00160,Corporate,Central,PROD-0020,Office Supplies,Art,5,531.66,0.1,2392.47,483.16
ORD-003921,2023-07-25,2023-07-30,Standard Class,CUST-00395,Consumer,Central,PROD-0021,Office Supplies,Art,5,862.2,0.0,4311.0,150.18
ORD-003922,2025-04-12,2025-04-16,Standard Class,CUST-00395,Corporate,South,PROD-0022,Technology,Machines,5,679.19,0.1,3056.36,-233.61
ORD-003923,2025-10-06,2025-10-11,Second Class,CUST-00655,Corporate,South,PROD-0023,Office Supplies,Binders,3,88.76,0.0,266.28,60.72
ORD-003924,2024-12-29,2025-01-05,Standard Class,CUST-00164,Corporate,South,PROD-0024,Office Supplies,Art,8,73.07,0.0,584.56,-7.81
ORD-003925,2024-03-16,2024-03-21,Standard Class,CUST-00130,Home Office,East,PROD-0025,Technology,Machines,8,471.55,0.0,3772.4,904.67
ORD-003926,2025-11-14,2025-11-18,Standard Class,CUST-00081,Home Office,South,PROD-0026,Technology,Phones,10,127.94,0.1,1151.46,-8.46
ORD-003927,2023-06-13,2023-06-20,First Class,CUST-00825,Consumer,West,PROD-0027,Technology,Machines,5,616.96,0.2,2467.84,356.88
ORD-003928,2023-05-09,2023-05-14,Standard Class,CUST-00567,Corporate,East,PROD-0028,Technology,Machines,4,93.04,0.1,334.94,-9.57
ORD-003929,2025-01-17,2025-01-21,Standard Class,CUST-00620,Corporate,West,PROD-0029,Office Supplies,Storage,8,560.06,0.0,4480.48,-268.24
ORD-003930,2025-07-19,2025-07-20,Second Class,CUST-00024,Home Office,West,PROD-0030,Furniture,Tables,9,132.08,0.0,1188.72,460.08
ORD-003931,2023-01-10,2023-01-17,Standard Class,CUST-00475,Corporate,Central,PROD-0031,Office Supplies,Storage,5,862.25,0.0,4311.25,202.14
ORD-003932,2024-02-29,2024-03-01,Standard Class,CUST-00727,Consumer,South,PROD-0032,Technology,Accessories,3,678.9,0.15,1731.19,183.0
ORD-003933,2024-04-19,2024-04-25,First Class,CUST-00681,Home Office,Central,PROD-0033,Office Supplies,Labels,8,619.39,0.1,4459.61,234.51
ORD-003934,2023-06-24,2023-06-30,Standard Class,CUST-00689,Consumer,East,PROD-0034,Furniture,Tables,10,824.93,0.0,8249.3,250.0
ORD-003935,2023-06-06,2023-06-10,Standard Class,CUST-00048,Corporate,West,PROD-0035,Technology,Copiers,9,398.45,0.0,3586.05,1141.53
ORD-003936,2026-06-22,2026-06-29,Standard Class,CUST-00372,Corporate,East,PROD-0036,Technology,Accessories,11,455.86,0.3,3510.12,-81.32
ORD-003937,2025-01-22,2025-01-29,Standard Class,CUST-00350,Consumer,South,PROD-0037,Office Supplies,Art,7,485.6,0.1,3059.28,855.28
ORD-003938,2024-12-10,2024-12-12,Standard Class,CUST-00723,Corporate,East,PROD-0038,Technology,Copiers,9,399.05,0.3,2514.01,715.32
ORD-003939,2023-04-29,2023-05-02,Standard Class,CUST-00311,Corporate,Central,PROD-0039,Office Supplies,Paper,3,392.67,0.0,1178.01,284.53
ORD-003940,2024-01-23,2024-01-26,Second Class,CUST-00664,Consumer,Central,PROD-0040,Technology,Copiers,1,513.48,0.0,513.48,7.15
ORD-003941,2025-11-08,2025-11-13,Standard Class,CUST-00424,Corporate,South,PROD-0041,Technology,Machines,11,897.6,0.1,8886.24,943.08
ORD-003942,2025-02-05,2025-02-09,First Class,CUST-00376,Corporate,East,PROD-0042,Furniture,Furnishings,11,380.59,0.0,4186.49,1481.8
ORD-003943,2023-01-17,2023-01-18,Second Class,CUST-00628,Corporate,West,PROD-0043,Technology,Machines,6,493.84,0.0,2963.04,745.44
ORD-003944,2025-01-22,2025-01-26,Standard Class,CUST-00141,Consumer,Central,PROD-0044,Technology,Accessories,10,420.29,0.0,4202.9,1088.9
ORD-003945,2025-04-29,2025-05-03,Second Class,CUST-00647,Consumer,South,PROD-0045,Technology,Phones,2,486.72,0.1,876.1,105.62
ORD-003946,2025-08-22,2025-08-27,First Class,CUST-00344,Consumer,Central,PROD-0046,Technology,Copiers,9,144.03,0.0,1296.27,501.97
ORD-003947,2024-07-29,2024-07-30,Standard Class,CUST-00628,Consumer,Central,PROD-0047,Office Supplies,Paper,3,266.94,0.0,800.82,286.84
ORD-003948,2024-07-26,2024-08-02,Standard Class,CUST-00606,Consumer,West,PROD-0048,Office Supplies,Art,8,495.41,0.1,3566.95,285.68
ORD-003949,2025-06-18,2025-06-20,Standard Class,CUST-00292,Corporate,West,PROD-0049,Technology,Copiers,2,892.79,0.1,1607.02,323.13
ORD-003950,2023-06-28,2023-07-01,First Class,CUST-00782,Consumer,South,PROD-0050,Office Supplies,Storage,11,850.68,0.2,7485.98,-342.76
ORD-003951,2024-12-22,2024-12-27,Standard Class,CUST-00310,Consumer,Central,PROD-0051,Office Supplies,Binders,8,265.82,0.0,2126.56,538.61
ORD-003952,2025-03-28,2025-03-29,Standard Class,CUST-00291,Consumer,East,PROD-0052,Technology,Phones,2,297.88,0.1,536.18,79.4
ORD-003953,2025-03-19,2025-03-25,Standard Class,CUST-00771,Corporate,East,PROD-0053,Office Supplies,Art,6,793.51,0.0,4761.06,8.14
ORD-003954,2025-03-18,2025-03-23,Standard Class,CUST-00697,Consumer,Central,PROD-0054,Furniture,Furnishings,3,650.0,0.3,1365.0,218.19
ORD-003955,2024-08-18,2024-08-24,Standard Class,CUST-00154,Corporate,East,PROD-0055,Technology,Machines,1,417.96,0.0,417.96,-15.24
ORD-003956,2023-10-27,2023-10-31,Standard Class,CUST-00719,Corporate,East,PROD-0056,Office Supplies,Art,10,613.08,0.0,6130.8,-579.04
ORD-003957,2025-03-29,2025-04-05,Second Class,CUST-00635,Consumer,East,PROD-0057,Office Supplies,Paper,9,747.51,0.0,6727.59,2087.24
ORD-003958,2023-09-11,2023-09-14,Standard Class,CUST-00097,Consumer,South,PROD-0058,Furniture,Tables,8,397.11,0.0,3176.88,648.93
ORD-003959,2023-11-03,2023-11-10,Standard Class,CUST-00881,Home Office,Central,PROD-0059,Office Supplies,Labels,11,89.96,0.0,989.56,29.93
ORD-003960,2025-08-16,2025-08-22,Same Day,CUST-00097,Home Office,South,PROD-0060,Furniture,Tables,6,767.01,0.15,3911.75,1373.23
ORD-003961,2023-12-03,2023-12-05,Standard Class,CUST-00592,Consumer,Central,PROD-0061,Technology,Phones,4,59.75,0.0,239.0,87.28
ORD-003962,2026-03-25,2026-03-27,Standard Class,CUST-00327,Consumer,West,PROD-0062,Technology,Copiers,6,897.47,0.2,4307.86,236.99
ORD-003963,2024-01-13,2024-01-20,Second Class,CUST-00863,Consumer,South,PROD-0063,Office Supplies,Paper,7,604.09,0.2,3382.9,470.65
ORD-003964,2025-05-13,2025-05-19,Standard Class,CUST-00544,Consumer,South,PROD-0064,Technology,Phones,3,526.99,0.0,1580.97,598.12
ORD-003965,2026-06-15,2026-06-20,Standard Class,CUST-00051,Home Office,East,PROD-0065,Office Supplies,Binders,11,9.98,0.1,98.8,14.29
ORD-003966,2025-03-18,2025-03-23,Standard Class,CUST-00773,Consumer,West,PROD-0066,Office Supplies,Binders,8,606.71,0.0,4853.68,1447.09
ORD-003967,2024-03-15,2024-03-16,Standard Class,CUST-00171,Consumer,West,PROD-0067,Office Supplies,Labels,10,493.97,0.0,4939.7,1378.56
ORD-003968,2026-06-23,2026-06-28,First Class,CUST-00150,Corporate,West,PROD-0068,Furniture,Chairs,9,761.06,0.0,6849.54,-490.68
ORD-003969,2025-10-16,2025-10-21,Second Class,CUST-00020,Consumer,Central,PROD-0069,Office Supplies,Art,8,789.56,0.1,5684.83,356.56
ORD-003970,2024-12-19,2024-12-26,Standard Class,CUST-00019,Corporate,Central,PROD-0070,Technology,Accessories,4,513.14,0.3,1436.79,287.44
ORD-003971,2025-08-28,2025-09-01,Standard Class,CUST-00774,Consumer,West,PROD-0071,Furniture,Furnishings,6,851.1,0.1,4595.94,-60.1
ORD-003972,2024-02-17,2024-02-23,Standard Class,CUST-00423,Home Office,East,PROD-0072,Technology,Phones,4,827.37,0.0,3309.48,915.12
ORD-003973,2023-12-05,2023-12-08,Second Class,CUST-00718,Home Office,East,PROD-0073,Technology,Machines,8,600.73,0.3,3364.09,533.0
ORD-003974,2024-09-14,2024-09-21,Standard Class,CUST-00104,Home Office,Central,PROD-0074,Office Supplies,Labels,3,353.18,0.0,1059.54,351.26
ORD-003975,2026-01-26,2026-02-02,Standard Class,CUST-00393,Corporate,East,PROD-0075,Office Supplies,Paper,6,95.37,0.0,572.22,117.79
ORD-003976,2026-03-02,2026-03-08,First Class,CUST-00069,Consumer,South,PROD-0076,Technology,Phones,5,839.38,0.0,4196.9,848.51
ORD-003977,2025-10-11,2025-10-17,Standard Class,CUST-00382,Consumer,South,PROD-0077,Technology,Phones,10,832.01,0.0,8320.1,874.23
ORD-003978,2023-02-04,2023-02-06,Standard Class,CUST-00733,Corporate,South,PROD-0078,Furniture,Chairs,6,523.51,0.1,2826.95,1023.84
ORD-003979,2025-09-10,2025-09-16,Same Day,CUST-00048,Corporate,Central,PROD-0079,Office Supplies,Paper,7,309.09,0.0,2163.63,571.67
ORD-003980,2023-02-14,2023-02-17,Standard Class,CUST-00746,Corporate,South,PROD-0080,Technology,Machines,11,532.21,0.0,5854.31,1847.01
ORD-003981,2026-06-10,2026-06-12,Standard Class,CUST-00167,Consumer,Central,PROD-0081,Technology,Copiers,8,188.27,0.2,1204.93,208.54
ORD-003982,2023-06-02,2023-06-04,Standard Class,CUST-00581,Consumer,South,PROD-0082,Office Supplies,Storage,4,365.71,0.1,1316.56,134.39
ORD-003983,2024-02-11,2024-02-15,First Class,CUST-00853,Home Office,East,PROD-0083,Technology,Machines,1,869.1,0.2,695.28,272.9
ORD-003984,2025-07-23,2025-07-27,Standard Class,CUST-00462,Corporate,South,PROD-0084,Technology,Machines,10,28.63,0.0,286.3,110.5
ORD-003985,2025-07-22,2025-07-25,Standard Class,CUST-00532,Consumer,West,PROD-0085,Office Supplies,Storage,4,347.0,0.0,1388.0,370.7
ORD-003986,2024-12-31,2025-01-01,Second Class,CUST-00438,Home Office,Central,PROD-0086,Office Supplies,Binders,5,418.63,0.15,1779.18,-158.21
ORD-003987,2025-10-12,2025-10-14,Standard Class,CUST-00630,Corporate,Central,PROD-0087,Technology,Copiers,3,434.48,0.1,1173.1,-63.26
ORD-003988,2025-04-07,2025-04-08,Standard Class,CUST-00330,Consumer,South,PROD-0088,Technology,Copiers,7,549.07,0.1,3459.14,519.21
ORD-003989,2023-09-18,2023-09-25,Standard Class,CUST-00477,Home Office,West,PROD-0089,Office Supplies,Binders,1,348.55,0.1,313.69,25.12
ORD-003990,2023-02-21,2023-02-23,First Class,CUST-00628,Corporate,South,PROD-0090,Furniture,Bookcases,3,170.97,0.0,512.91,41.29
ORD-003991,2024-10-04,2024-10-10,Standard Class,CUST-00839,Consumer,East,PROD-0091,Furniture,Tables,11,266.51,0.0,2931.61,310.7
ORD-003992,2024-03-11,2024-03-17,Standard Class,CUST-00811,Consumer,West,PROD-0092,Technology,Accessories,3,77.13,0.2,185.11,-7.35
ORD-003993,2024-07-10,2024-07-16,Second Class,CUST-00007,Consumer,South,PROD-0093,Office Supplies,Labels,6,855.47,0.0,5132.82,1080.92
ORD-003994,2024-08-11,2024-08-15,First Class,CUST-00501,Corporate,Central,PROD-0094,Office Supplies,Labels,1,265.15,0.3,185.6,71.05
ORD-003995,2023-08-04,2023-08-07,Second Class,CUST-00617,Consumer,South,PROD-0095,Technology,Machines,1,70.17,0.15,59.64,14.65
ORD-003996,2023-08-21,2023-08-22,Standard Class,CUST-00785,Home Office,West,PROD-0096,Office Supplies,Art,5,644.23,0.1,2899.04,560.74
ORD-003997,2025-09-01,2025-09-04,Second Class,CUST-00250,Consumer,Central,PROD-0097,Furniture,Chairs,1,225.44,0.0,225.44,61.64
ORD-003998,2024-06-22,2024-06-24,Standard Class,CUST-00303,Corporate,Central,PROD-0098,Furniture,Chairs,4,551.75,0.0,2207.0,514.98
ORD-003999,2025-01-14,2025-01-17,Standard Class,CUST-00883,Consumer,East,PROD-0099,Technology,Phones,4,256.57,0.0,1026.28,284.61
ORD-004000,2025-12-02,2025-12-06,Second Class,CUST-00262,Consumer,South,PROD-0100,Technology,Machines,5,413.9,0.0,2069.5,814.81
ORD-004001,2023-11-03,2023-11-10,Second Class,CUST-00638,Consumer,Central,PROD-0101,Technology,Copiers,9,435.01,0.0,3915.09,1136.45
ORD-004002,2025-01-19,2025-01-24,Second Class,CUST-00252,Corporate,South,PROD-0102,Technology,Copiers,8,545.71,0.15,3710.83,960.68
ORD-004003,2024-05-26,2024-05-31,Standard Class,CUST-00215,Consumer,West,PROD-0103,Technology,Machines,4,267.6,0.3,749.28,222.78
ORD-004004,2025-10-20,2025-10-21,Standard Class,CUST-00024,Corporate,East,PROD-0104,Office Supplies,Storage,1,612.3,0.0,612.3,8.22
ORD-004005,2025-03-29,2025-04-04,Standard Class,CUST-00642,Home Office,East,PROD-0105,Technology,Machines,11,636.66,0.0,7003.26,2023.62
ORD-004006,2023-01-23,2023-01-27,Second Class,CUST-00377,Consumer,West,PROD-0106,Furniture,Chairs,9,369.23,0.0,3323.07,302.44
ORD-004007,2025-12-28,2025-12-29,Standard Class,CUST-00307,Consumer,Central,PROD-0107,Office Supplies,Labels,2,442.24,0.1,796.03,183.5
ORD-004008,2025-02-14,2025-02-19,Standard Class,CUST-00393,Corporate,East,PROD-0108,Office Supplies,Art,6,325.23,0.1,1756.24,-160.78
ORD-004009,2025-03-23,2025-03-29,Same Day,CUST-00149,Home Office,West,PROD-0109,Technology,Phones,6,95.28,0.0,571.68,162.3
ORD-004010,2024-11-25,2024-12-02,Standard Class,CUST-00009,Consumer,West,PROD-0110,Technology,Copiers,7,435.08,0.0,3045.56,218.59
ORD-004011,2023-11-19,2023-11-23,Standard Class,CUST-00143,Consumer,South,PROD-0111,Office Supplies,Binders,7,758.81,0.2,4249.34,1530.89
ORD-004012,2023-07-12,2023-07-19,Standard Class,CUST-00678,Corporate,West,PROD-0112,Office Supplies,Binders,6,347.14,0.0,2082.84,159.42
ORD-004013,2025-10-14,2025-10-18,Standard Class,CUST-00685,Consumer,South,PROD-0113,Office Supplies,Binders,4,655.35,0.0,2621.4,39.22
ORD-004014,2025-07-07,2025-07-14,Standard Class,CUST-00347,Consumer,East,PROD-0114,Office Supplies,Labels,9,638.47,0.0,5746.23,1190.33
ORD-004015,2023-07-02,2023-07-06,Standard Class,CUST-00548,Corporate,Central,PROD-0115,Office Supplies,Labels,11,635.14,0.15,5938.56,1689.91
ORD-004016,2024-11-12,2024-11-13,Second Class,CUST-00184,Corporate,South,PROD-0116,Office Supplies,Binders,11,186.47,0.1,1846.05,-32.96
ORD-004017,2025-12-19,2025-12-23,Standard Class,CUST-00529,Corporate,South,PROD-0117,Furniture,Tables,9,530.57,0.0,4775.13,564.15
ORD-004018,2023-08-05,2023-08-06,Standard Class,CUST-00207,Home Office,East,PROD-0118,Office Supplies,Paper,7,718.78,0.1,4528.31,1272.9
ORD-004019,2023-08-14,2023-08-20,Standard Class,CUST-00823,Home Office,West,PROD-0119,Office Supplies,Paper,4,616.86,0.0,2467.44,900.12
ORD-004020,2024-06-22,2024-06-29,Standard Class,CUST-00650,Consumer,West,PROD-0120,Office Supplies,Labels,8,105.25,0.15,715.7,-19.88
ORD-004021,2023-12-23,2023-12-25,Standard Class,CUST-00088,Consumer,Central,PROD-0121,Office Supplies,Labels,11,360.69,0.0,3967.59,1377.55
ORD-004022,2025-01-29,2025-01-31,Standard Class,CUST-00101,Consumer,East,PROD-0122,Office Supplies,Paper,8,284.1,0.3,1590.96,474.8
ORD-004023,2023-05-28,2023-06-02,Second Class,CUST-00881,Home Office,Central,PROD-0123,Technology,Phones,3,853.3,0.0,2559.9,326.25
ORD-004024,2025-10-13,2025-10-18,Standard Class,CUST-00481,Home Office,South,PROD-0124,Office Supplies,Labels,6,21.48,0.1,115.99,23.47
ORD-004025,2023-07-14,2023-07-16,Second Class,CUST-00595,Corporate,South,PROD-0125,Office Supplies,Paper,8,49.66,0.0,397.28,-10.49
ORD-004026,2025-09-02,2025-09-06,First Class,CUST-00296,Home Office,Central,PROD-0126,Office Supplies,Paper,3,759.99,0.3,1595.98,-111.57
ORD-004027,2024-10-13,2024-10-16,Standard Class,CUST-00395,Corporate,West,PROD-0127,Technology,Phones,10,314.43,0.5,1572.15,457.32
ORD-004028,2026-05-11,2026-05-12,Second Class,CUST-00132,Corporate,South,PROD-0128,Office Supplies,Binders,9,6.16,0.0,55.44,-4.57
ORD-004029,2023-12-02,2023-12-04,Standard Class,CUST-00045,Corporate,West,PROD-0129,Office Supplies,Storage,5,261.46,0.0,1307.3,152.96
ORD-004030,2023-10-19,2023-10-23,Standard Class,CUST-00237,Consumer,West,PROD-0130,Office Supplies,Art,11,745.7,0.0,8202.7,2623.14
ORD-004031,2024-01-17,2024-01-24,First Class,CUST-00439,Consumer,West,PROD-0131,Office Supplies,Binders,2,411.76,0.15,699.99,266.46
ORD-004032,2026-04-05,2026-04-10,Standard Class,CUST-00370,Consumer,East,PROD-0132,Office Supplies,Art,8,25.77,0.15,175.24,4.54
ORD-004033,2024-10-19,2024-10-20,Standard Class,CUST-00122,Home Office,West,PROD-0133,Furniture,Chairs,7,29.1,0.0,203.7,51.36
ORD-004034,2024-02-12,2024-02-14,First Class,CUST-00436,Home Office,West,PROD-0134,Technology,Copiers,5,804.82,0.0,4024.1,360.73
ORD-004035,2025-12-17,2025-12-22,First Class,CUST-00863,Consumer,West,PROD-0135,Office Supplies,Labels,9,454.81,0.0,4093.29,1073.73
ORD-004036,2023-04-29,2023-05-01,Standard Class,CUST-00094,Corporate,East,PROD-0136,Furniture,Tables,8,554.22,0.0,4433.76,1002.12
ORD-004037,2025-12-23,2025-12-30,Second Class,CUST-00597,Corporate,Central,PROD-0137,Office Supplies,Storage,6,221.69,0.0,1330.14,483.87
ORD-004038,2023-09-30,2023-10-02,Standard Class,CUST-00865,Corporate,East,PROD-0138,Technology,Phones,10,661.98,0.0,6619.8,305.62
ORD-004039,2023-02-25,2023-03-04,Standard Class,CUST-00466,Corporate,South,PROD-0139,Furniture,Tables,6,699.39,0.0,4196.34,588.19
ORD-004040,2025-02-27,2025-03-02,Standard Class,CUST-00081,Consumer,South,PROD-0140,Furniture,Furnishings,8,821.13,0.15,5583.68,75.38
ORD-004041,2025-05-27,2025-05-30,Same Day,CUST-00326,Consumer,South,PROD-0141,Furniture,Furnishings,1,173.33,0.15,147.33,-0.48
ORD-004042,2025-03-30,2025-04-02,Standard Class,CUST-00593,Corporate,West,PROD-0142,Furniture,Chairs,10,174.39,0.1,1569.51,-64.06
ORD-004043,2023-09-18,2023-09-23,Second Class,CUST-00228,Consumer,East,PROD-0143,Office Supplies,Binders,11,632.76,0.1,6264.32,1745.9
ORD-004044,2026-06-13,2026-06-17,Standard Class,CUST-00368,Corporate,East,PROD-0144,Furniture,Chairs,1,452.44,0.0,452.44,153.43
ORD-004045,2023-01-21,2023-01-23,First Class,CUST-00866,Consumer,South,PROD-0145,Furniture,Chairs,3,381.6,0.0,1144.8,10.25
ORD-004046,2025-03-11,2025-03-13,Same Day,CUST-00883,Consumer,Central,PROD-0146,Technology,Machines,11,695.13,0.0,7646.43,2223.76
ORD-004047,2025-11-30,2025-12-04,Standard Class,CUST-00339,Consumer,West,PROD-0147,Technology,Machines,4,67.02,0.0,268.08,39.73
ORD-004048,2025-04-20,2025-04-23,Standard Class,CUST-00087,Corporate,Central,PROD-0148,Office Supplies,Labels,11,156.2,0.0,1718.2,226.05
ORD-004049,2025-05-27,2025-05-28,Second Class,CUST-00789,Home Office,South,PROD-0149,Office Supplies,Binders,10,787.84,0.0,7878.4,649.05
ORD-004050,2025-12-15,2025-12-21,Standard Class,CUST-00308,Corporate,South,PROD-0150,Office Supplies,Paper,6,235.23,0.15,1199.67,277.88
ORD-004051,2024-07-21,2024-07-26,First Class,CUST-00082,Corporate,Central,PROD-0151,Office Supplies,Paper,1,635.59,0.0,635.59,141.28
ORD-004052,2026-06-17,2026-06-24,Standard Class,CUST-00594,Consumer,West,PROD-0152,Office Supplies,Paper,9,142.21,0.0,1279.89,167.87
ORD-004053,2024-12-19,2024-12-24,Standard Class,CUST-00441,Consumer,South,PROD-0153,Furniture,Bookcases,6,696.25,0.0,4177.5,-237.48
ORD-004054,2024-10-21,2024-10-25,Same Day,CUST-00890,Corporate,South,PROD-0154,Technology,Accessories,7,372.89,0.0,2610.23,862.19
ORD-004055,2025-06-13,2025-06-20,Standard Class,CUST-00340,Corporate,South,PROD-0155,Furniture,Furnishings,9,292.84,0.1,2372.0,215.79
ORD-004056,2024-07-08,2024-07-11,Standard Class,CUST-00393,Corporate,West,PROD-0156,Technology,Phones,3,788.53,0.2,1892.47,416.37
ORD-004057,2023-11-25,2023-11-27,Standard Class,CUST-00699,Consumer,South,PROD-0157,Furniture,Bookcases,8,24.67,0.2,157.89,6.88
ORD-004058,2024-05-22,2024-05-29,Second Class,CUST-00395,Consumer,West,PROD-0158,Office Supplies,Art,1,769.43,0.1,692.49,166.48
ORD-004059,2024-07-03,2024-07-09,Second Class,CUST-00115,Consumer,East,PROD-0159,Office Supplies,Art,9,454.59,0.0,4091.31,-324.68
ORD-004060,2023-04-23,2023-04-29,First Class,CUST-00126,Consumer,West,PROD-0160,Furniture,Bookcases,3,187.42,0.15,477.92,30.19
ORD-004061,2023-10-19,2023-10-22,Standard Class,CUST-00218,Consumer,Central,PROD-0161,Technology,Accessories,6,461.4,0.3,1937.88,77.11
ORD-004062,2026-01-12,2026-01-19,Standard Class,CUST-00473,Home Office,South,PROD-0162,Technology,Phones,11,781.32,0.0,8594.52,3319.8
ORD-004063,2025-11-29,2025-12-03,Standard Class,CUST-00731,Home Office,West,PROD-0163,Office Supplies,Binders,2,101.08,0.0,202.16,53.77
ORD-004064,2025-06-18,2025-06-20,Standard Class,CUST-00355,Consumer,West,PROD-0164,Office Supplies,Binders,6,15.02,0.1,81.11,23.06
ORD-004065,2023-06-26,2023-06-27,Standard Class,CUST-00531,Consumer,South,PROD-0165,Technology,Phones,4,874.88,0.1,3149.57,-4.25
ORD-004066,2026-06-15,2026-06-16,Standard Class,CUST-00624,Consumer,East,PROD-0166,Office Supplies,Art,3,700.09,0.0,2100.27,479.29
ORD-004067,2024-04-04,2024-04-05,Second Class,CUST-00403,Home Office,Central,PROD-0167,Furniture,Chairs,3,710.06,0.1,1917.16,402.68
ORD-004068,2024-01-09,2024-01-12,First Class,CUST-00437,Consumer,East,PROD-0168,Office Supplies,Paper,6,580.33,0.0,3481.98,70.25
ORD-004069,2023-11-23,2023-11-25,Standard Class,CUST-00273,Consumer,Central,PROD-0169,Office Supplies,Paper,6,802.23,0.2,3850.7,511.97
ORD-004070,2023-12-07,2023-12-14,Standard Class,CUST-00203,Consumer,Central,PROD-0170,Furniture,Tables,1,702.22,0.1,632.0,106.98
ORD-004071,2025-06-10,2025-06-17,Standard Class,CUST-00789,Home Office,South,PROD-0171,Office Supplies,Labels,11,677.62,0.0,7453.82,1166.13
ORD-004072,2024-01-01,2024-01-02,Standard Class,CUST-00730,Home Office,West,PROD-0172,Office Supplies,Storage,9,421.46,0.2,3034.51,-198.86
ORD-004073,2023-10-28,2023-11-03,Standard Class,CUST-00682,Corporate,East,PROD-0173,Office Supplies,Paper,7,800.99,0.0,5606.93,1093.76
ORD-004074,2024-03-01,2024-03-02,Standard Class,CUST-00725,Corporate,East,PROD-0174,Office Supplies,Binders,6,862.45,0.5,2587.35,-49.93
ORD-004075,2026-03-30,2026-04-03,Second Class,CUST-00158,Corporate,Central,PROD-0175,Office Supplies,Art,9,50.09,0.0,450.81,-35.55
ORD-004076,2025-12-11,2025-12-14,Second Class,CUST-00230,Home Office,Central,PROD-0176,Furniture,Tables,8,455.9,0.2,2917.76,497.71
ORD-004077,2026-02-07,2026-02-14,Standard Class,CUST-00394,Home Office,East,PROD-0177,Technology,Machines,9,778.37,0.0,7005.33,-89.56
ORD-004078,2024-02-25,2024-02-27,Standard Class,CUST-00432,Consumer,West,PROD-0178,Office Supplies,Paper,3,870.82,0.0,2612.46,731.1
ORD-004079,2024-01-16,2024-01-18,Standard Class,CUST-00115,Corporate,South,PROD-0179,Furniture,Bookcases,10,848.89,0.0,8488.9,1087.2
ORD-004080,2023-01-30,2023-02-04,First Class,CUST-00654,Consumer,South,PROD-0180,Office Supplies,Binders,6,746.45,0.0,4478.7,975.09
ORD-004081,2024-03-06,2024-03-09,Standard Class,CUST-00670,Consumer,Central,PROD-0181,Technology,Accessories,7,827.9,0.0,5795.3,1414.44
ORD-004082,2025-04-14,2025-04-15,Standard Class,CUST-00535,Consumer,East,PROD-0182,Office Supplies,Binders,7,117.23,0.1,738.55,217.04
ORD-004083,2023-07-23,2023-07-26,Second Class,CUST-00017,Home Office,East,PROD-0183,Furniture,Furnishings,9,87.35,0.3,550.3,36.76
ORD-004084,2023-09-24,2023-09-25,Second Class,CUST-00608,Consumer,West,PROD-0184,Office Supplies,Storage,11,352.59,0.1,3490.64,881.01
ORD-004085,2025-05-02,2025-05-05,Second Class,CUST-00619,Consumer,East,PROD-0185,Office Supplies,Storage,2,42.23,0.2,67.57,9.72
ORD-004086,2024-08-10,2024-08-11,Standard Class,CUST-00223,Corporate,West,PROD-0186,Office Supplies,Labels,10,813.1,0.3,5691.7,448.68
ORD-004087,2025-10-22,2025-10-25,First Class,CUST-00407,Corporate,East,PROD-0187,Office Supplies,Paper,3,13.35,0.3,28.03,7.57
ORD-004088,2023-09-09,2023-09-13,First Class,CUST-00113,Consumer,Central,PROD-0188,Office Supplies,Storage,5,288.09,0.5,720.22,35.42
ORD-004089,2025-11-07,2025-11-11,First Class,CUST-00233,Home Office,South,PROD-0189,Technology,Copiers,9,684.96,0.0,6164.64,1904.36
ORD-004090,2023-03-12,2023-03-19,First Class,CUST-00541,Consumer,West,PROD-0190,Furniture,Tables,3,868.11,0.1,2343.9,66.29
ORD-004091,2025-06-24,2025-06-28,Standard Class,CUST-00175,Home Office,Central,PROD-0191,Furniture,Tables,4,616.76,0.1,2220.34,-27.45
ORD-004092,2024-03-28,2024-04-02,Standard Class,CUST-00051,Corporate,West,PROD-0192,Office Supplies,Labels,2,218.74,0.0,437.48,-26.84
ORD-004093,2023-02-05,2023-02-10,First Class,CUST-00666,Consumer,West,PROD-0193,Office Supplies,Paper,9,612.75,0.0,5514.75,1944.66
ORD-004094,2026-06-23,2026-06-29,Second Class,CUST-00181,Home Office,East,PROD-0194,Office Supplies,Storage,11,377.83,0.15,3532.71,654.68
ORD-004095,2025-08-07,2025-08-14,Same Day,CUST-00861,Home Office,West,PROD-0195,Furniture,Bookcases,3,466.16,0.15,1188.71,312.53
ORD-004096,2024-09-10,2024-09-13,Standard Class,CUST-00864,Corporate,South,PROD-0196,Office Supplies,Binders,8,303.28,0.1,2183.62,526.29
ORD-004097,2024-06-12,2024-06-19,Standard Class,CUST-00551,Consumer,South,PROD-0197,Office Supplies,Labels,2,77.69,0.1,139.84,35.42
ORD-004098,2025-04-26,2025-04-28,Standard Class,CUST-00616,Corporate,West,PROD-0198,Office Supplies,Storage,11,556.25,0.0,6118.75,18.54
ORD-004099,2023-09-18,2023-09-24,First Class,CUST-00221,Home Office,East,PROD-0199,Furniture,Tables,10,284.38,0.2,2275.04,667.31
ORD-004100,2023-04-27,2023-05-03,Standard Class,CUST-00713,Home Office,West,PROD-0200,Office Supplies,Storage,10,239.94,0.1,2159.46,650.67
ORD-004101,2023-10-24,2023-10-27,Standard Class,CUST-00858,Consumer,South,PROD-0201,Furniture,Furnishings,10,699.7,0.15,5947.45,238.18
ORD-004102,2025-11-25,2025-12-02,Standard Class,CUST-00023,Consumer,East,PROD-0202,Office Supplies,Binders,10,614.13,0.1,5527.17,1144.09
ORD-004103,2026-06-14,2026-06-18,Standard Class,CUST-00310,Consumer,West,PROD-0203,Technology,Accessories,7,356.1,0.0,2492.7,535.15
ORD-004104,2025-07-11,2025-07-12,Standard Class,CUST-00035,Consumer,Central,PROD-0204,Office Supplies,Labels,6,406.78,0.0,2440.68,-236.49
ORD-004105,2024-06-02,2024-06-08,Second Class,CUST-00137,Corporate,West,PROD-0205,Furniture,Tables,7,562.54,0.0,3937.78,-225.53
ORD-004106,2023-07-02,2023-07-05,Same Day,CUST-00604,Home Office,South,PROD-0206,Office Supplies,Storage,8,87.29,0.0,698.32,211.98
ORD-004107,2024-11-15,2024-11-20,Standard Class,CUST-00406,Consumer,East,PROD-0207,Furniture,Furnishings,3,873.66,0.15,2227.83,462.9
ORD-004108,2024-12-08,2024-12-13,Standard Class,CUST-00531,Consumer,Central,PROD-0208,Technology,Copiers,1,886.69,0.15,753.69,95.76
ORD-004109,2025-11-19,2025-11-20,Second Class,CUST-00255,Home Office,West,PROD-0209,Office Supplies,Storage,6,498.3,0.2,2391.84,412.59
ORD-004110,2025-05-25,2025-05-31,Standard Class,CUST-00642,Consumer,Central,PROD-0210,Technology,Accessories,6,79.77,0.0,478.62,56.65
ORD-004111,2025-10-23,2025-10-28,Standard Class,CUST-00114,Consumer,Central,PROD-0211,Technology,Phones,3,421.82,0.1,1138.91,404.33
ORD-004112,2024-07-26,2024-07-27,Standard Class,CUST-00017,Corporate,Central,PROD-0212,Furniture,Furnishings,9,551.44,0.1,4466.66,1002.72
ORD-004113,2024-06-27,2024-07-03,Standard Class,CUST-00384,Home Office,Central,PROD-0213,Furniture,Bookcases,9,334.59,0.2,2409.05,366.41
ORD-004114,2025-11-20,2025-11-22,Standard Class,CUST-00117,Consumer,Central,PROD-0214,Office Supplies,Storage,5,664.22,0.15,2822.94,934.0
ORD-004115,2024-11-30,2024-12-03,Standard Class,CUST-00443,Home Office,Central,PROD-0215,Office Supplies,Paper,5,693.09,0.15,2945.63,909.47
ORD-004116,2024-12-29,2024-12-30,Standard Class,CUST-00531,Consumer,West,PROD-0216,Technology,Phones,6,725.67,0.15,3700.92,179.32
ORD-004117,2025-01-21,2025-01-22,First Class,CUST-00328,Consumer,West,PROD-0217,Office Supplies,Labels,8,639.54,0.0,5116.32,-227.48
ORD-004118,2024-05-12,2024-05-19,Standard Class,CUST-00257,Consumer,East,PROD-0218,Office Supplies,Paper,11,585.29,0.0,6438.19,582.02
ORD-004119,2025-01-28,2025-01-31,Second Class,CUST-00501,Home Office,Central,PROD-0219,Furniture,Furnishings,10,568.67,0.15,4833.69,1552.35
ORD-004120,2024-06-14,2024-06-16,First Class,CUST-00777,Consumer,West,PROD-0220,Office Supplies,Storage,10,868.99,0.0,8689.9,210.19
ORD-004121,2023-12-15,2023-12-20,Standard Class,CUST-00555,Consumer,South,PROD-0221,Office Supplies,Storage,7,275.24,0.0,1926.68,-104.94
ORD-004122,2023-07-16,2023-07-23,Standard Class,CUST-00025,Home Office,Central,PROD-0222,Office Supplies,Storage,2,659.47,0.0,1318.94,128.22
ORD-004123,2025-04-03,2025-04-07,First Class,CUST-00197,Home Office,East,PROD-0223,Furniture,Furnishings,10,460.7,0.1,4146.3,-394.83
ORD-004124,2024-03-12,2024-03-16,Second Class,CUST-00873,Home Office,East,PROD-0224,Office Supplies,Paper,1,722.56,0.1,650.3,133.96
ORD-004125,2024-03-16,2024-03-17,Standard Class,CUST-00814,Consumer,West,PROD-0225,Office Supplies,Binders,4,810.96,0.1,2919.46,253.27
ORD-004126,2026-06-12,2026-06-13,Standard Class,CUST-00381,Home Office,East,PROD-0226,Office Supplies,Storage,8,809.0,0.0,6472.0,1889.4
ORD-004127,2024-03-23,2024-03-24,Standard Class,CUST-00663,Home Office,East,PROD-0227,Office Supplies,Paper,3,660.09,0.0,1980.27,383.49
ORD-004128,2023-09-28,2023-09-29,Standard Class,CUST-00050,Corporate,South,PROD-0228,Office Supplies,Labels,4,624.13,0.0,2496.52,865.92
ORD-004129,2025-01-29,2025-01-31,Standard Class,CUST-00841,Corporate,East,PROD-0229,Technology,Copiers,10,175.17,0.0,1751.7,223.97
ORD-004130,2023-02-14,2023-02-20,Same Day,CUST-00397,Consumer,Central,PROD-0230,Office Supplies,Paper,3,281.71,0.0,845.13,245.85
ORD-004131,2023-04-17,2023-04-24,Standard Class,CUST-00882,Consumer,West,PROD-0231,Office Supplies,Storage,11,242.61,0.3,1868.1,698.01
ORD-004132,2024-09-23,2024-09-24,Standard Class,CUST-00742,Consumer,South,PROD-0232,Technology,Machines,3,231.11,0.0,693.33,-47.52
ORD-004133,2026-01-31,2026-02-07,Second Class,CUST-00752,Corporate,West,PROD-0233,Furniture,Bookcases,8,529.26,0.15,3598.97,-1.47
ORD-004134,2025-08-24,2025-08-31,Second Class,CUST-00394,Corporate,West,PROD-0234,Office Supplies,Paper,7,763.47,0.1,4809.86,-362.05
ORD-004135,2024-08-18,2024-08-22,Standard Class,CUST-00091,Consumer,West,PROD-0235,Office Supplies,Storage,11,169.12,0.0,1860.32,258.59
ORD-004136,2025-07-24,2025-07-25,Standard Class,CUST-00051,Consumer,Central,PROD-0236,Office Supplies,Paper,1,430.7,0.0,430.7,-36.79
ORD-004137,2026-03-22,2026-03-28,Standard Class,CUST-00557,Consumer,West,PROD-0237,Furniture,Tables,3,20.67,0.0,62.01,6.98
ORD-004138,2025-05-21,2025-05-28,First Class,CUST-00610,Corporate,East,PROD-0238,Office Supplies,Labels,7,858.25,0.0,6007.75,1586.2
ORD-004139,2025-04-06,2025-04-10,Standard Class,CUST-00416,Home Office,West,PROD-0239,Furniture,Chairs,9,364.56,0.5,1640.52,-148.73
ORD-004140,2024-05-03,2024-05-06,Standard Class,CUST-00088,Home Office,Central,PROD-0240,Office Supplies,Storage,5,460.24,0.0,2301.2,-95.21
ORD-004141,2023-12-05,2023-12-11,Second Class,CUST-00542,Home Office,West,PROD-0241,Technology,Phones,7,494.12,0.0,3458.84,30.24
ORD-004142,2023-01-24,2023-01-27,First Class,CUST-00294,Consumer,West,PROD-0242,Office Supplies,Storage,7,506.45,0.0,3545.15,1324.44
ORD-004143,2024-02-14,2024-02-17,First Class,CUST-00386,Corporate,West,PROD-0243,Office Supplies,Art,3,255.53,0.5,383.3,40.35
ORD-004144,2024-01-25,2024-01-27,Same Day,CUST-00067,Corporate,West,PROD-0244,Office Supplies,Binders,9,119.55,0.0,1075.95,235.94
ORD-004145,2025-03-18,2025-03-22,Standard Class,CUST-00052,Consumer,West,PROD-0245,Furniture,Bookcases,10,805.79,0.0,8057.9,2952.62
ORD-004146,2024-11-06,2024-11-07,Same Day,CUST-00684,Consumer,West,PROD-0246,Office Supplies,Storage,6,706.06,0.0,4236.36,239.44
ORD-004147,2024-12-25,2024-12-26,Standard Class,CUST-00643,Corporate,South,PROD-0247,Office Supplies,Art,4,138.67,0.0,554.68,94.11
ORD-004148,2024-01-05,2024-01-08,Standard Class,CUST-00756,Home Office,West,PROD-0248,Office Supplies,Labels,4,861.86,0.1,3102.7,-107.3
ORD-004149,2024-05-02,2024-05-06,Standard Class,CUST-00644,Corporate,South,PROD-0249,Office Supplies,Storage,4,85.3,0.0,341.2,-30.85
ORD-004150,2023-08-20,2023-08-26,Standard Class,CUST-00667,Home Office,Central,PROD-0250,Office Supplies,Storage,8,445.26,0.0,3562.08,541.51
ORD-004151,2023-06-01,2023-06-06,Second Class,CUST-00128,Consumer,West,PROD-0251,Technology,Phones,11,452.64,0.1,4481.14,-274.25
ORD-004152,2023-04-10,2023-04-14,Second Class,CUST-00256,Consumer,East,PROD-0252,Technology,Phones,2,593.86,0.0,1187.72,129.39
ORD-004153,2025-12-13,2025-12-16,First Class,CUST-00806,Corporate,West,PROD-0253,Technology,Accessories,2,721.11,0.15,1225.89,-85.91
ORD-004154,2023-03-23,2023-03-26,Standard Class,CUST-00041,Corporate,West,PROD-0254,Office Supplies,Binders,5,30.47,0.0,152.35,23.79
ORD-004155,2023-02-26,2023-03-04,First Class,CUST-00297,Consumer,West,PROD-0255,Furniture,Chairs,9,139.08,0.15,1063.96,195.66
ORD-004156,2024-06-29,2024-07-05,Standard Class,CUST-00317,Consumer,West,PROD-0256,Furniture,Bookcases,4,431.42,0.0,1725.68,490.32
ORD-004157,2023-12-14,2023-12-19,Standard Class,CUST-00543,Consumer,West,PROD-0257,Technology,Copiers,8,666.56,0.0,5332.48,204.3
ORD-004158,2025-10-08,2025-10-14,Standard Class,CUST-00690,Consumer,Central,PROD-0258,Furniture,Tables,3,322.55,0.1,870.89,224.39
ORD-004159,2026-03-01,2026-03-06,Standard Class,CUST-00181,Corporate,Central,PROD-0259,Furniture,Tables,8,238.4,0.1,1716.48,639.81
ORD-004160,2024-12-12,2024-12-13,Standard Class,CUST-00332,Home Office,Central,PROD-0260,Furniture,Furnishings,10,174.9,0.0,1749.0,-20.73
ORD-004161,2024-02-25,2024-03-01,First Class,CUST-00217,Consumer,Central,PROD-0261,Office Supplies,Labels,9,258.83,0.0,2329.47,87.73
ORD-004162,2023-10-23,2023-10-26,Standard Class,CUST-00797,Corporate,West,PROD-0262,Furniture,Tables,5,230.17,0.3,805.59,115.33
ORD-004163,2023-03-27,2023-04-03,Standard Class,CUST-00136,Home Office,East,PROD-0263,Furniture,Bookcases,10,61.41,0.2,491.28,52.92
ORD-004164,2025-12-07,2025-12-13,Second Class,CUST-00833,Consumer,West,PROD-0264,Office Supplies,Art,2,90.02,0.0,180.04,40.22
ORD-004165,2025-05-04,2025-05-07,Standard Class,CUST-00120,Consumer,South,PROD-0265,Technology,Phones,2,581.5,0.0,1163.0,252.44
ORD-004166,2023-08-30,2023-09-03,Standard Class,CUST-00277,Consumer,West,PROD-0266,Technology,Accessories,2,871.1,0.0,1742.2,601.93
ORD-004167,2024-05-14,2024-05-19,First Class,CUST-00057,Corporate,East,PROD-0267,Office Supplies,Storage,6,485.22,0.3,2037.92,2.67
ORD-004168,2025-02-15,2025-02-19,Second Class,CUST-00312,Consumer,South,PROD-0268,Technology,Machines,9,30.22,0.0,271.98,79.53
ORD-004169,2023-03-27,2023-03-30,Standard Class,CUST-00248,Consumer,Central,PROD-0269,Office Supplies,Paper,11,805.61,0.0,8861.71,2136.47
ORD-004170,2025-01-19,2025-01-26,Second Class,CUST-00414,Corporate,West,PROD-0270,Technology,Accessories,2,296.19,0.1,533.14,10.23
ORD-004171,2025-10-25,2025-10-31,Standard Class,CUST-00466,Consumer,Central,PROD-0271,Technology,Machines,10,610.27,0.5,3051.35,736.43
ORD-004172,2025-06-16,2025-06-19,Standard Class,CUST-00443,Consumer,East,PROD-0272,Technology,Copiers,6,91.54,0.0,549.24,130.27
ORD-004173,2025-06-05,2025-06-11,Second Class,CUST-00640,Consumer,South,PROD-0273,Furniture,Bookcases,2,668.1,0.1,1202.58,-49.44
ORD-004174,2024-04-05,2024-04-12,First Class,CUST-00137,Consumer,East,PROD-0274,Office Supplies,Paper,10,10.64,0.2,85.12,-3.43
ORD-004175,2024-02-13,2024-02-18,First Class,CUST-00199,Consumer,Central,PROD-0275,Office Supplies,Art,5,443.48,0.0,2217.4,345.37
ORD-004176,2024-06-29,2024-07-04,Standard Class,CUST-00434,Corporate,East,PROD-0276,Furniture,Tables,7,170.25,0.1,1072.58,75.83
ORD-004177,2026-02-16,2026-02-18,Standard Class,CUST-00005,Consumer,South,PROD-0277,Furniture,Chairs,2,591.6,0.0,1183.2,446.1
ORD-004178,2025-12-04,2025-12-08,Same Day,CUST-00571,Consumer,West,PROD-0278,Office Supplies,Storage,7,689.71,0.0,4827.97,803.12
ORD-004179,2024-11-07,2024-11-09,Standard Class,CUST-00142,Corporate,South,PROD-0279,Office Supplies,Paper,2,395.77,0.0,791.54,312.94
ORD-004180,2026-03-03,2026-03-09,Second Class,CUST-00010,Consumer,West,PROD-0280,Technology,Phones,7,220.14,0.15,1309.83,411.6
ORD-004181,2025-10-25,2025-10-27,Standard Class,CUST-00468,Consumer,Central,PROD-0281,Office Supplies,Art,3,25.52,0.3,53.59,11.88
ORD-004182,2023-03-23,2023-03-25,Standard Class,CUST-00880,Corporate,Central,PROD-0282,Furniture,Chairs,1,771.59,0.0,771.59,276.4
ORD-004183,2024-05-20,2024-05-23,Standard Class,CUST-00789,Home Office,West,PROD-0283,Furniture,Chairs,5,778.82,0.0,3894.1,-290.01
ORD-004184,2023-03-29,2023-04-02,Second Class,CUST-00823,Consumer,East,PROD-0284,Office Supplies,Binders,7,898.26,0.1,5659.04,2121.01
ORD-004185,2023-01-20,2023-01-22,Standard Class,CUST-00573,Corporate,Central,PROD-0285,Office Supplies,Art,7,28.57,0.0,199.99,53.25
ORD-004186,2023-06-13,2023-06-17,Standard Class,CUST-00108,Home Office,West,PROD-0286,Technology,Copiers,2,613.15,0.0,1226.3,7.69
ORD-004187,2026-01-20,2026-01-26,Standard Class,CUST-00811,Consumer,East,PROD-0287,Furniture,Chairs,8,452.89,0.1,3260.81,218.2
ORD-004188,2025-07-22,2025-07-29,Second Class,CUST-00144,Consumer,South,PROD-0288,Furniture,Furnishings,4,612.17,0.1,2203.81,-112.11
ORD-004189,2024-03-24,2024-03-27,Second Class,CUST-00040,Consumer,Central,PROD-0289,Technology,Machines,4,712.26,0.0,2849.04,690.46
ORD-004190,2023-12-17,2023-12-24,Standard Class,CUST-00647,Consumer,East,PROD-0290,Technology,Phones,6,29.85,0.3,125.37,14.23
ORD-004191,2024-08-02,2024-08-03,Second Class,CUST-00768,Home Office,Central,PROD-0291,Furniture,Bookcases,4,814.51,0.0,3258.04,890.21
ORD-004192,2023-04-12,2023-04-16,Second Class,CUST-00839,Consumer,Central,PROD-0292,Office Supplies,Labels,9,226.39,0.2,1630.01,221.33
ORD-004193,2026-06-09,2026-06-13,Standard Class,CUST-00062,Consumer,West,PROD-0293,Technology,Phones,8,832.27,0.0,6658.16,-80.48
ORD-004194,2024-01-25,2024-01-26,Standard Class,CUST-00517,Home Office,West,PROD-0294,Furniture,Tables,11,754.46,0.0,8299.06,1148.97
ORD-004195,2023-04-02,2023-04-08,Standard Class,CUST-00363,Consumer,South,PROD-0295,Office Supplies,Labels,3,153.97,0.0,461.91,134.89
ORD-004196,2024-11-25,2024-12-01,Second Class,CUST-00384,Corporate,West,PROD-0296,Office Supplies,Storage,5,154.08,0.0,770.4,307.4
ORD-004197,2024-11-30,2024-12-03,Second Class,CUST-00750,Consumer,South,PROD-0297,Office Supplies,Binders,10,552.54,0.0,5525.4,1906.17
ORD-004198,2023-09-02,2023-09-09,Standard Class,CUST-00600,Consumer,Central,PROD-0298,Furniture,Bookcases,3,477.43,0.0,1432.29,-14.15
ORD-004199,2026-06-27,2026-06-29,Standard Class,CUST-00057,Home Office,Central,PROD-0299,Furniture,Tables,2,205.16,0.1,369.29,36.66
ORD-004200,2024-08-07,2024-08-10,Second Class,CUST-00561,Corporate,East,PROD-0300,Office Supplies,Labels,6,377.9,0.0,2267.4,783.72
ORD-004201,2025-03-23,2025-03-24,Second Class,CUST-00722,Consumer,Central,PROD-0001,Furniture,Bookcases,10,649.19,0.1,5842.71,1404.46
ORD-004202,2025-11-04,2025-11-09,Standard Class,CUST-00652,Corporate,West,PROD-0002,Furniture,Tables,7,706.31,0.0,4944.17,-130.3
ORD-004203,2026-04-17,2026-04-19,Second Class,CUST-00272,Home Office,Central,PROD-0003,Technology,Accessories,2,602.22,0.15,1023.77,77.11
ORD-004204,2024-10-10,2024-10-15,Second Class,CUST-00346,Consumer,South,PROD-0004,Office Supplies,Storage,2,123.89,0.0,247.78,46.7
ORD-004205,2024-08-10,2024-08-14,First Class,CUST-00461,Home Office,South,PROD-0005,Office Supplies,Storage,8,780.49,0.15,5307.33,1998.84
ORD-004206,2024-11-10,2024-11-16,Second Class,CUST-00418,Home Office,East,PROD-0006,Furniture,Chairs,5,747.5,0.2,2990.0,791.9
ORD-004207,2025-03-14,2025-03-19,Second Class,CUST-00076,Home Office,Central,PROD-0007,Furniture,Tables,5,69.52,0.0,347.6,50.59
ORD-004208,2025-04-01,2025-04-06,Standard Class,CUST-00506,Corporate,Central,PROD-0008,Office Supplies,Paper,11,237.27,0.2,2087.98,456.89
ORD-004209,2025-06-15,2025-06-17,Same Day,CUST-00164,Corporate,Central,PROD-0009,Office Supplies,Paper,7,449.44,0.0,3146.08,745.82
ORD-004210,2024-08-24,2024-08-26,Same Day,CUST-00485,Home Office,West,PROD-0010,Technology,Accessories,7,598.07,0.15,3558.52,-226.32
ORD-004211,2023-07-20,2023-07-24,Standard Class,CUST-00206,Consumer,East,PROD-0011,Office Supplies,Art,6,95.21,0.0,571.26,115.88
ORD-004212,2025-08-10,2025-08-15,Standard Class,CUST-00121,Home Office,West,PROD-0012,Technology,Machines,5,120.2,0.3,420.7,81.24
ORD-004213,2023-01-09,2023-01-14,Standard Class,CUST-00411,Consumer,East,PROD-0013,Furniture,Furnishings,6,342.12,0.0,2052.72,40.25
ORD-004214,2024-10-16,2024-10-21,Standard Class,CUST-00193,Consumer,West,PROD-0014,Furniture,Bookcases,7,270.99,0.0,1896.93,711.52
ORD-004215,2024-05-22,2024-05-23,Standard Class,CUST-00642,Consumer,West,PROD-0015,Office Supplies,Binders,10,501.22,0.0,5012.2,1079.62
ORD-004216,2025-11-07,2025-11-10,Standard Class,CUST-00678,Consumer,South,PROD-0016,Furniture,Tables,8,215.84,0.0,1726.72,440.94
ORD-004217,2023-02-27,2023-03-01,Standard Class,CUST-00066,Consumer,East,PROD-0017,Office Supplies,Labels,3,633.51,0.1,1710.48,142.42
ORD-004218,2026-04-25,2026-05-01,Standard Class,CUST-00629,Consumer,West,PROD-0018,Office Supplies,Art,7,753.54,0.2,4219.82,-344.54
ORD-004219,2023-07-04,2023-07-11,Standard Class,CUST-00848,Corporate,Central,PROD-0019,Technology,Phones,5,304.01,0.0,1520.05,-13.3
ORD-004220,2023-07-25,2023-07-30,Standard Class,CUST-00257,Consumer,West,PROD-0020,Furniture,Bookcases,6,608.21,0.2,2919.41,-52.8
ORD-004221,2024-01-13,2024-01-16,Standard Class,CUST-00369,Consumer,East,PROD-0021,Technology,Phones,11,607.13,0.1,6010.59,1685.49
ORD-004222,2025-08-07,2025-08-09,Second Class,CUST-00327,Home Office,Central,PROD-0022,Office Supplies,Labels,10,881.59,0.0,8815.9,-71.87
ORD-004223,2025-01-15,2025-01-16,First Class,CUST-00344,Corporate,East,PROD-0023,Technology,Copiers,9,559.64,0.0,5036.76,-84.38
ORD-004224,2024-07-31,2024-08-01,Standard Class,CUST-00428,Home Office,West,PROD-0024,Technology,Phones,7,690.2,0.0,4831.4,141.85
ORD-004225,2023-09-15,2023-09-19,Standard Class,CUST-00077,Consumer,East,PROD-0025,Technology,Copiers,5,793.94,0.0,3969.7,336.53
ORD-004226,2025-03-04,2025-03-11,Second Class,CUST-00682,Consumer,South,PROD-0026,Furniture,Tables,8,892.7,0.0,7141.6,933.51
ORD-004227,2023-11-16,2023-11-22,Standard Class,CUST-00105,Consumer,South,PROD-0027,Office Supplies,Labels,6,818.09,0.0,4908.54,1171.81
ORD-004228,2023-11-04,2023-11-10,Standard Class,CUST-00022,Corporate,East,PROD-0028,Furniture,Bookcases,10,413.49,0.0,4134.9,952.19
ORD-004229,2026-02-22,2026-03-01,Second Class,CUST-00538,Consumer,East,PROD-0029,Office Supplies,Storage,9,75.35,0.1,610.34,98.3
ORD-004230,2024-01-09,2024-01-14,Second Class,CUST-00372,Consumer,Central,PROD-0030,Office Supplies,Paper,1,459.99,0.1,413.99,124.37
ORD-004231,2025-12-31,2026-01-06,Second Class,CUST-00040,Consumer,East,PROD-0031,Technology,Copiers,7,338.02,0.15,2011.22,777.69
ORD-004232,2025-08-19,2025-08-25,Standard Class,CUST-00747,Home Office,East,PROD-0032,Technology,Phones,9,784.74,0.0,7062.66,233.38
ORD-004233,2023-08-05,2023-08-07,Second Class,CUST-00235,Corporate,Central,PROD-0033,Office Supplies,Binders,2,159.47,0.2,255.15,-15.86
ORD-004234,2023-04-10,2023-04-14,Standard Class,CUST-00580,Home Office,South,PROD-0034,Office Supplies,Binders,9,824.87,0.15,6310.26,1381.01
ORD-004235,2026-03-22,2026-03-29,Second Class,CUST-00572,Corporate,Central,PROD-0035,Technology,Phones,2,425.8,0.0,851.6,98.77
ORD-004236,2024-12-26,2024-12-27,Standard Class,CUST-00896,Consumer,South,PROD-0036,Furniture,Tables,6,838.44,0.1,4527.58,288.54
ORD-004237,2025-07-22,2025-07-28,Standard Class,CUST-00334,Corporate,West,PROD-0037,Office Supplies,Storage,9,666.95,0.0,6002.55,633.81
ORD-004238,2023-01-02,2023-01-04,Second Class,CUST-00633,Corporate,South,PROD-0038,Furniture,Chairs,1,360.78,0.5,180.39,-14.29
ORD-004239,2024-05-02,2024-05-07,Standard Class,CUST-00005,Corporate,East,PROD-0039,Office Supplies,Binders,9,112.53,0.0,1012.77,-7.05
ORD-004240,2025-12-20,2025-12-27,Same Day,CUST-00558,Consumer,East,PROD-0040,Technology,Copiers,1,277.39,0.0,277.39,21.66
ORD-004241,2024-10-21,2024-10-25,Second Class,CUST-00860,Consumer,Central,PROD-0041,Office Supplies,Binders,7,169.16,0.15,1006.5,136.98
ORD-004242,2025-04-07,2025-04-09,Standard Class,CUST-00438,Corporate,East,PROD-0042,Technology,Accessories,9,241.34,0.2,1737.65,59.12
ORD-004243,2023-07-31,2023-08-05,Standard Class,CUST-00848,Consumer,South,PROD-0043,Furniture,Tables,1,280.86,0.1,252.77,48.16
ORD-004244,2023-03-01,2023-03-03,First Class,CUST-00084,Consumer,East,PROD-0044,Technology,Accessories,10,134.36,0.15,1142.06,-41.15
ORD-004245,2024-03-04,2024-03-06,Standard Class,CUST-00173,Corporate,South,PROD-0045,Technology,Copiers,8,177.9,0.15,1209.72,310.74
ORD-004246,2025-01-10,2025-01-17,Second Class,CUST-00021,Home Office,West,PROD-0046,Office Supplies,Binders,9,845.78,0.3,5328.41,413.76
ORD-004247,2026-05-24,2026-05-29,Standard Class,CUST-00057,Consumer,South,PROD-0047,Technology,Copiers,7,62.42,0.2,349.55,117.25
ORD-004248,2023-02-15,2023-02-22,Standard Class,CUST-00674,Consumer,Central,PROD-0048,Office Supplies,Art,7,856.7,0.1,5397.21,-178.93
ORD-004249,2023-06-19,2023-06-23,Standard Class,CUST-00174,Corporate,West,PROD-0049,Technology,Accessories,5,10.3,0.0,51.5,7.17
ORD-004250,2024-12-19,2024-12-21,Standard Class,CUST-00378,Corporate,East,PROD-0050,Office Supplies,Paper,5,320.36,0.0,1601.8,89.68
ORD-004251,2023-10-07,2023-10-10,Same Day,CUST-00465,Consumer,East,PROD-0051,Office Supplies,Paper,1,876.78,0.0,876.78,-35.85
ORD-004252,2024-12-06,2024-12-10,Standard Class,CUST-00486,Corporate,East,PROD-0052,Office Supplies,Storage,5,260.59,0.0,1302.95,-112.74
ORD-004253,2025-03-01,2025-03-02,Standard Class,CUST-00058,Consumer,East,PROD-0053,Office Supplies,Labels,7,23.26,0.0,162.82,-13.12
ORD-004254,2023-02-14,2023-02-17,Standard Class,CUST-00276,Corporate,West,PROD-0054,Technology,Machines,2,767.67,0.0,1535.34,-93.18
ORD-004255,2024-07-21,2024-07-23,First Class,CUST-00044,Consumer,South,PROD-0055,Technology,Phones,10,8.12,0.3,56.84,-5.28
ORD-004256,2023-01-09,2023-01-14,Standard Class,CUST-00115,Corporate,East,PROD-0056,Office Supplies,Art,6,837.98,0.0,5027.88,1509.0
ORD-004257,2025-07-23,2025-07-27,Standard Class,CUST-00587,Consumer,South,PROD-0057,Technology,Copiers,6,420.56,0.1,2271.02,759.96
ORD-004258,2023-11-25,2023-11-28,First Class,CUST-00391,Consumer,Central,PROD-0058,Furniture,Tables,8,31.44,0.0,251.52,65.56
ORD-004259,2024-10-04,2024-10-07,Same Day,CUST-00463,Home Office,West,PROD-0059,Office Supplies,Art,4,73.98,0.0,295.92,80.03
ORD-004260,2023-09-16,2023-09-19,Second Class,CUST-00123,Consumer,South,PROD-0060,Furniture,Tables,1,589.32,0.0,589.32,198.77
ORD-004261,2024-11-15,2024-11-22,Standard Class,CUST-00860,Consumer,South,PROD-0061,Office Supplies,Binders,2,498.18,0.0,996.36,84.56
ORD-004262,2023-07-11,2023-07-15,First Class,CUST-00076,Consumer,Central,PROD-0062,Office Supplies,Labels,3,622.15,0.0,1866.45,-180.25
ORD-004263,2023-06-11,2023-06-13,Standard Class,CUST-00774,Consumer,South,PROD-0063,Technology,Copiers,6,282.22,0.0,1693.32,274.92
ORD-004264,2024-06-06,2024-06-10,Standard Class,CUST-00880,Home Office,East,PROD-0064,Technology,Machines,3,744.32,0.3,1563.07,84.15
ORD-004265,2024-11-02,2024-11-06,Second Class,CUST-00020,Consumer,South,PROD-0065,Office Supplies,Paper,9,546.12,0.15,4177.82,-246.99
ORD-004266,2025-09-04,2025-09-09,Standard Class,CUST-00238,Consumer,Central,PROD-0066,Technology,Accessories,4,81.09,0.1,291.92,25.43
ORD-004267,2024-04-26,2024-04-27,Standard Class,CUST-00519,Consumer,South,PROD-0067,Office Supplies,Art,11,791.65,0.15,7401.93,1602.63
ORD-004268,2024-06-07,2024-06-08,Standard Class,CUST-00789,Home Office,South,PROD-0068,Office Supplies,Binders,10,548.05,0.1,4932.45,1674.45
ORD-004269,2024-10-22,2024-10-24,Standard Class,CUST-00845,Home Office,West,PROD-0069,Furniture,Bookcases,1,436.63,0.0,436.63,91.26
ORD-004270,2023-06-06,2023-06-10,First Class,CUST-00059,Consumer,West,PROD-0070,Office Supplies,Labels,4,114.28,0.1,411.41,13.05
ORD-004271,2024-10-18,2024-10-23,First Class,CUST-00781,Corporate,West,PROD-0071,Office Supplies,Binders,1,807.56,0.0,807.56,21.69
ORD-004272,2025-06-03,2025-06-04,Standard Class,CUST-00310,Corporate,East,PROD-0072,Office Supplies,Labels,10,385.69,0.0,3856.9,1040.63
ORD-004273,2023-01-27,2023-02-01,Standard Class,CUST-00737,Consumer,South,PROD-0073,Furniture,Bookcases,8,188.99,0.0,1511.92,191.5
ORD-004274,2023-10-31,2023-11-06,Second Class,CUST-00740,Corporate,East,PROD-0074,Office Supplies,Labels,9,274.91,0.1,2226.77,452.06
ORD-004275,2025-01-05,2025-01-09,First Class,CUST-00604,Home Office,Central,PROD-0075,Office Supplies,Art,4,803.78,0.15,2732.85,498.37
ORD-004276,2026-02-27,2026-03-06,Standard Class,CUST-00402,Corporate,South,PROD-0076,Technology,Copiers,7,652.75,0.0,4569.25,1771.25
ORD-004277,2025-09-27,2025-10-02,Standard Class,CUST-00363,Home Office,Central,PROD-0077,Office Supplies,Art,4,593.07,0.0,2372.28,-159.65
ORD-004278,2023-12-18,2023-12-23,Second Class,CUST-00694,Consumer,East,PROD-0078,Furniture,Chairs,7,615.34,0.0,4307.38,896.66
ORD-004279,2023-02-01,2023-02-07,Same Day,CUST-00084,Consumer,Central,PROD-0079,Office Supplies,Paper,6,340.36,0.0,2042.16,766.01
ORD-004280,2025-11-11,2025-11-15,Second Class,CUST-00101,Home Office,East,PROD-0080,Furniture,Tables,8,282.97,0.2,1811.01,-109.54
ORD-004281,2023-04-03,2023-04-07,Standard Class,CUST-00409,Consumer,Central,PROD-0081,Furniture,Tables,7,724.4,0.0,5070.8,1186.3
ORD-004282,2025-05-20,2025-05-21,Standard Class,CUST-00472,Corporate,South,PROD-0082,Furniture,Bookcases,10,504.13,0.0,5041.3,1219.18
ORD-004283,2023-03-21,2023-03-24,First Class,CUST-00567,Corporate,Central,PROD-0083,Office Supplies,Binders,3,126.54,0.0,379.62,135.04
ORD-004284,2024-11-30,2024-12-07,First Class,CUST-00880,Home Office,East,PROD-0084,Technology,Machines,4,291.71,0.5,583.42,128.21
ORD-004285,2025-10-22,2025-10-25,Standard Class,CUST-00653,Consumer,South,PROD-0085,Technology,Copiers,7,526.31,0.1,3315.75,76.26
ORD-004286,2025-06-20,2025-06-26,Second Class,CUST-00607,Corporate,East,PROD-0086,Furniture,Tables,5,217.85,0.1,980.33,35.01
ORD-004287,2023-12-24,2023-12-26,Second Class,CUST-00287,Home Office,Central,PROD-0087,Furniture,Tables,3,399.23,0.15,1018.04,332.64
ORD-004288,2024-06-24,2024-06-30,First Class,CUST-00046,Home Office,South,PROD-0088,Technology,Machines,7,849.74,0.0,5948.18,1734.89
ORD-004289,2024-03-08,2024-03-15,First Class,CUST-00525,Corporate,Central,PROD-0089,Technology,Accessories,8,14.55,0.0,116.4,25.85
ORD-004290,2025-01-24,2025-01-29,Standard Class,CUST-00062,Consumer,South,PROD-0090,Office Supplies,Paper,2,685.15,0.0,1370.3,323.23
ORD-004291,2024-01-23,2024-01-25,First Class,CUST-00197,Consumer,Central,PROD-0091,Office Supplies,Art,2,329.59,0.15,560.3,-44.5
ORD-004292,2023-06-03,2023-06-04,First Class,CUST-00400,Consumer,East,PROD-0092,Office Supplies,Art,1,104.69,0.1,94.22,0.79
ORD-004293,2023-06-12,2023-06-16,Standard Class,CUST-00367,Home Office,East,PROD-0093,Technology,Copiers,3,823.54,0.0,2470.62,286.6
ORD-004294,2025-07-20,2025-07-23,Standard Class,CUST-00840,Corporate,South,PROD-0094,Technology,Copiers,7,6.52,0.3,31.95,8.66
ORD-004295,2023-10-25,2023-10-28,Second Class,CUST-00554,Corporate,Central,PROD-0095,Office Supplies,Labels,5,761.54,0.0,3807.7,1440.31
ORD-004296,2026-05-15,2026-05-17,Standard Class,CUST-00702,Home Office,East,PROD-0096,Furniture,Bookcases,5,185.8,0.15,789.65,43.44
ORD-004297,2024-01-14,2024-01-20,Standard Class,CUST-00660,Home Office,East,PROD-0097,Technology,Copiers,10,752.73,0.0,7527.3,1999.21
ORD-004298,2024-11-03,2024-11-05,Standard Class,CUST-00544,Consumer,West,PROD-0098,Furniture,Chairs,3,558.93,0.1,1509.11,5.75
ORD-004299,2023-01-12,2023-01-17,Standard Class,CUST-00271,Consumer,South,PROD-0099,Office Supplies,Binders,9,699.77,0.15,5353.24,-339.0
ORD-004300,2026-02-08,2026-02-15,Standard Class,CUST-00184,Corporate,West,PROD-0100,Office Supplies,Art,2,833.51,0.0,1667.02,245.24
ORD-004301,2024-08-07,2024-08-13,Second Class,CUST-00499,Home Office,Central,PROD-0101,Office Supplies,Labels,3,379.49,0.0,1138.47,80.57
ORD-004302,2025-03-17,2025-03-23,Second Class,CUST-00441,Corporate,East,PROD-0102,Technology,Machines,3,766.28,0.1,2068.96,351.78
ORD-004303,2023-04-12,2023-04-14,First Class,CUST-00134,Corporate,South,PROD-0103,Office Supplies,Storage,11,294.74,0.1,2917.93,601.3
ORD-004304,2023-05-16,2023-05-18,Standard Class,CUST-00682,Home Office,South,PROD-0104,Technology,Copiers,1,543.67,0.0,543.67,-17.3
ORD-004305,2023-01-12,2023-01-19,First Class,CUST-00888,Consumer,West,PROD-0105,Furniture,Furnishings,1,692.88,0.1,623.59,-12.19
ORD-004306,2024-05-23,2024-05-24,Standard Class,CUST-00642,Home Office,South,PROD-0106,Office Supplies,Labels,4,655.32,0.0,2621.28,815.09
ORD-004307,2025-08-18,2025-08-22,Standard Class,CUST-00543,Consumer,Central,PROD-0107,Technology,Phones,9,809.2,0.0,7282.8,2163.84
ORD-004308,2024-04-23,2024-04-28,Second Class,CUST-00448,Corporate,South,PROD-0108,Furniture,Bookcases,5,561.96,0.1,2528.82,-217.28
ORD-004309,2025-08-15,2025-08-21,Standard Class,CUST-00644,Consumer,South,PROD-0109,Furniture,Furnishings,5,252.29,0.0,1261.45,-1.76
ORD-004310,2023-01-12,2023-01-14,Same Day,CUST-00137,Corporate,East,PROD-0110,Technology,Phones,3,301.14,0.1,813.08,139.73
ORD-004311,2023-10-04,2023-10-08,Standard Class,CUST-00211,Home Office,East,PROD-0111,Office Supplies,Labels,7,571.24,0.0,3998.68,221.49
ORD-004312,2023-08-20,2023-08-24,Standard Class,CUST-00794,Consumer,South,PROD-0112,Technology,Accessories,3,351.56,0.1,949.21,377.65
ORD-004313,2023-03-03,2023-03-05,Second Class,CUST-00054,Corporate,South,PROD-0113,Office Supplies,Storage,3,395.25,0.2,948.6,257.94
ORD-004314,2024-09-20,2024-09-25,Second Class,CUST-00218,Corporate,Central,PROD-0114,Technology,Machines,9,441.68,0.2,3180.1,406.57
ORD-004315,2023-04-14,2023-04-20,Standard Class,CUST-00348,Consumer,East,PROD-0115,Furniture,Tables,8,776.62,0.15,5281.02,290.1
ORD-004316,2026-06-26,2026-07-02,First Class,CUST-00455,Home Office,East,PROD-0116,Office Supplies,Labels,3,75.88,0.1,204.88,3.69
ORD-004317,2024-01-06,2024-01-07,Standard Class,CUST-00698,Corporate,Central,PROD-0117,Furniture,Tables,11,412.14,0.0,4533.54,1598.0
ORD-004318,2024-10-10,2024-10-14,Standard Class,CUST-00168,Consumer,Central,PROD-0118,Office Supplies,Paper,5,85.5,0.0,427.5,152.54
ORD-004319,2024-01-17,2024-01-21,First Class,CUST-00590,Home Office,East,PROD-0119,Technology,Accessories,6,157.25,0.0,943.5,12.79
ORD-004320,2026-05-24,2026-05-28,First Class,CUST-00266,Corporate,South,PROD-0120,Furniture,Chairs,5,310.05,0.2,1240.2,366.12
ORD-004321,2025-01-26,2025-01-30,Standard Class,CUST-00076,Corporate,East,PROD-0121,Technology,Accessories,5,657.84,0.0,3289.2,-293.83
ORD-004322,2024-01-20,2024-01-21,First Class,CUST-00080,Home Office,West,PROD-0122,Office Supplies,Labels,4,287.46,0.2,919.87,277.56
ORD-004323,2025-01-26,2025-01-30,Same Day,CUST-00450,Home Office,East,PROD-0123,Technology,Accessories,3,868.28,0.0,2604.84,-51.94
ORD-004324,2026-03-04,2026-03-06,Standard Class,CUST-00054,Consumer,West,PROD-0124,Office Supplies,Binders,4,833.8,0.0,3335.2,699.09
ORD-004325,2023-12-21,2023-12-27,Standard Class,CUST-00374,Home Office,Central,PROD-0125,Technology,Machines,1,695.4,0.0,695.4,144.62
ORD-004326,2025-06-19,2025-06-23,Second Class,CUST-00320,Consumer,East,PROD-0126,Technology,Copiers,6,429.43,0.2,2061.26,653.05
ORD-004327,2026-03-10,2026-03-15,Same Day,CUST-00158,Consumer,Central,PROD-0127,Furniture,Chairs,3,251.06,0.0,753.18,23.07
ORD-004328,2024-04-26,2024-05-03,First Class,CUST-00819,Consumer,South,PROD-0128,Office Supplies,Paper,10,33.66,0.0,336.6,-4.21
ORD-004329,2024-02-02,2024-02-03,Standard Class,CUST-00428,Consumer,West,PROD-0129,Furniture,Chairs,1,367.56,0.15,312.43,118.01
ORD-004330,2023-03-31,2023-04-05,Standard Class,CUST-00006,Corporate,East,PROD-0130,Technology,Accessories,5,455.64,0.0,2278.2,-40.69
ORD-004331,2023-05-27,2023-05-29,Standard Class,CUST-00248,Corporate,Central,PROD-0131,Office Supplies,Art,4,660.2,0.2,2112.64,326.13
ORD-004332,2024-05-19,2024-05-23,Standard Class,CUST-00330,Consumer,South,PROD-0132,Technology,Machines,7,887.8,0.0,6214.6,1006.48
ORD-004333,2026-06-13,2026-06-18,Same Day,CUST-00897,Consumer,South,PROD-0133,Furniture,Tables,11,499.13,0.1,4941.39,1353.81
ORD-004334,2023-09-13,2023-09-17,Standard Class,CUST-00555,Consumer,South,PROD-0134,Technology,Phones,8,320.78,0.1,2309.62,787.64
ORD-004335,2023-08-22,2023-08-29,Standard Class,CUST-00556,Consumer,East,PROD-0135,Office Supplies,Labels,5,840.95,0.2,3363.8,-74.3
ORD-004336,2024-03-08,2024-03-15,Same Day,CUST-00717,Consumer,Central,PROD-0136,Office Supplies,Art,6,386.38,0.1,2086.45,163.88
ORD-004337,2023-06-10,2023-06-16,First Class,CUST-00759,Corporate,West,PROD-0137,Office Supplies,Paper,11,51.03,0.1,505.2,198.77
ORD-004338,2024-06-06,2024-06-12,Standard Class,CUST-00111,Corporate,South,PROD-0138,Technology,Phones,1,745.13,0.15,633.36,-28.07
ORD-004339,2025-03-11,2025-03-12,Standard Class,CUST-00800,Corporate,East,PROD-0139,Office Supplies,Art,3,577.18,0.0,1731.54,-11.42
ORD-004340,2026-05-20,2026-05-25,First Class,CUST-00497,Corporate,Central,PROD-0140,Office Supplies,Binders,2,760.74,0.0,1521.48,-53.16
ORD-004341,2025-09-21,2025-09-27,Second Class,CUST-00594,Home Office,East,PROD-0141,Technology,Accessories,11,150.04,0.0,1650.44,262.83
ORD-004342,2025-01-23,2025-01-29,First Class,CUST-00504,Corporate,South,PROD-0142,Office Supplies,Labels,8,534.0,0.0,4272.0,131.53
ORD-004343,2024-06-07,2024-06-12,Standard Class,CUST-00193,Home Office,West,PROD-0143,Office Supplies,Art,4,530.13,0.2,1696.42,105.43
ORD-004344,2023-09-29,2023-09-30,Standard Class,CUST-00799,Corporate,West,PROD-0144,Office Supplies,Art,4,425.65,0.15,1447.21,-71.74
ORD-004345,2024-06-10,2024-06-11,Standard Class,CUST-00828,Consumer,West,PROD-0145,Office Supplies,Storage,8,651.21,0.0,5209.68,1808.48
ORD-004346,2024-02-22,2024-02-24,Standard Class,CUST-00440,Home Office,East,PROD-0146,Office Supplies,Paper,6,879.1,0.1,4747.14,713.19
ORD-004347,2025-09-16,2025-09-17,Standard Class,CUST-00715,Home Office,West,PROD-0147,Technology,Phones,1,378.27,0.0,378.27,10.43
ORD-004348,2024-03-31,2024-04-05,First Class,CUST-00399,Corporate,East,PROD-0148,Office Supplies,Art,4,182.14,0.0,728.56,179.55
ORD-004349,2024-10-14,2024-10-19,Standard Class,CUST-00044,Corporate,East,PROD-0149,Furniture,Furnishings,3,893.69,0.15,2278.91,-197.35
ORD-004350,2025-06-02,2025-06-06,Standard Class,CUST-00171,Consumer,East,PROD-0150,Office Supplies,Binders,9,676.48,0.2,4870.66,27.2
ORD-004351,2023-11-16,2023-11-22,Standard Class,CUST-00234,Consumer,East,PROD-0151,Technology,Phones,5,636.83,0.0,3184.15,-240.51
ORD-004352,2025-06-26,2025-06-29,First Class,CUST-00687,Consumer,West,PROD-0152,Office Supplies,Labels,2,373.47,0.0,746.94,-61.69
ORD-004353,2023-08-01,2023-08-02,Standard Class,CUST-00045,Home Office,Central,PROD-0153,Furniture,Tables,5,421.89,0.0,2109.45,-121.03
ORD-004354,2024-05-21,2024-05-24,Standard Class,CUST-00290,Corporate,West,PROD-0154,Office Supplies,Paper,2,277.74,0.0,555.48,53.69
ORD-004355,2024-08-06,2024-08-10,Standard Class,CUST-00861,Corporate,Central,PROD-0155,Furniture,Bookcases,11,503.48,0.2,4430.62,819.85
ORD-004356,2025-04-22,2025-04-27,Standard Class,CUST-00036,Consumer,Central,PROD-0156,Technology,Phones,1,726.39,0.0,726.39,159.1
ORD-004357,2024-04-25,2024-05-02,Second Class,CUST-00646,Consumer,West,PROD-0157,Technology,Machines,9,473.22,0.1,3833.08,407.78
ORD-004358,2023-02-10,2023-02-16,Second Class,CUST-00138,Corporate,South,PROD-0158,Office Supplies,Art,10,143.19,0.0,1431.9,10.73
ORD-004359,2026-03-15,2026-03-17,First Class,CUST-00089,Home Office,Central,PROD-0159,Furniture,Chairs,9,809.56,0.0,7286.04,96.06
ORD-004360,2026-03-30,2026-04-02,Standard Class,CUST-00601,Consumer,Central,PROD-0160,Office Supplies,Paper,1,235.21,0.0,235.21,27.21
ORD-004361,2024-06-13,2024-06-20,Standard Class,CUST-00183,Corporate,East,PROD-0161,Office Supplies,Storage,3,333.97,0.0,1001.91,186.1
ORD-004362,2025-01-07,2025-01-12,Standard Class,CUST-00404,Consumer,South,PROD-0162,Furniture,Chairs,7,35.54,0.3,174.15,39.75
ORD-004363,2025-05-21,2025-05-28,Second Class,CUST-00474,Consumer,Central,PROD-0163,Office Supplies,Storage,11,834.57,0.2,7344.22,2318.58
ORD-004364,2024-12-03,2024-12-05,First Class,CUST-00166,Home Office,West,PROD-0164,Furniture,Bookcases,1,57.96,0.2,46.37,13.16
ORD-004365,2024-08-20,2024-08-25,Same Day,CUST-00220,Corporate,Central,PROD-0165,Office Supplies,Binders,9,54.46,0.0,490.14,112.03
ORD-004366,2023-06-29,2023-07-05,First Class,CUST-00609,Corporate,Central,PROD-0166,Furniture,Furnishings,6,139.69,0.1,754.33,191.94
ORD-004367,2023-07-08,2023-07-11,Standard Class,CUST-00384,Corporate,West,PROD-0167,Office Supplies,Binders,1,430.81,0.1,387.73,92.62
ORD-004368,2023-02-15,2023-02-19,Standard Class,CUST-00575,Consumer,Central,PROD-0168,Office Supplies,Art,10,684.23,0.0,6842.3,-156.3
ORD-004369,2025-09-22,2025-09-25,Standard Class,CUST-00176,Corporate,West,PROD-0169,Furniture,Chairs,10,170.25,0.15,1447.12,375.96
ORD-004370,2026-01-27,2026-01-28,Second Class,CUST-00684,Consumer,South,PROD-0170,Technology,Machines,5,338.55,0.0,1692.75,141.18
ORD-004371,2024-06-28,2024-07-02,Standard Class,CUST-00887,Consumer,East,PROD-0171,Office Supplies,Labels,9,211.72,0.15,1619.66,151.8
ORD-004372,2024-06-05,2024-06-07,Second Class,CUST-00506,Consumer,East,PROD-0172,Furniture,Chairs,5,59.24,0.0,296.2,57.0
ORD-004373,2025-04-27,2025-04-30,Standard Class,CUST-00380,Consumer,Central,PROD-0173,Office Supplies,Binders,10,570.7,0.1,5136.3,1681.23
ORD-004374,2024-06-27,2024-07-04,Second Class,CUST-00783,Consumer,South,PROD-0174,Office Supplies,Art,7,258.84,0.1,1630.69,126.09
ORD-004375,2026-05-30,2026-06-05,Same Day,CUST-00209,Corporate,West,PROD-0175,Technology,Accessories,6,198.1,0.3,832.02,174.65
ORD-004376,2024-10-13,2024-10-15,Standard Class,CUST-00203,Consumer,Central,PROD-0176,Office Supplies,Binders,8,526.14,0.0,4209.12,775.0
ORD-004377,2023-05-17,2023-05-24,First Class,CUST-00138,Corporate,West,PROD-0177,Furniture,Tables,1,510.63,0.0,510.63,92.78
ORD-004378,2023-08-13,2023-08-14,First Class,CUST-00797,Home Office,Central,PROD-0178,Office Supplies,Storage,11,376.24,0.2,3310.91,77.62
ORD-004379,2023-10-30,2023-11-03,Second Class,CUST-00480,Consumer,South,PROD-0179,Office Supplies,Binders,7,782.86,0.0,5480.02,593.53
ORD-004380,2023-07-11,2023-07-12,Standard Class,CUST-00469,Corporate,West,PROD-0180,Office Supplies,Labels,10,416.45,0.15,3539.82,-158.87
ORD-004381,2023-12-20,2023-12-23,Standard Class,CUST-00844,Consumer,West,PROD-0181,Office Supplies,Storage,8,522.22,0.0,4177.76,784.51
ORD-004382,2025-12-26,2025-12-29,First Class,CUST-00717,Home Office,West,PROD-0182,Technology,Machines,5,36.97,0.0,184.85,-7.1
ORD-004383,2024-04-03,2024-04-04,Standard Class,CUST-00774,Consumer,Central,PROD-0183,Office Supplies,Art,10,703.06,0.0,7030.6,2497.95
ORD-004384,2025-08-30,2025-08-31,Standard Class,CUST-00079,Consumer,East,PROD-0184,Technology,Phones,5,548.16,0.0,2740.8,405.44
ORD-004385,2024-12-13,2024-12-20,Standard Class,CUST-00153,Home Office,East,PROD-0185,Furniture,Bookcases,9,439.29,0.1,3558.25,1384.06
ORD-004386,2025-12-22,2025-12-27,First Class,CUST-00247,Corporate,West,PROD-0186,Office Supplies,Binders,6,239.86,0.0,1439.16,65.52
ORD-004387,2024-08-27,2024-08-30,Standard Class,CUST-00625,Consumer,Central,PROD-0187,Technology,Phones,8,674.08,0.0,5392.64,2143.87
ORD-004388,2023-07-27,2023-07-31,Second Class,CUST-00419,Consumer,South,PROD-0188,Office Supplies,Storage,8,860.26,0.0,6882.08,2320.83
ORD-004389,2026-01-10,2026-01-15,Standard Class,CUST-00162,Consumer,South,PROD-0189,Office Supplies,Art,5,568.45,0.0,2842.25,320.34
ORD-004390,2026-01-25,2026-01-30,Second Class,CUST-00462,Consumer,East,PROD-0190,Technology,Machines,8,225.62,0.0,1804.96,688.89
ORD-004391,2024-03-16,2024-03-21,Second Class,CUST-00186,Consumer,South,PROD-0191,Office Supplies,Labels,2,308.06,0.1,554.51,187.8
ORD-004392,2025-10-11,2025-10-12,Standard Class,CUST-00280,Corporate,East,PROD-0192,Technology,Phones,6,177.5,0.0,1065.0,297.08
ORD-004393,2025-08-10,2025-08-16,Standard Class,CUST-00093,Consumer,West,PROD-0193,Office Supplies,Art,3,878.19,0.0,2634.57,857.65
ORD-004394,2025-04-09,2025-04-11,Second Class,CUST-00376,Corporate,South,PROD-0194,Technology,Accessories,11,416.04,0.0,4576.44,834.89
ORD-004395,2024-02-08,2024-02-10,Standard Class,CUST-00011,Consumer,South,PROD-0195,Technology,Machines,2,513.67,0.0,1027.34,55.3
ORD-004396,2023-02-23,2023-02-28,Standard Class,CUST-00585,Home Office,Central,PROD-0196,Technology,Accessories,11,67.76,0.0,745.36,259.14
ORD-004397,2024-10-06,2024-10-08,Standard Class,CUST-00649,Consumer,Central,PROD-0197,Technology,Copiers,10,642.18,0.0,6421.8,967.82
ORD-004398,2023-09-13,2023-09-14,Standard Class,CUST-00800,Consumer,South,PROD-0198,Furniture,Bookcases,6,355.37,0.0,2132.22,-15.64
ORD-004399,2024-08-11,2024-08-16,First Class,CUST-00760,Corporate,West,PROD-0199,Office Supplies,Storage,9,45.41,0.0,408.69,86.0
ORD-004400,2023-03-05,2023-03-09,Standard Class,CUST-00525,Consumer,East,PROD-0200,Technology,Copiers,2,566.73,0.15,963.44,306.89
ORD-004401,2023-06-10,2023-06-12,Standard Class,CUST-00838,Home Office,West,PROD-0201,Technology,Copiers,9,561.56,0.3,3537.83,1368.54
ORD-004402,2023-07-21,2023-07-26,Standard Class,CUST-00359,Home Office,West,PROD-0202,Office Supplies,Binders,4,143.31,0.0,573.24,195.38
ORD-004403,2023-03-17,2023-03-23,Standard Class,CUST-00256,Home Office,South,PROD-0203,Furniture,Tables,2,815.74,0.1,1468.33,545.63
ORD-004404,2024-06-18,2024-06-19,Standard Class,CUST-00040,Corporate,Central,PROD-0204,Technology,Phones,7,70.67,0.2,395.75,56.85
ORD-004405,2023-02-04,2023-02-11,Standard Class,CUST-00196,Consumer,Central,PROD-0205,Technology,Phones,1,352.43,0.2,281.94,81.38
ORD-004406,2025-05-20,2025-05-25,Same Day,CUST-00639,Consumer,West,PROD-0206,Office Supplies,Labels,10,301.7,0.3,2111.9,105.45
ORD-004407,2023-06-28,2023-07-05,Standard Class,CUST-00337,Consumer,East,PROD-0207,Office Supplies,Labels,5,498.84,0.0,2494.2,722.59
ORD-004408,2025-10-29,2025-11-03,Standard Class,CUST-00322,Corporate,South,PROD-0208,Office Supplies,Labels,7,569.2,0.1,3585.96,1363.74
ORD-004409,2026-03-27,2026-03-30,Second Class,CUST-00703,Home Office,East,PROD-0209,Office Supplies,Paper,1,871.54,0.3,610.08,-36.75
ORD-004410,2025-06-10,2025-06-17,Second Class,CUST-00602,Corporate,South,PROD-0210,Furniture,Tables,5,649.35,0.0,3246.75,-80.77
ORD-004411,2024-03-04,2024-03-07,Standard Class,CUST-00610,Consumer,Central,PROD-0211,Furniture,Furnishings,8,218.68,0.1,1574.5,554.98
ORD-004412,2023-08-01,2023-08-04,Standard Class,CUST-00398,Corporate,Central,PROD-0212,Office Supplies,Paper,10,123.76,0.0,1237.6,160.99
ORD-004413,2023-03-28,2023-04-04,First Class,CUST-00121,Consumer,South,PROD-0213,Furniture,Furnishings,1,394.62,0.0,394.62,34.2
ORD-004414,2025-03-27,2025-04-02,Standard Class,CUST-00194,Corporate,Central,PROD-0214,Office Supplies,Paper,1,791.81,0.15,673.04,165.48
ORD-004415,2026-04-02,2026-04-09,Second Class,CUST-00031,Corporate,East,PROD-0215,Office Supplies,Labels,11,536.25,0.0,5898.75,2133.48
ORD-004416,2026-03-08,2026-03-11,Standard Class,CUST-00021,Corporate,Central,PROD-0216,Furniture,Chairs,11,895.79,0.1,8868.32,-559.31
ORD-004417,2024-01-03,2024-01-08,Standard Class,CUST-00591,Home Office,South,PROD-0217,Office Supplies,Storage,1,475.77,0.15,404.4,13.81
ORD-004418,2023-05-30,2023-06-02,Second Class,CUST-00566,Corporate,Central,PROD-0218,Office Supplies,Paper,7,435.26,0.0,3046.82,-39.32
ORD-004419,2026-06-06,2026-06-07,Standard Class,CUST-00639,Home Office,Central,PROD-0219,Furniture,Furnishings,3,624.8,0.0,1874.4,220.9
ORD-004420,2026-04-30,2026-05-07,Standard Class,CUST-00408,Home Office,West,PROD-0220,Office Supplies,Labels,9,781.89,0.0,7037.01,1835.89
ORD-004421,2023-01-21,2023-01-28,First Class,CUST-00373,Consumer,South,PROD-0221,Office Supplies,Labels,1,184.9,0.0,184.9,46.63
ORD-004422,2024-04-30,2024-05-06,Standard Class,CUST-00028,Consumer,East,PROD-0222,Technology,Copiers,5,754.48,0.15,3206.54,168.21
ORD-004423,2023-02-20,2023-02-25,First Class,CUST-00611,Consumer,Central,PROD-0223,Furniture,Tables,9,207.62,0.0,1868.58,-11.7
ORD-004424,2024-01-11,2024-01-18,Standard Class,CUST-00302,Corporate,East,PROD-0224,Technology,Accessories,4,778.52,0.1,2802.67,298.33
ORD-004425,2023-12-25,2023-12-31,Standard Class,CUST-00341,Home Office,East,PROD-0225,Technology,Accessories,7,41.05,0.1,258.61,-6.22
ORD-004426,2023-04-15,2023-04-16,Standard Class,CUST-00850,Consumer,Central,PROD-0226,Furniture,Chairs,4,818.17,0.0,3272.68,-104.67
ORD-004427,2025-07-15,2025-07-19,Standard Class,CUST-00066,Consumer,East,PROD-0227,Technology,Copiers,5,135.12,0.0,675.6,246.73
ORD-004428,2025-11-10,2025-11-13,Standard Class,CUST-00126,Corporate,South,PROD-0228,Office Supplies,Labels,1,789.33,0.0,789.33,220.86
ORD-004429,2024-11-30,2024-12-05,First Class,CUST-00728,Corporate,South,PROD-0229,Furniture,Furnishings,2,745.48,0.0,1490.96,184.09
ORD-004430,2023-04-27,2023-04-29,Same Day,CUST-00839,Corporate,Central,PROD-0230,Furniture,Bookcases,6,606.19,0.3,2546.0,224.21
ORD-004431,2026-02-04,2026-02-10,Standard Class,CUST-00426,Consumer,East,PROD-0231,Furniture,Tables,1,350.48,0.0,350.48,105.02
ORD-004432,2025-09-19,2025-09-23,Standard Class,CUST-00304,Corporate,West,PROD-0232,Furniture,Bookcases,11,272.59,0.1,2698.64,683.41
ORD-004433,2026-06-19,2026-06-20,First Class,CUST-00837,Corporate,Central,PROD-0233,Technology,Machines,1,395.95,0.0,395.95,-33.89
ORD-004434,2024-07-28,2024-08-03,Second Class,CUST-00731,Consumer,Central,PROD-0234,Office Supplies,Storage,10,499.86,0.2,3998.88,-168.18
ORD-004435,2023-10-29,2023-11-05,First Class,CUST-00887,Consumer,Central,PROD-0235,Furniture,Bookcases,7,409.92,0.15,2439.02,-132.76
ORD-004436,2025-05-08,2025-05-10,Standard Class,CUST-00335,Corporate,West,PROD-0236,Office Supplies,Binders,5,652.21,0.0,3261.05,397.04
ORD-004437,2023-07-16,2023-07-23,Standard Class,CUST-00148,Corporate,East,PROD-0237,Office Supplies,Paper,11,598.03,0.0,6578.33,2192.18
ORD-004438,2026-04-01,2026-04-05,Same Day,CUST-00769,Consumer,East,PROD-0238,Office Supplies,Labels,9,748.72,0.1,6064.63,-558.51
ORD-004439,2025-01-05,2025-01-06,Standard Class,CUST-00005,Corporate,West,PROD-0239,Technology,Machines,2,554.7,0.0,1109.4,281.88
ORD-004440,2026-01-08,2026-01-10,Standard Class,CUST-00041,Consumer,West,PROD-0240,Furniture,Bookcases,7,94.35,0.0,660.45,123.97
ORD-004441,2023-09-02,2023-09-04,Standard Class,CUST-00362,Corporate,South,PROD-0241,Furniture,Bookcases,4,231.96,0.0,927.84,322.25
ORD-004442,2025-06-20,2025-06-26,Standard Class,CUST-00718,Consumer,South,PROD-0242,Technology,Copiers,4,103.03,0.2,329.7,33.64
ORD-004443,2024-08-12,2024-08-15,Standard Class,CUST-00680,Consumer,West,PROD-0243,Furniture,Chairs,9,397.89,0.0,3581.01,630.93
ORD-004444,2025-12-26,2026-01-01,Standard Class,CUST-00619,Corporate,South,PROD-0244,Furniture,Furnishings,3,337.09,0.1,910.14,172.48
ORD-004445,2025-04-23,2025-04-29,Same Day,CUST-00030,Corporate,West,PROD-0245,Furniture,Furnishings,1,534.15,0.0,534.15,125.76
ORD-004446,2023-10-02,2023-10-07,Standard Class,CUST-00282,Corporate,East,PROD-0246,Technology,Accessories,5,686.5,0.0,3432.5,-270.14
ORD-004447,2026-03-19,2026-03-24,Standard Class,CUST-00345,Consumer,Central,PROD-0247,Technology,Phones,2,86.45,0.5,86.45,11.93
ORD-004448,2023-01-05,2023-01-09,Standard Class,CUST-00246,Consumer,Central,PROD-0248,Office Supplies,Art,5,120.89,0.1,544.01,175.25
ORD-004449,2023-12-05,2023-12-11,Second Class,CUST-00540,Consumer,West,PROD-0249,Office Supplies,Paper,4,431.27,0.0,1725.08,6.06
ORD-004450,2024-04-15,2024-04-18,First Class,CUST-00564,Home Office,East,PROD-0250,Office Supplies,Storage,8,121.91,0.0,975.28,50.26
ORD-004451,2024-02-17,2024-02-22,Standard Class,CUST-00183,Corporate,Central,PROD-0251,Technology,Copiers,5,445.72,0.3,1560.02,549.51
ORD-004452,2023-02-01,2023-02-04,Standard Class,CUST-00292,Consumer,South,PROD-0252,Office Supplies,Art,5,856.54,0.0,4282.7,932.05
ORD-004453,2024-02-06,2024-02-13,Standard Class,CUST-00336,Consumer,South,PROD-0253,Technology,Phones,3,765.98,0.5,1148.97,268.72
ORD-004454,2026-05-16,2026-05-19,Standard Class,CUST-00448,Consumer,South,PROD-0254,Office Supplies,Paper,9,201.51,0.0,1813.59,252.14
ORD-004455,2026-03-25,2026-03-30,Second Class,CUST-00322,Corporate,East,PROD-0255,Technology,Accessories,8,674.92,0.0,5399.36,1485.6
ORD-004456,2025-03-17,2025-03-21,Standard Class,CUST-00328,Home Office,Central,PROD-0256,Furniture,Bookcases,11,29.4,0.0,323.4,-31.66
ORD-004457,2024-11-03,2024-11-07,Same Day,CUST-00261,Corporate,West,PROD-0257,Office Supplies,Art,3,15.82,0.0,47.46,10.55
ORD-004458,2024-06-15,2024-06-18,First Class,CUST-00081,Consumer,East,PROD-0258,Furniture,Tables,1,513.23,0.0,513.23,97.86
ORD-004459,2024-05-03,2024-05-06,Second Class,CUST-00566,Consumer,West,PROD-0259,Office Supplies,Paper,10,881.6,0.0,8816.0,-194.18
ORD-004460,2023-03-22,2023-03-26,Standard Class,CUST-00487,Consumer,East,PROD-0260,Office Supplies,Labels,1,296.61,0.1,266.95,40.35
ORD-004461,2024-06-12,2024-06-16,Standard Class,CUST-00353,Corporate,East,PROD-0261,Office Supplies,Paper,3,575.14,0.0,1725.42,-25.08
ORD-004462,2023-06-16,2023-06-18,Standard Class,CUST-00488,Corporate,South,PROD-0262,Office Supplies,Paper,9,86.73,0.2,624.46,150.05
ORD-004463,2026-03-08,2026-03-15,Standard Class,CUST-00210,Home Office,Central,PROD-0263,Technology,Accessories,2,747.45,0.2,1195.92,-69.04
ORD-004464,2026-01-06,2026-01-08,Standard Class,CUST-00826,Consumer,Central,PROD-0264,Furniture,Chairs,5,792.23,0.2,3168.92,-33.48
ORD-004465,2026-04-30,2026-05-04,Standard Class,CUST-00428,Consumer,East,PROD-0265,Office Supplies,Paper,1,68.7,0.0,68.7,27.06
ORD-004466,2026-06-19,2026-06-24,Standard Class,CUST-00500,Corporate,South,PROD-0266,Office Supplies,Storage,11,639.03,0.3,4920.53,1824.77
ORD-004467,2024-01-14,2024-01-19,First Class,CUST-00508,Consumer,East,PROD-0267,Technology,Phones,11,505.37,0.0,5559.07,1070.68
ORD-004468,2026-03-28,2026-03-29,Standard Class,CUST-00242,Consumer,East,PROD-0268,Furniture,Bookcases,3,497.56,0.0,1492.68,37.13
ORD-004469,2023-12-02,2023-12-03,Standard Class,CUST-00384,Home Office,West,PROD-0269,Office Supplies,Binders,3,421.29,0.2,1011.1,-3.65
ORD-004470,2026-03-03,2026-03-08,First Class,CUST-00185,Corporate,West,PROD-0270,Office Supplies,Art,7,721.43,0.0,5050.01,-452.85
ORD-004471,2025-03-20,2025-03-27,First Class,CUST-00329,Corporate,Central,PROD-0271,Furniture,Furnishings,9,637.2,0.3,4014.36,1313.02
ORD-004472,2025-09-24,2025-09-27,Standard Class,CUST-00341,Consumer,Central,PROD-0272,Technology,Accessories,11,24.1,0.5,132.55,48.25
ORD-004473,2024-10-12,2024-10-15,Second Class,CUST-00792,Home Office,Central,PROD-0273,Office Supplies,Paper,8,898.81,0.2,5752.38,-263.5
ORD-004474,2024-04-21,2024-04-26,Standard Class,CUST-00577,Home Office,East,PROD-0274,Office Supplies,Binders,3,643.03,0.0,1929.09,143.54
ORD-004475,2023-03-31,2023-04-06,Standard Class,CUST-00882,Consumer,East,PROD-0275,Office Supplies,Paper,3,68.9,0.0,206.7,6.31
ORD-004476,2025-10-10,2025-10-17,Standard Class,CUST-00227,Corporate,Central,PROD-0276,Technology,Machines,5,639.64,0.0,3198.2,694.5
ORD-004477,2026-02-02,2026-02-08,Standard Class,CUST-00386,Consumer,East,PROD-0277,Office Supplies,Paper,9,346.29,0.0,3116.61,1111.45
ORD-004478,2025-05-14,2025-05-20,Second Class,CUST-00723,Consumer,East,PROD-0278,Office Supplies,Paper,9,653.35,0.1,5292.14,783.77
ORD-004479,2026-02-07,2026-02-11,Standard Class,CUST-00747,Corporate,Central,PROD-0279,Office Supplies,Paper,11,834.18,0.5,4587.99,-83.98
ORD-004480,2025-11-28,2025-12-03,Standard Class,CUST-00405,Consumer,South,PROD-0280,Office Supplies,Art,3,649.41,0.0,1948.23,53.67
ORD-004481,2026-02-06,2026-02-10,Standard Class,CUST-00661,Corporate,South,PROD-0281,Technology,Accessories,9,579.63,0.0,5216.67,-427.09
ORD-004482,2024-05-24,2024-05-26,Second Class,CUST-00644,Consumer,Central,PROD-0282,Technology,Accessories,8,303.09,0.0,2424.72,-97.28
ORD-004483,2023-03-23,2023-03-25,First Class,CUST-00685,Consumer,West,PROD-0283,Technology,Accessories,1,167.36,0.0,167.36,13.52
ORD-004484,2026-04-01,2026-04-04,Standard Class,CUST-00472,Home Office,West,PROD-0284,Technology,Machines,7,872.4,0.15,5190.78,995.93
ORD-004485,2026-04-16,2026-04-22,Standard Class,CUST-00330,Consumer,East,PROD-0285,Furniture,Furnishings,1,19.4,0.1,17.46,1.74
ORD-004486,2024-04-20,2024-04-26,Same Day,CUST-00025,Corporate,East,PROD-0286,Office Supplies,Paper,2,866.71,0.0,1733.42,77.95
ORD-004487,2023-10-21,2023-10-27,Standard Class,CUST-00694,Consumer,South,PROD-0287,Office Supplies,Binders,3,236.62,0.0,709.86,226.19
ORD-004488,2024-05-13,2024-05-18,Standard Class,CUST-00029,Consumer,West,PROD-0288,Technology,Machines,2,174.55,0.0,349.1,111.46
ORD-004489,2023-12-09,2023-12-14,Standard Class,CUST-00717,Corporate,Central,PROD-0289,Office Supplies,Art,8,230.29,0.0,1842.32,363.67
ORD-004490,2024-04-24,2024-04-30,Standard Class,CUST-00568,Home Office,South,PROD-0290,Office Supplies,Storage,9,70.57,0.2,508.1,143.68
ORD-004491,2026-01-24,2026-01-26,First Class,CUST-00893,Home Office,Central,PROD-0291,Office Supplies,Storage,8,97.99,0.2,627.14,-39.6
ORD-004492,2025-11-01,2025-11-04,Same Day,CUST-00693,Corporate,South,PROD-0292,Office Supplies,Art,4,156.16,0.2,499.71,62.91
ORD-004493,2023-02-12,2023-02-17,Standard Class,CUST-00867,Corporate,East,PROD-0293,Office Supplies,Storage,5,461.78,0.0,2308.9,190.46
ORD-004494,2023-04-08,2023-04-10,Standard Class,CUST-00834,Consumer,South,PROD-0294,Office Supplies,Storage,6,723.2,0.0,4339.2,1550.41
ORD-004495,2026-03-12,2026-03-18,Same Day,CUST-00297,Home Office,South,PROD-0295,Office Supplies,Binders,5,433.72,0.1,1951.74,148.4
ORD-004496,2023-02-28,2023-03-04,First Class,CUST-00779,Consumer,South,PROD-0296,Technology,Copiers,4,846.09,0.15,2876.71,617.3
ORD-004497,2023-11-24,2023-12-01,Standard Class,CUST-00329,Consumer,Central,PROD-0297,Office Supplies,Labels,6,450.5,0.3,1892.1,-63.89
ORD-004498,2024-05-11,2024-05-18,Standard Class,CUST-00876,Consumer,Central,PROD-0298,Technology,Phones,4,236.59,0.15,804.41,216.24
ORD-004499,2023-01-25,2023-02-01,Standard Class,CUST-00815,Consumer,South,PROD-0299,Office Supplies,Paper,11,356.69,0.3,2746.51,604.17
ORD-004500,2025-01-16,2025-01-19,Standard Class,CUST-00042,Corporate,South,PROD-0300,Office Supplies,Labels,5,365.12,0.0,1825.6,194.65
ORD-004501,2023-04-30,2023-05-07,Standard Class,CUST-00580,Consumer,West,PROD-0001,Furniture,Furnishings,10,680.35,0.0,6803.5,1179.56
ORD-004502,2023-02-21,2023-02-25,Standard Class,CUST-00800,Consumer,South,PROD-0002,Technology,Copiers,5,46.11,0.2,184.44,-12.19
ORD-004503,2024-04-25,2024-05-02,Standard Class,CUST-00854,Consumer,West,PROD-0003,Furniture,Chairs,8,186.43,0.0,1491.44,-16.61
ORD-004504,2026-04-07,2026-04-14,Second Class,CUST-00296,Consumer,West,PROD-0004,Office Supplies,Paper,11,796.85,0.0,8765.35,1743.91
ORD-004505,2024-04-01,2024-04-03,Standard Class,CUST-00190,Consumer,South,PROD-0005,Office Supplies,Storage,7,96.6,0.0,676.2,74.38
ORD-004506,2023-01-11,2023-01-14,Standard Class,CUST-00376,Corporate,East,PROD-0006,Furniture,Chairs,6,278.17,0.15,1418.67,-86.59
ORD-004507,2024-11-23,2024-11-27,Standard Class,CUST-00097,Home Office,West,PROD-0007,Office Supplies,Binders,10,892.24,0.0,8922.4,903.01
ORD-004508,2025-10-17,2025-10-18,Standard Class,CUST-00166,Consumer,South,PROD-0008,Furniture,Furnishings,4,739.98,0.1,2663.93,1031.03
ORD-004509,2025-05-31,2025-06-02,Standard Class,CUST-00891,Consumer,East,PROD-0009,Office Supplies,Paper,8,416.62,0.0,3332.96,-285.44
ORD-004510,2024-09-30,2024-10-01,Standard Class,CUST-00500,Corporate,Central,PROD-0010,Technology,Copiers,3,465.44,0.0,1396.32,438.14
ORD-004511,2025-02-10,2025-02-11,Standard Class,CUST-00198,Home Office,South,PROD-0011,Office Supplies,Storage,3,257.73,0.0,773.19,248.79
ORD-004512,2023-07-02,2023-07-04,Standard Class,CUST-00213,Consumer,Central,PROD-0012,Office Supplies,Art,11,257.27,0.0,2829.97,192.5
ORD-004513,2023-04-22,2023-04-23,First Class,CUST-00854,Home Office,Central,PROD-0013,Office Supplies,Storage,2,491.56,0.15,835.65,278.64
ORD-004514,2024-12-22,2024-12-28,Standard Class,CUST-00033,Corporate,West,PROD-0014,Office Supplies,Art,11,636.51,0.0,7001.61,-686.07
ORD-004515,2024-12-26,2025-01-02,Standard Class,CUST-00553,Consumer,Central,PROD-0015,Furniture,Tables,2,57.84,0.0,115.68,-8.49
ORD-004516,2023-06-03,2023-06-10,Standard Class,CUST-00624,Consumer,East,PROD-0016,Technology,Copiers,1,358.01,0.15,304.31,99.31
ORD-004517,2023-01-06,2023-01-11,First Class,CUST-00231,Home Office,East,PROD-0017,Office Supplies,Paper,1,119.86,0.0,119.86,-5.27
ORD-004518,2023-06-10,2023-06-12,Standard Class,CUST-00530,Consumer,Central,PROD-0018,Office Supplies,Binders,2,765.87,0.0,1531.74,-79.82
ORD-004519,2024-10-23,2024-10-24,Second Class,CUST-00195,Corporate,West,PROD-0019,Furniture,Chairs,2,249.88,0.1,449.78,-4.95
ORD-004520,2023-09-01,2023-09-07,Same Day,CUST-00001,Consumer,East,PROD-0020,Technology,Phones,9,409.61,0.5,1843.25,611.84
ORD-004521,2025-10-24,2025-10-29,First Class,CUST-00730,Home Office,South,PROD-0021,Office Supplies,Labels,10,679.22,0.15,5773.37,80.57
ORD-004522,2025-12-06,2025-12-09,Standard Class,CUST-00566,Corporate,South,PROD-0022,Technology,Machines,11,115.72,0.1,1145.63,22.86
ORD-004523,2023-06-24,2023-07-01,Standard Class,CUST-00773,Consumer,East,PROD-0023,Office Supplies,Storage,5,595.69,0.0,2978.45,990.76
ORD-004524,2023-09-15,2023-09-22,First Class,CUST-00462,Home Office,West,PROD-0024,Office Supplies,Paper,8,883.18,0.5,3532.72,904.3
ORD-004525,2023-07-25,2023-08-01,Second Class,CUST-00545,Corporate,Central,PROD-0025,Office Supplies,Paper,11,490.2,0.1,4852.98,-398.24
ORD-004526,2024-10-19,2024-10-21,First Class,CUST-00050,Home Office,South,PROD-0026,Furniture,Tables,6,98.75,0.15,503.62,103.0
ORD-004527,2026-05-15,2026-05-20,Second Class,CUST-00594,Corporate,South,PROD-0027,Technology,Accessories,10,53.91,0.0,539.1,108.38
ORD-004528,2023-01-05,2023-01-12,Standard Class,CUST-00029,Consumer,West,PROD-0028,Furniture,Chairs,1,795.35,0.0,795.35,228.21
ORD-004529,2025-08-07,2025-08-13,Standard Class,CUST-00587,Home Office,East,PROD-0029,Office Supplies,Art,4,388.98,0.0,1555.92,136.93
ORD-004530,2024-07-18,2024-07-24,Standard Class,CUST-00029,Consumer,South,PROD-0030,Office Supplies,Labels,10,388.81,0.15,3304.88,1141.9
ORD-004531,2025-04-06,2025-04-08,Standard Class,CUST-00830,Consumer,East,PROD-0031,Office Supplies,Binders,2,883.62,0.15,1502.15,271.97
ORD-004532,2023-09-08,2023-09-09,Standard Class,CUST-00572,Consumer,East,PROD-0032,Furniture,Chairs,11,435.26,0.0,4787.86,120.91
ORD-004533,2025-10-03,2025-10-10,First Class,CUST-00682,Consumer,South,PROD-0033,Office Supplies,Storage,11,772.63,0.0,8498.93,-197.5
ORD-004534,2024-11-03,2024-11-08,Standard Class,CUST-00157,Corporate,West,PROD-0034,Office Supplies,Labels,5,161.17,0.0,805.85,279.22
ORD-004535,2025-04-19,2025-04-23,Standard Class,CUST-00760,Home Office,West,PROD-0035,Office Supplies,Paper,9,237.87,0.0,2140.83,386.32
ORD-004536,2025-01-29,2025-02-03,Standard Class,CUST-00071,Consumer,Central,PROD-0036,Furniture,Bookcases,11,520.9,0.0,5729.9,2248.95
ORD-004537,2023-03-18,2023-03-19,Standard Class,CUST-00715,Consumer,West,PROD-0037,Office Supplies,Labels,10,432.79,0.3,3029.53,-139.11
ORD-004538,2024-10-20,2024-10-25,First Class,CUST-00766,Corporate,West,PROD-0038,Furniture,Chairs,2,746.42,0.0,1492.84,-107.1
ORD-004539,2023-08-12,2023-08-16,Standard Class,CUST-00273,Consumer,South,PROD-0039,Office Supplies,Labels,8,221.55,0.1,1595.16,321.32
ORD-004540,2025-06-19,2025-06-24,Standard Class,CUST-00390,Consumer,West,PROD-0040,Technology,Accessories,4,307.89,0.2,985.25,145.19
ORD-004541,2024-10-11,2024-10-12,Standard Class,CUST-00025,Home Office,East,PROD-0041,Furniture,Tables,7,865.39,0.1,5451.96,1210.27
ORD-004542,2024-02-13,2024-02-19,Standard Class,CUST-00082,Consumer,South,PROD-0042,Furniture,Furnishings,11,592.36,0.5,3257.98,-45.36
ORD-004543,2023-06-26,2023-07-03,First Class,CUST-00061,Home Office,Central,PROD-0043,Office Supplies,Art,6,327.33,0.1,1767.58,-87.35
ORD-004544,2024-03-12,2024-03-17,First Class,CUST-00356,Consumer,West,PROD-0044,Office Supplies,Storage,6,526.08,0.0,3156.48,627.51
ORD-004545,2024-05-06,2024-05-08,Second Class,CUST-00374,Corporate,South,PROD-0045,Office Supplies,Paper,7,341.82,0.1,2153.47,-197.4
ORD-004546,2024-10-07,2024-10-10,Standard Class,CUST-00394,Corporate,South,PROD-0046,Furniture,Chairs,10,779.2,0.1,7012.8,1627.64
ORD-004547,2024-02-03,2024-02-04,Standard Class,CUST-00381,Consumer,West,PROD-0047,Furniture,Bookcases,3,203.82,0.1,550.31,135.26
ORD-004548,2026-03-11,2026-03-15,First Class,CUST-00571,Consumer,South,PROD-0048,Office Supplies,Labels,2,73.83,0.0,147.66,4.49
ORD-004549,2024-10-16,2024-10-18,Second Class,CUST-00261,Consumer,East,PROD-0049,Furniture,Furnishings,10,706.59,0.0,7065.9,-532.11
ORD-004550,2023-08-08,2023-08-11,Standard Class,CUST-00112,Consumer,West,PROD-0050,Office Supplies,Binders,4,45.95,0.1,165.42,43.9
ORD-004551,2023-12-29,2024-01-05,Second Class,CUST-00360,Consumer,South,PROD-0051,Technology,Machines,1,401.83,0.0,401.83,-25.24
ORD-004552,2026-02-23,2026-02-27,Second Class,CUST-00656,Corporate,West,PROD-0052,Office Supplies,Art,1,813.81,0.0,813.81,119.61
ORD-004553,2024-02-04,2024-02-07,Standard Class,CUST-00376,Consumer,Central,PROD-0053,Office Supplies,Paper,1,615.79,0.2,492.63,-20.32
ORD-004554,2024-11-10,2024-11-15,First Class,CUST-00680,Consumer,South,PROD-0054,Technology,Accessories,9,11.68,0.3,73.58,-6.17
ORD-004555,2025-05-10,2025-05-14,Same Day,CUST-00790,Corporate,West,PROD-0055,Office Supplies,Paper,3,762.48,0.3,1601.21,481.78
ORD-004556,2026-05-09,2026-05-10,First Class,CUST-00859,Home Office,West,PROD-0056,Technology,Copiers,6,475.99,0.0,2855.94,138.24
ORD-004557,2024-06-11,2024-06-18,Standard Class,CUST-00321,Consumer,East,PROD-0057,Office Supplies,Labels,7,780.26,0.0,5461.82,1163.53
ORD-004558,2025-04-10,2025-04-14,Second Class,CUST-00589,Consumer,West,PROD-0058,Office Supplies,Binders,2,671.31,0.0,1342.62,-17.53
ORD-004559,2024-07-16,2024-07-19,Standard Class,CUST-00872,Consumer,Central,PROD-0059,Office Supplies,Labels,4,203.87,0.15,693.16,98.79
ORD-004560,2023-10-02,2023-10-05,Standard Class,CUST-00628,Corporate,South,PROD-0060,Furniture,Furnishings,4,798.43,0.0,3193.72,1084.48
ORD-004561,2026-04-27,2026-05-02,Standard Class,CUST-00427,Consumer,West,PROD-0061,Office Supplies,Art,10,415.73,0.0,4157.3,856.79
ORD-004562,2025-12-13,2025-12-15,Standard Class,CUST-00068,Corporate,Central,PROD-0062,Technology,Phones,10,744.4,0.0,7444.0,1776.06
ORD-004563,2026-04-27,2026-04-29,Second Class,CUST-00870,Corporate,West,PROD-0063,Technology,Phones,2,800.0,0.0,1600.0,92.26
ORD-004564,2025-10-29,2025-11-03,Standard Class,CUST-00036,Corporate,Central,PROD-0064,Office Supplies,Paper,11,52.59,0.0,578.49,228.73
ORD-004565,2023-08-07,2023-08-08,Standard Class,CUST-00281,Consumer,East,PROD-0065,Technology,Phones,1,861.28,0.1,775.15,-18.72
ORD-004566,2024-01-18,2024-01-23,Standard Class,CUST-00576,Corporate,West,PROD-0066,Furniture,Bookcases,3,846.84,0.3,1778.36,18.65
ORD-004567,2024-01-09,2024-01-12,First Class,CUST-00633,Consumer,West,PROD-0067,Technology,Accessories,7,634.4,0.0,4440.8,-20.66
ORD-004568,2023-06-15,2023-06-18,Second Class,CUST-00516,Consumer,West,PROD-0068,Office Supplies,Binders,1,835.46,0.15,710.14,261.03
ORD-004569,2026-03-19,2026-03-22,First Class,CUST-00383,Corporate,East,PROD-0069,Technology,Phones,6,753.48,0.1,4068.79,794.65
ORD-004570,2024-12-07,2024-12-11,Standard Class,CUST-00177,Consumer,East,PROD-0070,Office Supplies,Binders,6,204.41,0.15,1042.49,250.39
ORD-004571,2024-08-21,2024-08-27,Standard Class,CUST-00782,Consumer,East,PROD-0071,Office Supplies,Art,10,186.8,0.0,1868.0,422.67
ORD-004572,2025-12-27,2025-12-28,Standard Class,CUST-00445,Consumer,Central,PROD-0072,Technology,Machines,5,170.37,0.0,851.85,187.31
ORD-004573,2024-02-09,2024-02-11,First Class,CUST-00865,Consumer,East,PROD-0073,Technology,Machines,1,175.1,0.0,175.1,5.35
ORD-004574,2024-10-17,2024-10-24,Standard Class,CUST-00103,Consumer,East,PROD-0074,Technology,Machines,6,300.74,0.3,1263.11,263.45
ORD-004575,2023-04-29,2023-05-06,Second Class,CUST-00115,Consumer,Central,PROD-0075,Furniture,Bookcases,3,33.48,0.1,90.4,15.38
ORD-004576,2025-12-10,2025-12-17,Second Class,CUST-00827,Consumer,South,PROD-0076,Furniture,Furnishings,6,775.16,0.0,4650.96,58.77
ORD-004577,2025-02-12,2025-02-17,Standard Class,CUST-00608,Consumer,West,PROD-0077,Office Supplies,Binders,7,268.62,0.1,1692.31,142.68
ORD-004578,2025-02-05,2025-02-12,First Class,CUST-00727,Corporate,South,PROD-0078,Furniture,Chairs,6,318.34,0.0,1910.04,610.12
ORD-004579,2024-05-19,2024-05-24,Standard Class,CUST-00180,Home Office,West,PROD-0079,Office Supplies,Storage,5,634.24,0.0,3171.2,590.78
ORD-004580,2026-01-05,2026-01-08,Second Class,CUST-00666,Consumer,East,PROD-0080,Office Supplies,Paper,8,412.63,0.3,2310.73,386.44
ORD-004581,2024-08-06,2024-08-10,Standard Class,CUST-00285,Consumer,East,PROD-0081,Technology,Copiers,4,319.28,0.1,1149.41,75.32
ORD-004582,2025-09-15,2025-09-16,Standard Class,CUST-00373,Consumer,South,PROD-0082,Office Supplies,Labels,5,780.29,0.0,3901.45,-191.03
ORD-004583,2023-03-19,2023-03-20,Standard Class,CUST-00500,Home Office,East,PROD-0083,Office Supplies,Paper,10,536.59,0.0,5365.9,-250.63
ORD-004584,2023-01-05,2023-01-11,Standard Class,CUST-00667,Home Office,East,PROD-0084,Office Supplies,Paper,6,750.65,0.15,3828.31,229.66
ORD-004585,2025-12-21,2025-12-26,Standard Class,CUST-00616,Home Office,Central,PROD-0085,Office Supplies,Labels,1,382.98,0.5,191.49,73.19
ORD-004586,2024-08-05,2024-08-12,Standard Class,CUST-00869,Consumer,West,PROD-0086,Technology,Phones,2,768.65,0.0,1537.3,474.06
ORD-004587,2024-11-16,2024-11-17,Standard Class,CUST-00680,Corporate,East,PROD-0087,Technology,Accessories,4,142.02,0.1,511.27,146.65
ORD-004588,2025-08-17,2025-08-23,Same Day,CUST-00422,Consumer,West,PROD-0088,Technology,Accessories,7,732.59,0.2,4102.5,-241.38
ORD-004589,2026-03-18,2026-03-20,Standard Class,CUST-00258,Corporate,West,PROD-0089,Furniture,Furnishings,6,138.66,0.3,582.37,203.47
ORD-004590,2026-03-03,2026-03-06,Second Class,CUST-00580,Consumer,Central,PROD-0090,Furniture,Bookcases,2,694.71,0.1,1250.48,232.34
ORD-004591,2023-06-22,2023-06-23,Standard Class,CUST-00193,Corporate,South,PROD-0091,Office Supplies,Labels,5,859.44,0.1,3867.48,112.69
ORD-004592,2026-01-24,2026-01-25,Standard Class,CUST-00505,Consumer,South,PROD-0092,Technology,Phones,6,193.67,0.0,1162.02,-38.0
ORD-004593,2026-01-31,2026-02-02,Standard Class,CUST-00849,Consumer,West,PROD-0093,Furniture,Bookcases,5,754.26,0.15,3205.61,338.76
ORD-004594,2026-05-18,2026-05-25,First Class,CUST-00349,Home Office,South,PROD-0094,Furniture,Furnishings,1,292.32,0.0,292.32,83.96
ORD-004595,2025-03-14,2025-03-20,Second Class,CUST-00680,Consumer,Central,PROD-0095,Office Supplies,Storage,2,499.49,0.1,899.08,-19.41
ORD-004596,2023-02-14,2023-02-17,Standard Class,CUST-00603,Consumer,East,PROD-0096,Technology,Accessories,1,851.3,0.0,851.3,104.42
ORD-004597,2025-12-08,2025-12-09,Standard Class,CUST-00063,Home Office,South,PROD-0097,Technology,Copiers,8,665.27,0.15,4523.84,916.69
ORD-004598,2023-02-13,2023-02-14,Standard Class,CUST-00895,Consumer,Central,PROD-0098,Office Supplies,Storage,9,789.9,0.2,5687.28,2173.16
ORD-004599,2023-04-23,2023-04-27,Standard Class,CUST-00401,Consumer,Central,PROD-0099,Office Supplies,Binders,5,505.17,0.15,2146.97,657.52
ORD-004600,2023-02-08,2023-02-10,Standard Class,CUST-00284,Home Office,Central,PROD-0100,Office Supplies,Labels,6,718.31,0.0,4309.86,1634.21
ORD-004601,2025-03-24,2025-03-28,Second Class,CUST-00861,Consumer,East,PROD-0101,Office Supplies,Binders,8,892.85,0.0,7142.8,-36.72
ORD-004602,2025-10-28,2025-10-29,First Class,CUST-00557,Corporate,South,PROD-0102,Furniture,Tables,11,577.7,0.0,6354.7,-535.33
ORD-004603,2023-07-31,2023-08-07,Standard Class,CUST-00884,Home Office,East,PROD-0103,Technology,Accessories,6,876.43,0.0,5258.58,1183.54
ORD-004604,2026-05-25,2026-05-30,Second Class,CUST-00331,Consumer,East,PROD-0104,Office Supplies,Paper,8,452.2,0.2,2894.08,-118.48
ORD-004605,2023-03-11,2023-03-16,Standard Class,CUST-00751,Consumer,Central,PROD-0105,Technology,Phones,8,495.21,0.2,3169.34,297.8
ORD-004606,2026-04-27,2026-05-03,Standard Class,CUST-00038,Consumer,Central,PROD-0106,Technology,Phones,5,487.48,0.0,2437.4,714.61
ORD-004607,2025-10-26,2025-10-31,Second Class,CUST-00377,Corporate,East,PROD-0107,Office Supplies,Art,3,563.33,0.15,1436.49,571.93
ORD-004608,2023-06-03,2023-06-06,Same Day,CUST-00829,Consumer,West,PROD-0108,Technology,Machines,4,473.72,0.0,1894.88,385.18
ORD-004609,2025-03-19,2025-03-21,Standard Class,CUST-00515,Corporate,Central,PROD-0109,Technology,Machines,7,174.02,0.3,852.7,154.04
ORD-004610,2023-12-20,2023-12-26,Standard Class,CUST-00782,Corporate,West,PROD-0110,Technology,Machines,8,190.34,0.3,1065.9,24.43
ORD-004611,2025-01-18,2025-01-22,Second Class,CUST-00311,Consumer,East,PROD-0111,Technology,Copiers,3,425.84,0.0,1277.52,-6.93
ORD-004612,2026-03-13,2026-03-16,Standard Class,CUST-00373,Consumer,Central,PROD-0112,Office Supplies,Binders,2,500.49,0.15,850.83,288.4
ORD-004613,2024-04-13,2024-04-16,Standard Class,CUST-00864,Corporate,Central,PROD-0113,Furniture,Furnishings,9,65.62,0.0,590.58,-7.79
ORD-004614,2024-09-11,2024-09-18,Same Day,CUST-00250,Home Office,South,PROD-0114,Office Supplies,Art,8,887.37,0.1,6389.06,2429.58
ORD-004615,2024-12-29,2025-01-04,First Class,CUST-00490,Corporate,South,PROD-0115,Technology,Phones,8,172.2,0.0,1377.6,349.18
ORD-004616,2025-10-13,2025-10-15,Second Class,CUST-00459,Home Office,East,PROD-0116,Office Supplies,Binders,7,303.92,0.0,2127.44,39.76
ORD-004617,2023-09-01,2023-09-05,Standard Class,CUST-00848,Home Office,East,PROD-0117,Office Supplies,Binders,9,85.4,0.0,768.6,277.56
ORD-004618,2025-02-10,2025-02-14,Standard Class,CUST-00431,Consumer,South,PROD-0118,Office Supplies,Storage,4,590.53,0.15,2007.8,348.06
ORD-004619,2024-06-10,2024-06-14,Standard Class,CUST-00573,Consumer,South,PROD-0119,Office Supplies,Art,3,655.72,0.2,1573.73,435.01
ORD-004620,2023-07-11,2023-07-15,First Class,CUST-00795,Consumer,East,PROD-0120,Office Supplies,Art,3,170.13,0.1,459.35,60.97
ORD-004621,2026-06-10,2026-06-17,Same Day,CUST-00223,Corporate,West,PROD-0121,Furniture,Tables,3,785.06,0.0,2355.18,-90.8
ORD-004622,2023-03-02,2023-03-07,Standard Class,CUST-00659,Consumer,West,PROD-0122,Technology,Copiers,8,395.06,0.0,3160.48,505.29
ORD-004623,2023-02-05,2023-02-10,Same Day,CUST-00456,Consumer,Central,PROD-0123,Furniture,Chairs,6,544.38,0.0,3266.28,631.04
ORD-004624,2023-05-28,2023-06-02,Standard Class,CUST-00130,Consumer,West,PROD-0124,Technology,Accessories,10,254.4,0.0,2544.0,332.15
ORD-004625,2024-07-30,2024-08-06,Second Class,CUST-00392,Corporate,West,PROD-0125,Technology,Copiers,3,629.22,0.0,1887.66,643.0
ORD-004626,2023-01-15,2023-01-20,Standard Class,CUST-00175,Corporate,West,PROD-0126,Office Supplies,Binders,4,516.42,0.0,2065.68,662.26
ORD-004627,2025-09-05,2025-09-09,Second Class,CUST-00570,Corporate,West,PROD-0127,Office Supplies,Binders,9,9.3,0.0,83.7,33.44
ORD-004628,2023-04-25,2023-04-27,Second Class,CUST-00721,Consumer,South,PROD-0128,Office Supplies,Storage,8,346.32,0.0,2770.56,-41.81
ORD-004629,2023-02-09,2023-02-14,First Class,CUST-00448,Consumer,West,PROD-0129,Office Supplies,Paper,5,754.9,0.0,3774.5,134.59
ORD-004630,2025-12-04,2025-12-08,Same Day,CUST-00688,Consumer,Central,PROD-0130,Office Supplies,Labels,9,165.05,0.1,1336.9,-29.74
ORD-004631,2025-09-10,2025-09-13,Standard Class,CUST-00612,Consumer,Central,PROD-0131,Furniture,Furnishings,7,397.66,0.0,2783.62,579.05
ORD-004632,2024-04-22,2024-04-25,Standard Class,CUST-00787,Corporate,West,PROD-0132,Furniture,Furnishings,5,625.3,0.0,3126.5,1202.35
ORD-004633,2023-12-04,2023-12-10,Standard Class,CUST-00440,Home Office,East,PROD-0133,Furniture,Bookcases,3,167.39,0.0,502.17,183.09
ORD-004634,2026-03-17,2026-03-20,Standard Class,CUST-00574,Corporate,West,PROD-0134,Office Supplies,Binders,1,488.15,0.0,488.15,-31.21
ORD-004635,2024-11-07,2024-11-12,Standard Class,CUST-00399,Corporate,East,PROD-0135,Furniture,Chairs,8,880.68,0.1,6340.9,1936.19
ORD-004636,2026-03-11,2026-03-16,Standard Class,CUST-00304,Home Office,Central,PROD-0136,Office Supplies,Storage,1,365.53,0.3,255.87,-15.79
ORD-004637,2025-10-27,2025-10-30,Standard Class,CUST-00493,Consumer,South,PROD-0137,Technology,Copiers,3,204.74,0.0,614.22,79.39
ORD-004638,2023-03-18,2023-03-22,Second Class,CUST-00445,Consumer,East,PROD-0138,Technology,Copiers,9,175.73,0.15,1344.33,276.77
ORD-004639,2024-05-04,2024-05-10,Standard Class,CUST-00304,Consumer,East,PROD-0139,Technology,Machines,6,433.25,0.0,2599.5,41.49
ORD-004640,2026-02-28,2026-03-07,Standard Class,CUST-00348,Consumer,Central,PROD-0140,Furniture,Bookcases,9,709.69,0.1,5748.49,658.42
ORD-004641,2023-03-07,2023-03-13,Second Class,CUST-00116,Consumer,Central,PROD-0141,Technology,Phones,5,83.45,0.1,375.53,-24.19
ORD-004642,2024-01-05,2024-01-10,Standard Class,CUST-00450,Consumer,South,PROD-0142,Office Supplies,Storage,7,195.9,0.0,1371.3,-63.66
ORD-004643,2025-07-30,2025-08-04,Standard Class,CUST-00787,Consumer,West,PROD-0143,Office Supplies,Binders,11,202.32,0.0,2225.52,-112.78
ORD-004644,2025-11-21,2025-11-26,Same Day,CUST-00422,Corporate,Central,PROD-0144,Furniture,Tables,5,632.98,0.2,2531.92,415.06
ORD-004645,2023-01-14,2023-01-17,Standard Class,CUST-00427,Consumer,West,PROD-0145,Office Supplies,Binders,4,291.48,0.15,991.03,19.24
ORD-004646,2025-10-16,2025-10-21,Second Class,CUST-00184,Corporate,West,PROD-0146,Technology,Machines,2,872.04,0.0,1744.08,-150.1
ORD-004647,2025-12-28,2025-12-30,Standard Class,CUST-00187,Home Office,South,PROD-0147,Office Supplies,Binders,8,773.55,0.0,6188.4,2187.35
ORD-004648,2025-09-10,2025-09-13,Standard Class,CUST-00356,Home Office,West,PROD-0148,Furniture,Chairs,7,589.08,0.15,3505.03,960.98
ORD-004649,2024-08-27,2024-09-01,Second Class,CUST-00122,Consumer,South,PROD-0149,Office Supplies,Binders,8,400.65,0.15,2724.42,333.41
ORD-004650,2025-05-27,2025-05-29,Standard Class,CUST-00841,Consumer,South,PROD-0150,Office Supplies,Labels,5,228.3,0.0,1141.5,219.98
ORD-004651,2024-04-15,2024-04-16,Second Class,CUST-00130,Consumer,West,PROD-0151,Technology,Machines,7,271.08,0.0,1897.56,231.87
ORD-004652,2023-11-15,2023-11-20,First Class,CUST-00055,Corporate,East,PROD-0152,Office Supplies,Binders,9,358.09,0.3,2255.97,511.55
ORD-004653,2026-06-24,2026-07-01,Standard Class,CUST-00668,Consumer,East,PROD-0153,Technology,Phones,5,364.04,0.0,1820.2,494.4
ORD-004654,2025-06-20,2025-06-25,Same Day,CUST-00564,Consumer,East,PROD-0154,Technology,Copiers,1,538.31,0.2,430.65,99.87
ORD-004655,2025-02-19,2025-02-26,Standard Class,CUST-00756,Consumer,Central,PROD-0155,Furniture,Furnishings,5,877.78,0.15,3730.56,781.73
ORD-004656,2025-08-12,2025-08-14,First Class,CUST-00870,Consumer,East,PROD-0156,Office Supplies,Paper,11,529.64,0.2,4660.83,742.07
ORD-004657,2025-04-27,2025-04-29,Second Class,CUST-00185,Corporate,Central,PROD-0157,Technology,Accessories,9,389.85,0.0,3508.65,1368.39
ORD-004658,2025-06-25,2025-06-27,Standard Class,CUST-00033,Corporate,East,PROD-0158,Furniture,Bookcases,2,797.68,0.0,1595.36,-60.46
ORD-004659,2025-01-12,2025-01-18,Standard Class,CUST-00410,Corporate,East,PROD-0159,Furniture,Chairs,10,410.37,0.1,3693.33,155.0
ORD-004660,2025-08-30,2025-09-04,Standard Class,CUST-00252,Home Office,West,PROD-0160,Office Supplies,Art,4,498.95,0.0,1995.8,120.08
ORD-004661,2025-02-06,2025-02-07,Standard Class,CUST-00704,Corporate,East,PROD-0161,Office Supplies,Paper,8,522.12,0.0,4176.96,228.07
ORD-004662,2023-11-01,2023-11-05,Second Class,CUST-00011,Corporate,South,PROD-0162,Furniture,Chairs,7,34.61,0.3,169.59,-14.63
ORD-004663,2025-07-04,2025-07-08,First Class,CUST-00860,Corporate,West,PROD-0163,Office Supplies,Storage,1,697.1,0.2,557.68,-2.96
ORD-004664,2023-10-17,2023-10-24,Standard Class,CUST-00441,Corporate,West,PROD-0164,Office Supplies,Storage,6,858.56,0.15,4378.66,-282.37
ORD-004665,2025-04-14,2025-04-19,Second Class,CUST-00702,Consumer,South,PROD-0165,Technology,Phones,10,741.69,0.0,7416.9,-617.68
ORD-004666,2025-09-08,2025-09-09,First Class,CUST-00828,Consumer,East,PROD-0166,Office Supplies,Paper,10,441.29,0.0,4412.9,269.06
ORD-004667,2024-03-17,2024-03-22,Standard Class,CUST-00277,Consumer,East,PROD-0167,Office Supplies,Paper,8,480.77,0.0,3846.16,769.44
ORD-004668,2023-03-27,2023-03-28,Standard Class,CUST-00725,Consumer,South,PROD-0168,Office Supplies,Labels,4,387.93,0.1,1396.55,289.04
ORD-004669,2023-08-22,2023-08-27,Standard Class,CUST-00629,Home Office,East,PROD-0169,Office Supplies,Paper,3,517.23,0.1,1396.52,264.63
ORD-004670,2023-12-27,2024-01-02,Standard Class,CUST-00205,Consumer,Central,PROD-0170,Office Supplies,Binders,3,128.35,0.0,385.05,136.95
ORD-004671,2023-03-31,2023-04-05,First Class,CUST-00466,Home Office,West,PROD-0171,Technology,Phones,7,839.46,0.3,4113.35,82.4
ORD-004672,2025-12-26,2026-01-01,Standard Class,CUST-00189,Corporate,Central,PROD-0172,Office Supplies,Labels,11,178.49,0.1,1767.05,660.9
ORD-004673,2024-05-31,2024-06-02,Second Class,CUST-00667,Consumer,East,PROD-0173,Office Supplies,Binders,5,764.39,0.3,2675.36,105.67
ORD-004674,2024-10-10,2024-10-13,Second Class,CUST-00584,Home Office,East,PROD-0174,Furniture,Bookcases,1,603.44,0.0,603.44,130.36
ORD-004675,2025-11-25,2025-11-27,Standard Class,CUST-00315,Consumer,West,PROD-0175,Technology,Machines,4,434.33,0.0,1737.32,-138.84
ORD-004676,2023-04-04,2023-04-06,Standard Class,CUST-00573,Consumer,East,PROD-0176,Technology,Machines,7,564.25,0.0,3949.75,8.24
ORD-004677,2025-04-14,2025-04-18,First Class,CUST-00719,Corporate,West,PROD-0177,Furniture,Furnishings,7,377.88,0.0,2645.16,677.59
ORD-004678,2024-12-12,2024-12-18,Standard Class,CUST-00784,Consumer,West,PROD-0178,Office Supplies,Storage,1,621.73,0.0,621.73,56.21
ORD-004679,2025-11-24,2025-12-01,First Class,CUST-00168,Consumer,East,PROD-0179,Office Supplies,Labels,8,650.16,0.2,4161.02,373.48
ORD-004680,2024-11-28,2024-11-29,Standard Class,CUST-00442,Consumer,Central,PROD-0180,Technology,Copiers,3,432.6,0.0,1297.8,441.85
ORD-004681,2023-01-28,2023-02-02,Standard Class,CUST-00375,Home Office,West,PROD-0181,Office Supplies,Art,9,574.19,0.1,4650.94,1428.35
ORD-004682,2023-10-05,2023-10-07,Second Class,CUST-00720,Consumer,South,PROD-0182,Office Supplies,Paper,1,474.88,0.1,427.39,42.96
ORD-004683,2024-04-11,2024-04-14,Standard Class,CUST-00304,Consumer,East,PROD-0183,Technology,Accessories,9,732.55,0.3,4615.06,-389.16
ORD-004684,2023-11-01,2023-11-07,Second Class,CUST-00125,Consumer,South,PROD-0184,Office Supplies,Binders,9,750.02,0.0,6750.18,1615.21
ORD-004685,2023-12-10,2023-12-16,Standard Class,CUST-00607,Corporate,South,PROD-0185,Technology,Copiers,8,824.55,0.0,6596.4,972.7
ORD-004686,2023-11-11,2023-11-12,Standard Class,CUST-00241,Corporate,South,PROD-0186,Office Supplies,Labels,5,706.98,0.5,1767.45,-27.31
ORD-004687,2023-10-11,2023-10-12,Standard Class,CUST-00459,Home Office,Central,PROD-0187,Office Supplies,Binders,7,153.34,0.0,1073.38,50.39
ORD-004688,2023-06-18,2023-06-25,Standard Class,CUST-00540,Consumer,East,PROD-0188,Technology,Accessories,6,569.16,0.1,3073.46,352.32
ORD-004689,2023-03-16,2023-03-23,Standard Class,CUST-00428,Consumer,Central,PROD-0189,Technology,Phones,7,497.78,0.1,3136.01,100.95
ORD-004690,2024-09-26,2024-09-30,Same Day,CUST-00434,Home Office,Central,PROD-0190,Technology,Accessories,3,751.27,0.0,2253.81,-121.98
ORD-004691,2025-09-09,2025-09-15,Second Class,CUST-00172,Consumer,South,PROD-0191,Technology,Copiers,2,653.14,0.0,1306.28,501.47
ORD-004692,2024-01-04,2024-01-10,Standard Class,CUST-00478,Corporate,East,PROD-0192,Furniture,Bookcases,7,570.87,0.0,3996.09,929.4
ORD-004693,2023-11-25,2023-11-26,Same Day,CUST-00031,Home Office,West,PROD-0193,Technology,Accessories,6,441.68,0.0,2650.08,408.69
ORD-004694,2023-12-22,2023-12-28,Standard Class,CUST-00210,Corporate,East,PROD-0194,Furniture,Tables,10,150.24,0.3,1051.68,69.8
ORD-004695,2023-02-04,2023-02-08,Standard Class,CUST-00220,Home Office,West,PROD-0195,Technology,Machines,7,884.34,0.1,5571.34,1008.05
ORD-004696,2025-03-24,2025-03-30,Standard Class,CUST-00357,Consumer,West,PROD-0196,Furniture,Tables,10,200.8,0.0,2008.0,523.17
ORD-004697,2025-04-18,2025-04-23,Second Class,CUST-00186,Consumer,South,PROD-0197,Office Supplies,Art,10,425.59,0.1,3830.31,1013.33
ORD-004698,2026-01-06,2026-01-13,Second Class,CUST-00015,Consumer,East,PROD-0198,Technology,Copiers,6,48.88,0.0,293.28,94.79
ORD-004699,2026-03-18,2026-03-22,Standard Class,CUST-00674,Home Office,East,PROD-0199,Office Supplies,Labels,6,533.92,0.0,3203.52,-285.59
ORD-004700,2023-04-27,2023-05-04,Same Day,CUST-00895,Consumer,East,PROD-0200,Furniture,Furnishings,7,29.87,0.0,209.09,37.12
ORD-004701,2024-08-10,2024-08-16,Standard Class,CUST-00804,Consumer,West,PROD-0201,Furniture,Chairs,1,553.79,0.0,553.79,-31.75
ORD-004702,2024-04-24,2024-05-01,First Class,CUST-00121,Home Office,South,PROD-0202,Office Supplies,Art,3,253.44,0.0,760.32,304.06
ORD-004703,2025-06-13,2025-06-20,Standard Class,CUST-00676,Consumer,Central,PROD-0203,Office Supplies,Paper,8,127.32,0.0,1018.56,172.48
ORD-004704,2025-06-08,2025-06-13,Standard Class,CUST-00895,Consumer,Central,PROD-0204,Office Supplies,Paper,5,559.38,0.15,2377.37,508.99
ORD-004705,2024-03-04,2024-03-10,Second Class,CUST-00894,Corporate,East,PROD-0205,Technology,Machines,3,163.71,0.0,491.13,145.62
ORD-004706,2023-08-05,2023-08-11,Standard Class,CUST-00430,Consumer,East,PROD-0206,Office Supplies,Art,6,389.27,0.0,2335.62,711.36
ORD-004707,2024-08-01,2024-08-02,Standard Class,CUST-00756,Consumer,West,PROD-0207,Technology,Accessories,7,594.31,0.3,2912.12,-53.46
ORD-004708,2024-03-16,2024-03-19,Standard Class,CUST-00737,Consumer,South,PROD-0208,Technology,Machines,4,680.95,0.15,2315.23,885.56
ORD-004709,2024-02-16,2024-02-20,Second Class,CUST-00230,Consumer,West,PROD-0209,Office Supplies,Binders,11,30.47,0.1,301.65,110.21
ORD-004710,2023-09-03,2023-09-04,Standard Class,CUST-00736,Consumer,East,PROD-0210,Technology,Phones,10,400.45,0.0,4004.5,1386.27
ORD-004711,2025-07-29,2025-08-05,Standard Class,CUST-00635,Home Office,Central,PROD-0211,Furniture,Tables,10,186.47,0.3,1305.29,29.21
ORD-004712,2025-01-31,2025-02-01,Standard Class,CUST-00054,Consumer,South,PROD-0212,Office Supplies,Storage,6,49.21,0.1,265.73,-11.57
ORD-004713,2023-12-09,2023-12-13,First Class,CUST-00486,Consumer,Central,PROD-0213,Technology,Copiers,6,792.72,0.0,4756.32,1789.1
ORD-004714,2024-01-13,2024-01-15,Standard Class,CUST-00258,Corporate,East,PROD-0214,Office Supplies,Binders,6,117.52,0.0,705.12,99.21
ORD-004715,2025-12-12,2025-12-16,Standard Class,CUST-00723,Consumer,Central,PROD-0215,Office Supplies,Storage,4,563.73,0.2,1803.94,-36.12
ORD-004716,2023-06-03,2023-06-09,Standard Class,CUST-00848,Corporate,Central,PROD-0216,Office Supplies,Binders,3,673.47,0.0,2020.41,171.83
ORD-004717,2025-03-17,2025-03-19,Standard Class,CUST-00728,Consumer,Central,PROD-0217,Office Supplies,Labels,2,843.52,0.0,1687.04,471.62
ORD-004718,2025-02-10,2025-02-14,Standard Class,CUST-00735,Consumer,East,PROD-0218,Technology,Phones,4,365.31,0.0,1461.24,342.49
ORD-004719,2026-06-21,2026-06-27,First Class,CUST-00254,Corporate,South,PROD-0219,Office Supplies,Paper,2,266.23,0.0,532.46,-15.57
ORD-004720,2025-06-24,2025-07-01,First Class,CUST-00043,Home Office,Central,PROD-0220,Office Supplies,Labels,4,121.52,0.0,486.08,-42.19
ORD-004721,2023-03-30,2023-04-02,Second Class,CUST-00356,Consumer,West,PROD-0221,Office Supplies,Paper,7,898.66,0.5,3145.31,238.38
ORD-004722,2023-01-16,2023-01-17,Standard Class,CUST-00347,Consumer,South,PROD-0222,Furniture,Furnishings,10,553.23,0.0,5532.3,424.99
ORD-004723,2025-08-29,2025-08-31,Second Class,CUST-00502,Consumer,South,PROD-0223,Office Supplies,Binders,7,350.4,0.0,2452.8,36.34
ORD-004724,2026-05-04,2026-05-05,Standard Class,CUST-00090,Consumer,Central,PROD-0224,Technology,Machines,5,764.86,0.1,3441.87,1303.56
ORD-004725,2023-01-01,2023-01-08,Second Class,CUST-00022,Home Office,Central,PROD-0225,Furniture,Furnishings,11,83.3,0.0,916.3,346.55
ORD-004726,2025-03-06,2025-03-11,Standard Class,CUST-00108,Consumer,Central,PROD-0226,Furniture,Furnishings,9,99.92,0.0,899.28,90.57
ORD-004727,2024-01-21,2024-01-26,Second Class,CUST-00518,Corporate,Central,PROD-0227,Technology,Accessories,4,55.74,0.1,200.66,20.82
ORD-004728,2023-02-06,2023-02-11,Standard Class,CUST-00430,Consumer,South,PROD-0228,Office Supplies,Labels,2,134.77,0.2,215.63,74.8
ORD-004729,2025-11-28,2025-12-02,Standard Class,CUST-00211,Home Office,East,PROD-0229,Office Supplies,Art,5,93.35,0.0,466.75,-19.41
ORD-004730,2026-02-27,2026-02-28,Standard Class,CUST-00348,Consumer,East,PROD-0230,Office Supplies,Binders,8,463.14,0.0,3705.12,431.22
ORD-004731,2025-07-01,2025-07-03,First Class,CUST-00763,Home Office,East,PROD-0231,Office Supplies,Art,8,89.96,0.3,503.78,137.2
ORD-004732,2023-01-04,2023-01-08,Standard Class,CUST-00399,Home Office,Central,PROD-0232,Office Supplies,Binders,10,459.16,0.2,3673.28,331.88
ORD-004733,2023-12-30,2024-01-05,Standard Class,CUST-00219,Consumer,South,PROD-0233,Technology,Machines,10,613.79,0.0,6137.9,1291.67
ORD-004734,2026-04-17,2026-04-22,Second Class,CUST-00321,Home Office,West,PROD-0234,Technology,Accessories,5,337.85,0.0,1689.25,-98.88
ORD-004735,2026-05-24,2026-05-27,First Class,CUST-00286,Corporate,Central,PROD-0235,Furniture,Chairs,9,27.9,0.0,251.1,82.37
ORD-004736,2025-07-21,2025-07-22,Second Class,CUST-00734,Corporate,West,PROD-0236,Furniture,Tables,11,167.49,0.0,1842.39,663.4
ORD-004737,2024-01-01,2024-01-03,Second Class,CUST-00537,Corporate,South,PROD-0237,Technology,Machines,9,751.91,0.0,6767.19,146.87
ORD-004738,2023-11-10,2023-11-16,Standard Class,CUST-00760,Consumer,Central,PROD-0238,Office Supplies,Art,2,545.86,0.3,764.2,10.44
ORD-004739,2024-12-27,2024-12-28,Second Class,CUST-00610,Consumer,West,PROD-0239,Furniture,Bookcases,5,207.33,0.0,1036.65,292.92
ORD-004740,2024-06-01,2024-06-06,Second Class,CUST-00771,Home Office,West,PROD-0240,Furniture,Tables,3,356.68,0.1,963.04,-10.73
ORD-004741,2024-10-06,2024-10-11,Standard Class,CUST-00405,Consumer,East,PROD-0241,Furniture,Chairs,11,439.02,0.1,4346.3,47.71
ORD-004742,2024-08-14,2024-08-17,Standard Class,CUST-00859,Consumer,East,PROD-0242,Office Supplies,Art,6,241.14,0.3,1012.79,191.12
ORD-004743,2026-06-28,2026-07-01,First Class,CUST-00162,Consumer,East,PROD-0243,Furniture,Furnishings,2,779.24,0.15,1324.71,65.53
ORD-004744,2024-04-07,2024-04-11,Standard Class,CUST-00456,Corporate,West,PROD-0244,Furniture,Bookcases,7,758.95,0.0,5312.65,478.32
ORD-004745,2023-12-26,2023-12-27,First Class,CUST-00878,Home Office,West,PROD-0245,Furniture,Tables,10,567.59,0.2,4540.72,715.32
ORD-004746,2024-01-02,2024-01-05,Standard Class,CUST-00472,Consumer,East,PROD-0246,Office Supplies,Paper,2,770.44,0.0,1540.88,-84.76
ORD-004747,2025-11-14,2025-11-15,Second Class,CUST-00855,Home Office,West,PROD-0247,Furniture,Chairs,3,145.95,0.0,437.85,6.04
ORD-004748,2025-10-27,2025-10-31,Standard Class,CUST-00310,Corporate,West,PROD-0248,Technology,Copiers,8,156.23,0.0,1249.84,-13.04
ORD-004749,2023-03-04,2023-03-09,First Class,CUST-00892,Home Office,South,PROD-0249,Office Supplies,Labels,6,826.71,0.0,4960.26,-96.7
ORD-004750,2024-05-18,2024-05-23,Second Class,CUST-00672,Consumer,West,PROD-0250,Office Supplies,Binders,3,151.98,0.1,410.35,77.09
ORD-004751,2023-03-07,2023-03-13,Second Class,CUST-00136,Consumer,Central,PROD-0251,Furniture,Tables,10,234.29,0.1,2108.61,295.54
ORD-004752,2023-09-24,2023-09-27,Standard Class,CUST-00307,Consumer,Central,PROD-0252,Office Supplies,Art,4,301.78,0.0,1207.12,-18.37
ORD-004753,2024-07-16,2024-07-20,First Class,CUST-00208,Home Office,Central,PROD-0253,Technology,Phones,2,445.15,0.2,712.24,199.35
ORD-004754,2025-04-16,2025-04-20,Standard Class,CUST-00067,Consumer,East,PROD-0254,Office Supplies,Paper,4,590.67,0.0,2362.68,343.36
ORD-004755,2023-01-12,2023-01-13,Standard Class,CUST-00275,Consumer,East,PROD-0255,Office Supplies,Storage,1,767.79,0.0,767.79,9.35
ORD-004756,2023-08-04,2023-08-07,Standard Class,CUST-00507,Consumer,East,PROD-0256,Office Supplies,Binders,3,642.39,0.15,1638.09,390.31
ORD-004757,2023-07-23,2023-07-29,Second Class,CUST-00718,Consumer,East,PROD-0257,Technology,Phones,4,615.08,0.0,2460.32,-206.25
ORD-004758,2023-09-14,2023-09-19,Standard Class,CUST-00510,Consumer,West,PROD-0258,Technology,Copiers,5,755.96,0.15,3212.83,-26.32
ORD-004759,2025-08-26,2025-09-02,Standard Class,CUST-00510,Home Office,East,PROD-0259,Technology,Accessories,10,82.01,0.0,820.1,-20.82
ORD-004760,2023-09-22,2023-09-25,Standard Class,CUST-00041,Consumer,South,PROD-0260,Office Supplies,Paper,11,748.28,0.0,8231.08,591.34
ORD-004761,2025-03-13,2025-03-20,Second Class,CUST-00420,Home Office,South,PROD-0261,Office Supplies,Art,8,312.42,0.0,2499.36,143.67
ORD-004762,2025-06-14,2025-06-18,Same Day,CUST-00377,Consumer,Central,PROD-0262,Furniture,Bookcases,3,716.55,0.0,2149.65,359.19
ORD-004763,2024-01-07,2024-01-13,Standard Class,CUST-00877,Home Office,East,PROD-0263,Office Supplies,Binders,5,607.54,0.0,3037.7,898.72
ORD-004764,2025-08-13,2025-08-19,Standard Class,CUST-00864,Consumer,South,PROD-0264,Technology,Phones,10,212.14,0.0,2121.4,-74.41
ORD-004765,2023-04-21,2023-04-22,Second Class,CUST-00294,Consumer,West,PROD-0265,Furniture,Tables,5,606.5,0.2,2426.0,-138.26
ORD-004766,2023-10-10,2023-10-14,Standard Class,CUST-00833,Consumer,West,PROD-0266,Office Supplies,Paper,2,508.34,0.0,1016.68,82.5
ORD-004767,2025-11-06,2025-11-09,First Class,CUST-00395,Corporate,South,PROD-0267,Office Supplies,Binders,5,171.26,0.15,727.85,151.84
ORD-004768,2025-10-17,2025-10-18,First Class,CUST-00226,Consumer,South,PROD-0268,Technology,Copiers,2,736.32,0.0,1472.64,-26.5
ORD-004769,2023-01-01,2023-01-05,Second Class,CUST-00315,Consumer,South,PROD-0269,Furniture,Chairs,9,723.03,0.2,5205.82,935.26
ORD-004770,2024-01-26,2024-02-02,Standard Class,CUST-00589,Consumer,West,PROD-0270,Technology,Copiers,1,685.25,0.0,685.25,161.75
ORD-004771,2026-04-12,2026-04-17,Second Class,CUST-00311,Corporate,East,PROD-0271,Technology,Copiers,7,324.88,0.0,2274.16,74.31
ORD-004772,2023-02-23,2023-02-27,Second Class,CUST-00786,Consumer,Central,PROD-0272,Office Supplies,Paper,9,895.51,0.15,6850.65,638.93
ORD-004773,2023-08-29,2023-08-30,First Class,CUST-00057,Consumer,West,PROD-0273,Technology,Machines,3,490.11,0.0,1470.33,17.18
ORD-004774,2025-04-26,2025-05-02,Standard Class,CUST-00302,Consumer,West,PROD-0274,Office Supplies,Paper,9,485.95,0.15,3717.52,1122.21
ORD-004775,2023-04-07,2023-04-08,Standard Class,CUST-00182,Consumer,Central,PROD-0275,Furniture,Tables,3,191.77,0.0,575.31,208.8
ORD-004776,2025-05-21,2025-05-25,Second Class,CUST-00308,Home Office,South,PROD-0276,Office Supplies,Art,4,693.98,0.0,2775.92,549.26
ORD-004777,2023-02-07,2023-02-11,Second Class,CUST-00731,Consumer,South,PROD-0277,Office Supplies,Binders,8,211.55,0.0,1692.4,676.92
ORD-004778,2025-02-14,2025-02-16,Standard Class,CUST-00044,Consumer,East,PROD-0278,Furniture,Bookcases,5,311.03,0.3,1088.6,261.58
ORD-004779,2025-02-27,2025-03-03,Second Class,CUST-00548,Consumer,Central,PROD-0279,Technology,Copiers,11,360.28,0.3,2774.16,-43.65
ORD-004780,2024-04-16,2024-04-23,First Class,CUST-00434,Corporate,West,PROD-0280,Technology,Phones,4,373.69,0.2,1195.81,251.79
ORD-004781,2025-03-30,2025-03-31,Standard Class,CUST-00285,Consumer,East,PROD-0281,Office Supplies,Art,3,771.79,0.0,2315.37,12.18
ORD-004782,2026-06-22,2026-06-23,Standard Class,CUST-00610,Corporate,Central,PROD-0282,Technology,Machines,10,234.13,0.5,1170.65,405.38
ORD-004783,2026-03-10,2026-03-16,Standard Class,CUST-00012,Consumer,South,PROD-0283,Office Supplies,Binders,2,300.76,0.0,601.52,152.36
ORD-004784,2024-03-24,2024-03-30,Standard Class,CUST-00698,Consumer,Central,PROD-0284,Office Supplies,Art,9,764.25,0.0,6878.25,271.61
ORD-004785,2026-05-19,2026-05-25,Second Class,CUST-00167,Corporate,Central,PROD-0285,Office Supplies,Storage,9,313.29,0.0,2819.61,74.12
ORD-004786,2023-12-19,2023-12-25,Standard Class,CUST-00543,Consumer,Central,PROD-0286,Office Supplies,Paper,7,833.19,0.0,5832.33,1430.08
ORD-004787,2023-07-18,2023-07-21,Second Class,CUST-00849,Consumer,West,PROD-0287,Technology,Accessories,7,301.82,0.15,1795.83,-40.96
ORD-004788,2023-07-06,2023-07-12,Standard Class,CUST-00858,Corporate,Central,PROD-0288,Office Supplies,Paper,3,460.1,0.1,1242.27,183.96
ORD-004789,2023-10-19,2023-10-22,Same Day,CUST-00123,Corporate,East,PROD-0289,Furniture,Chairs,9,839.33,0.1,6798.57,397.61
ORD-004790,2025-01-11,2025-01-15,Standard Class,CUST-00707,Corporate,Central,PROD-0290,Office Supplies,Storage,8,509.58,0.0,4076.64,1293.99
ORD-004791,2023-03-12,2023-03-13,Standard Class,CUST-00627,Corporate,South,PROD-0291,Technology,Copiers,4,842.25,0.0,3369.0,932.2
ORD-004792,2024-05-20,2024-05-25,Standard Class,CUST-00016,Corporate,Central,PROD-0292,Office Supplies,Storage,7,465.84,0.0,3260.88,-318.07
ORD-004793,2024-01-13,2024-01-20,Standard Class,CUST-00284,Home Office,South,PROD-0293,Technology,Accessories,11,117.33,0.2,1032.5,-85.8
ORD-004794,2023-02-23,2023-02-28,Second Class,CUST-00845,Consumer,South,PROD-0294,Furniture,Furnishings,10,672.47,0.15,5716.0,2024.26
ORD-004795,2025-08-01,2025-08-05,Standard Class,CUST-00524,Consumer,Central,PROD-0295,Furniture,Chairs,7,561.67,0.0,3931.69,326.49
ORD-004796,2026-04-23,2026-04-27,First Class,CUST-00572,Corporate,West,PROD-0296,Office Supplies,Storage,8,89.83,0.0,718.64,109.03
ORD-004797,2023-08-02,2023-08-07,Standard Class,CUST-00571,Home Office,South,PROD-0297,Furniture,Tables,10,398.64,0.0,3986.4,1476.14
ORD-004798,2024-09-03,2024-09-10,Second Class,CUST-00061,Home Office,West,PROD-0298,Furniture,Bookcases,10,484.15,0.0,4841.5,540.03
ORD-004799,2024-02-09,2024-02-14,Standard Class,CUST-00796,Consumer,West,PROD-0299,Office Supplies,Paper,11,884.22,0.3,6808.49,1992.54
ORD-004800,2024-06-26,2024-06-28,Second Class,CUST-00651,Consumer,West,PROD-0300,Office Supplies,Paper,4,112.54,0.0,450.16,174.45
ORD-004801,2025-10-02,2025-10-09,Second Class,CUST-00234,Home Office,East,PROD-0001,Office Supplies,Art,2,427.44,0.15,726.65,175.01
ORD-004802,2023-12-10,2023-12-16,Standard Class,CUST-00717,Home Office,South,PROD-0002,Office Supplies,Paper,3,746.41,0.0,2239.23,283.03
ORD-004803,2024-11-25,2024-11-26,Standard Class,CUST-00834,Corporate,West,PROD-0003,Furniture,Tables,4,726.74,0.0,2906.96,671.43
ORD-004804,2025-03-04,2025-03-10,First Class,CUST-00560,Corporate,Central,PROD-0004,Office Supplies,Art,7,91.22,0.15,542.76,-27.01
ORD-004805,2025-05-13,2025-05-19,Second Class,CUST-00372,Consumer,West,PROD-0005,Furniture,Furnishings,3,14.17,0.0,42.51,15.06
ORD-004806,2024-02-13,2024-02-16,Standard Class,CUST-00724,Corporate,Central,PROD-0006,Technology,Phones,2,421.93,0.0,843.86,180.52
ORD-004807,2024-04-19,2024-04-26,Standard Class,CUST-00698,Corporate,East,PROD-0007,Office Supplies,Labels,7,66.91,0.1,421.53,146.4
ORD-004808,2025-06-30,2025-07-05,Standard Class,CUST-00334,Corporate,Central,PROD-0008,Furniture,Chairs,5,130.41,0.1,586.85,134.02
ORD-004809,2023-05-17,2023-05-19,Same Day,CUST-00846,Consumer,East,PROD-0009,Furniture,Bookcases,4,578.65,0.0,2314.6,119.0
ORD-004810,2025-05-12,2025-05-15,Second Class,CUST-00346,Consumer,South,PROD-0010,Office Supplies,Storage,6,197.0,0.0,1182.0,199.79
ORD-004811,2023-08-02,2023-08-08,Second Class,CUST-00892,Corporate,East,PROD-0011,Office Supplies,Labels,11,70.93,0.15,663.2,146.4
ORD-004812,2026-06-20,2026-06-24,Standard Class,CUST-00469,Consumer,South,PROD-0012,Office Supplies,Labels,10,332.58,0.0,3325.8,899.68
ORD-004813,2023-09-24,2023-09-27,First Class,CUST-00643,Consumer,East,PROD-0013,Office Supplies,Binders,4,97.99,0.2,313.57,47.93
ORD-004814,2023-03-13,2023-03-19,Standard Class,CUST-00183,Consumer,South,PROD-0014,Office Supplies,Storage,3,119.6,0.0,358.8,-35.79
ORD-004815,2024-12-24,2024-12-31,Standard Class,CUST-00427,Consumer,South,PROD-0015,Technology,Phones,3,778.38,0.0,2335.14,193.65
ORD-004816,2023-02-19,2023-02-26,Standard Class,CUST-00734,Consumer,West,PROD-0016,Furniture,Bookcases,5,783.57,0.3,2742.49,890.12
ORD-004817,2024-12-26,2024-12-28,Standard Class,CUST-00455,Consumer,West,PROD-0017,Technology,Accessories,2,657.07,0.0,1314.14,229.8
ORD-004818,2026-01-10,2026-01-14,Standard Class,CUST-00148,Home Office,West,PROD-0018,Office Supplies,Paper,7,702.64,0.0,4918.48,-286.38
ORD-004819,2025-12-01,2025-12-05,Standard Class,CUST-00030,Corporate,East,PROD-0019,Office Supplies,Art,9,823.58,0.0,7412.22,1903.6
ORD-004820,2025-08-29,2025-09-05,Standard Class,CUST-00741,Consumer,South,PROD-0020,Technology,Phones,5,201.88,0.0,1009.4,349.54
ORD-004821,2024-01-15,2024-01-22,First Class,CUST-00020,Corporate,East,PROD-0021,Office Supplies,Binders,7,775.13,0.0,5425.91,1944.09
ORD-004822,2024-04-27,2024-04-30,Standard Class,CUST-00131,Consumer,Central,PROD-0022,Office Supplies,Binders,11,416.2,0.0,4578.2,1518.71
ORD-004823,2023-01-17,2023-01-20,Standard Class,CUST-00773,Consumer,Central,PROD-0023,Office Supplies,Binders,9,580.57,0.3,3657.59,776.48
ORD-004824,2023-12-08,2023-12-14,Second Class,CUST-00180,Corporate,South,PROD-0024,Office Supplies,Paper,9,746.32,0.0,6716.88,1032.64
ORD-004825,2024-12-05,2024-12-07,Standard Class,CUST-00480,Corporate,South,PROD-0025,Technology,Phones,4,796.73,0.3,2230.84,339.92
ORD-004826,2025-08-12,2025-08-19,Standard Class,CUST-00795,Consumer,East,PROD-0026,Technology,Copiers,9,619.22,0.0,5572.98,-201.49
ORD-004827,2023-06-02,2023-06-08,Standard Class,CUST-00675,Consumer,South,PROD-0027,Technology,Copiers,11,146.94,0.0,1616.34,605.46
ORD-004828,2026-03-14,2026-03-15,Standard Class,CUST-00681,Corporate,South,PROD-0028,Technology,Phones,3,572.84,0.1,1546.67,-79.77
ORD-004829,2024-05-02,2024-05-04,Standard Class,CUST-00068,Consumer,East,PROD-0029,Technology,Machines,9,86.61,0.0,779.49,171.55
ORD-004830,2026-06-25,2026-06-27,First Class,CUST-00275,Consumer,Central,PROD-0030,Office Supplies,Storage,2,134.48,0.15,228.62,43.92
ORD-004831,2023-01-21,2023-01-23,Second Class,CUST-00898,Consumer,Central,PROD-0031,Office Supplies,Paper,6,838.53,0.15,4276.5,-238.24
ORD-004832,2023-08-09,2023-08-15,Standard Class,CUST-00050,Home Office,Central,PROD-0032,Office Supplies,Labels,7,409.88,0.2,2295.33,651.11
ORD-004833,2025-08-15,2025-08-16,Standard Class,CUST-00233,Corporate,East,PROD-0033,Office Supplies,Art,9,379.05,0.2,2729.16,-130.99
ORD-004834,2025-09-28,2025-09-30,First Class,CUST-00829,Consumer,East,PROD-0034,Furniture,Chairs,7,540.85,0.0,3785.95,602.11
ORD-004835,2025-11-14,2025-11-16,Standard Class,CUST-00326,Home Office,South,PROD-0035,Office Supplies,Binders,5,841.37,0.0,4206.85,1441.45
ORD-004836,2024-09-24,2024-09-30,Standard Class,CUST-00813,Corporate,East,PROD-0036,Technology,Phones,4,46.27,0.0,185.08,68.91
ORD-004837,2024-02-21,2024-02-23,First Class,CUST-00760,Consumer,West,PROD-0037,Office Supplies,Labels,6,119.44,0.2,573.31,61.74
ORD-004838,2025-02-10,2025-02-17,Standard Class,CUST-00440,Consumer,Central,PROD-0038,Furniture,Chairs,8,761.52,0.0,6092.16,1160.53
ORD-004839,2023-07-24,2023-07-29,Second Class,CUST-00218,Consumer,West,PROD-0039,Office Supplies,Labels,10,358.7,0.0,3587.0,1379.96
ORD-004840,2025-02-09,2025-02-10,Standard Class,CUST-00787,Corporate,West,PROD-0040,Office Supplies,Storage,4,584.05,0.0,2336.2,388.8
ORD-004841,2025-02-04,2025-02-07,Standard Class,CUST-00278,Home Office,West,PROD-0041,Office Supplies,Paper,7,873.17,0.0,6112.19,1854.74
ORD-004842,2025-11-17,2025-11-18,Standard Class,CUST-00018,Home Office,West,PROD-0042,Furniture,Furnishings,5,49.74,0.0,248.7,58.49
ORD-004843,2025-11-06,2025-11-13,Standard Class,CUST-00130,Home Office,Central,PROD-0043,Office Supplies,Binders,11,349.45,0.0,3843.95,1334.33
ORD-004844,2025-07-02,2025-07-03,Standard Class,CUST-00412,Consumer,West,PROD-0044,Furniture,Chairs,8,236.48,0.1,1702.66,229.67
ORD-004845,2025-10-17,2025-10-20,Standard Class,CUST-00689,Consumer,East,PROD-0045,Office Supplies,Binders,10,589.53,0.0,5895.3,2134.8
ORD-004846,2023-09-24,2023-09-26,Standard Class,CUST-00512,Corporate,West,PROD-0046,Furniture,Chairs,1,501.37,0.0,501.37,26.65
ORD-004847,2023-07-24,2023-07-31,Second Class,CUST-00302,Consumer,Central,PROD-0047,Office Supplies,Paper,7,448.81,0.0,3141.67,1250.33
ORD-004848,2025-01-11,2025-01-13,First Class,CUST-00475,Corporate,West,PROD-0048,Furniture,Furnishings,1,299.98,0.0,299.98,43.85
ORD-004849,2023-04-02,2023-04-08,Standard Class,CUST-00626,Home Office,Central,PROD-0049,Technology,Machines,5,146.73,0.3,513.55,-9.86
ORD-004850,2026-05-27,2026-05-28,Second Class,CUST-00670,Corporate,East,PROD-0050,Technology,Phones,10,541.62,0.0,5416.2,1665.3
ORD-004851,2024-05-25,2024-05-26,Standard Class,CUST-00610,Home Office,West,PROD-0051,Furniture,Bookcases,10,717.71,0.2,5741.68,1040.82
ORD-004852,2026-04-02,2026-04-09,First Class,CUST-00491,Corporate,South,PROD-0052,Office Supplies,Art,8,549.55,0.0,4396.4,1079.48
ORD-004853,2023-09-26,2023-10-02,Standard Class,CUST-00186,Consumer,Central,PROD-0053,Furniture,Chairs,11,513.9,0.0,5652.9,155.11
ORD-004854,2025-07-02,2025-07-03,Standard Class,CUST-00821,Consumer,West,PROD-0054,Technology,Copiers,1,798.43,0.0,798.43,255.37
ORD-004855,2025-10-03,2025-10-08,Standard Class,CUST-00557,Consumer,East,PROD-0055,Office Supplies,Paper,10,161.44,0.0,1614.4,333.64
ORD-004856,2025-02-26,2025-02-27,Standard Class,CUST-00095,Consumer,West,PROD-0056,Office Supplies,Storage,11,572.25,0.0,6294.75,1771.59
ORD-004857,2025-12-03,2025-12-08,Standard Class,CUST-00271,Consumer,East,PROD-0057,Furniture,Bookcases,7,532.1,0.0,3724.7,65.89
ORD-004858,2023-04-27,2023-05-01,Standard Class,CUST-00595,Consumer,West,PROD-0058,Technology,Phones,6,22.58,0.1,121.93,33.88
ORD-004859,2024-11-21,2024-11-25,Standard Class,CUST-00780,Corporate,West,PROD-0059,Technology,Accessories,9,57.05,0.0,513.45,21.95
ORD-004860,2023-10-08,2023-10-14,Standard Class,CUST-00432,Corporate,Central,PROD-0060,Furniture,Chairs,7,540.73,0.0,3785.11,149.23
ORD-004861,2023-01-06,2023-01-13,Standard Class,CUST-00479,Consumer,Central,PROD-0061,Office Supplies,Paper,6,851.37,0.0,5108.22,749.86
ORD-004862,2023-06-08,2023-06-09,Second Class,CUST-00281,Home Office,East,PROD-0062,Technology,Machines,5,517.23,0.0,2586.15,801.32
ORD-004863,2026-06-24,2026-06-28,First Class,CUST-00481,Corporate,West,PROD-0063,Furniture,Chairs,5,277.19,0.3,970.16,131.18
ORD-004864,2023-05-01,2023-05-02,Standard Class,CUST-00550,Consumer,South,PROD-0064,Furniture,Chairs,2,602.14,0.0,1204.28,454.36
ORD-004865,2024-01-21,2024-01-28,Standard Class,CUST-00044,Corporate,East,PROD-0065,Technology,Copiers,7,295.96,0.1,1864.55,601.14
ORD-004866,2024-06-26,2024-07-01,Standard Class,CUST-00290,Consumer,East,PROD-0066,Office Supplies,Storage,1,126.61,0.2,101.29,20.29
ORD-004867,2025-12-20,2025-12-21,Standard Class,CUST-00846,Consumer,South,PROD-0067,Office Supplies,Storage,1,177.83,0.0,177.83,12.97
ORD-004868,2023-02-09,2023-02-13,Standard Class,CUST-00781,Corporate,West,PROD-0068,Technology,Machines,1,557.84,0.1,502.06,63.0
ORD-004869,2023-03-23,2023-03-28,First Class,CUST-00530,Consumer,Central,PROD-0069,Office Supplies,Paper,8,188.83,0.15,1284.04,132.32
ORD-004870,2025-11-04,2025-11-10,First Class,CUST-00307,Home Office,South,PROD-0070,Technology,Accessories,1,854.23,0.0,854.23,258.94
ORD-004871,2025-07-16,2025-07-23,First Class,CUST-00043,Consumer,South,PROD-0071,Technology,Machines,5,138.29,0.0,691.45,118.81
ORD-004872,2025-01-08,2025-01-14,Standard Class,CUST-00764,Consumer,Central,PROD-0072,Office Supplies,Storage,10,523.45,0.0,5234.5,1718.51
ORD-004873,2025-04-27,2025-05-02,Standard Class,CUST-00615,Consumer,East,PROD-0073,Technology,Copiers,11,349.68,0.0,3846.48,1178.87
ORD-004874,2023-05-11,2023-05-16,Standard Class,CUST-00643,Consumer,South,PROD-0074,Technology,Phones,10,650.6,0.3,4554.2,1535.92
ORD-004875,2024-06-05,2024-06-08,Second Class,CUST-00473,Consumer,East,PROD-0075,Office Supplies,Paper,10,883.8,0.0,8838.0,-713.87
ORD-004876,2026-02-18,2026-02-21,Standard Class,CUST-00483,Consumer,East,PROD-0076,Office Supplies,Art,11,783.02,0.3,6029.25,1276.82
ORD-004877,2023-10-22,2023-10-29,Standard Class,CUST-00231,Home Office,South,PROD-0077,Office Supplies,Paper,2,594.78,0.0,1189.56,-2.51
ORD-004878,2023-01-02,2023-01-04,Second Class,CUST-00285,Consumer,South,PROD-0078,Technology,Machines,7,392.68,0.0,2748.76,148.83
ORD-004879,2023-04-19,2023-04-20,Second Class,CUST-00601,Corporate,West,PROD-0079,Office Supplies,Binders,8,92.09,0.0,736.72,217.07
ORD-004880,2025-02-03,2025-02-09,Second Class,CUST-00028,Corporate,South,PROD-0080,Office Supplies,Art,10,192.63,0.2,1541.04,165.01
ORD-004881,2025-07-02,2025-07-09,Second Class,CUST-00189,Consumer,South,PROD-0081,Office Supplies,Art,3,98.33,0.0,294.99,115.86
ORD-004882,2025-09-03,2025-09-09,Standard Class,CUST-00266,Corporate,West,PROD-0082,Technology,Copiers,2,600.47,0.15,1020.8,190.27
ORD-004883,2025-05-07,2025-05-08,Standard Class,CUST-00483,Consumer,Central,PROD-0083,Furniture,Chairs,8,250.63,0.0,2005.04,687.23
ORD-004884,2024-06-25,2024-06-29,Second Class,CUST-00267,Home Office,Central,PROD-0084,Furniture,Tables,1,167.62,0.0,167.62,1.81
ORD-004885,2024-07-10,2024-07-11,Second Class,CUST-00850,Home Office,East,PROD-0085,Furniture,Chairs,11,724.58,0.0,7970.38,-372.93
ORD-004886,2024-12-14,2024-12-15,First Class,CUST-00623,Home Office,Central,PROD-0086,Technology,Phones,6,899.57,0.2,4317.94,521.67
ORD-004887,2023-11-12,2023-11-19,Standard Class,CUST-00723,Corporate,Central,PROD-0087,Office Supplies,Storage,4,419.8,0.3,1175.44,309.8
ORD-004888,2024-02-29,2024-03-01,Second Class,CUST-00368,Consumer,West,PROD-0088,Technology,Phones,8,896.43,0.0,7171.44,1046.78
ORD-004889,2024-06-26,2024-07-03,Standard Class,CUST-00139,Corporate,Central,PROD-0089,Technology,Copiers,8,6.28,0.0,50.24,4.02
ORD-004890,2025-09-18,2025-09-21,First Class,CUST-00292,Corporate,West,PROD-0090,Furniture,Furnishings,4,567.11,0.3,1587.91,420.75
ORD-004891,2024-08-10,2024-08-17,Standard Class,CUST-00100,Home Office,Central,PROD-0091,Furniture,Tables,3,664.02,0.0,1992.06,391.17
ORD-004892,2025-08-30,2025-08-31,Standard Class,CUST-00110,Consumer,West,PROD-0092,Office Supplies,Art,7,541.69,0.0,3791.83,1033.7
ORD-004893,2023-08-12,2023-08-15,Second Class,CUST-00439,Consumer,West,PROD-0093,Office Supplies,Storage,11,590.55,0.2,5196.84,680.7
ORD-004894,2025-11-18,2025-11-25,Standard Class,CUST-00734,Consumer,Central,PROD-0094,Office Supplies,Binders,8,664.67,0.3,3722.15,343.87
ORD-004895,2023-08-11,2023-08-15,Second Class,CUST-00799,Corporate,South,PROD-0095,Technology,Accessories,11,130.69,0.0,1437.59,101.76
ORD-004896,2023-03-11,2023-03-16,Standard Class,CUST-00567,Home Office,West,PROD-0096,Technology,Phones,7,348.23,0.3,1706.33,12.4
ORD-004897,2025-04-02,2025-04-03,Standard Class,CUST-00516,Home Office,South,PROD-0097,Technology,Accessories,3,611.47,0.1,1650.97,315.82
ORD-004898,2024-06-20,2024-06-21,Standard Class,CUST-00523,Consumer,East,PROD-0098,Office Supplies,Labels,10,33.48,0.15,284.58,75.07
ORD-004899,2024-12-19,2024-12-22,Standard Class,CUST-00869,Consumer,Central,PROD-0099,Technology,Machines,1,821.72,0.1,739.55,58.98
ORD-004900,2023-06-23,2023-06-27,Standard Class,CUST-00595,Consumer,East,PROD-0100,Technology,Accessories,6,438.39,0.0,2630.34,336.63
ORD-004901,2024-05-13,2024-05-15,Second Class,CUST-00217,Consumer,South,PROD-0101,Office Supplies,Binders,5,211.67,0.5,529.17,182.21
ORD-004902,2025-09-20,2025-09-23,Standard Class,CUST-00613,Consumer,West,PROD-0102,Office Supplies,Art,10,772.46,0.15,6565.91,2153.89
ORD-004903,2023-11-05,2023-11-09,First Class,CUST-00232,Consumer,South,PROD-0103,Office Supplies,Binders,1,114.25,0.0,114.25,-4.71
ORD-004904,2026-01-04,2026-01-09,First Class,CUST-00398,Home Office,West,PROD-0104,Furniture,Tables,10,626.07,0.1,5634.63,1720.95
ORD-004905,2023-06-23,2023-06-28,Second Class,CUST-00178,Home Office,South,PROD-0105,Office Supplies,Binders,11,591.94,0.3,4557.94,-431.29
ORD-004906,2024-11-08,2024-11-12,Standard Class,CUST-00136,Consumer,Central,PROD-0106,Furniture,Furnishings,3,437.5,0.0,1312.5,419.1
ORD-004907,2025-08-05,2025-08-07,Standard Class,CUST-00742,Consumer,Central,PROD-0107,Furniture,Bookcases,2,185.09,0.15,314.65,43.09
ORD-004908,2023-12-31,2024-01-05,Standard Class,CUST-00273,Consumer,South,PROD-0108,Office Supplies,Binders,7,389.8,0.1,2455.74,-244.71
ORD-004909,2023-12-07,2023-12-12,Standard Class,CUST-00070,Home Office,West,PROD-0109,Furniture,Chairs,9,112.89,0.0,1016.01,121.27
ORD-004910,2024-04-04,2024-04-07,Second Class,CUST-00049,Consumer,South,PROD-0110,Office Supplies,Art,2,311.21,0.0,622.42,163.64
ORD-004911,2024-11-04,2024-11-10,Standard Class,CUST-00618,Home Office,West,PROD-0111,Furniture,Chairs,1,186.13,0.0,186.13,-6.81
ORD-004912,2024-12-20,2024-12-23,Second Class,CUST-00856,Corporate,East,PROD-0112,Office Supplies,Binders,5,255.38,0.0,1276.9,238.63
ORD-004913,2025-08-10,2025-08-13,Standard Class,CUST-00794,Home Office,Central,PROD-0113,Office Supplies,Paper,4,434.01,0.15,1475.63,195.57
ORD-004914,2023-06-22,2023-06-23,Second Class,CUST-00746,Consumer,South,PROD-0114,Office Supplies,Labels,8,254.38,0.15,1729.78,530.78
ORD-004915,2023-08-23,2023-08-29,Second Class,CUST-00725,Corporate,West,PROD-0115,Office Supplies,Paper,7,628.82,0.0,4401.74,189.1
ORD-004916,2023-07-10,2023-07-13,Same Day,CUST-00894,Consumer,South,PROD-0116,Furniture,Chairs,8,479.3,0.0,3834.4,-12.6
ORD-004917,2024-10-22,2024-10-23,Second Class,CUST-00506,Consumer,Central,PROD-0117,Furniture,Furnishings,1,711.18,0.15,604.5,188.61
ORD-004918,2024-10-17,2024-10-23,Standard Class,CUST-00882,Home Office,South,PROD-0118,Office Supplies,Art,1,765.92,0.0,765.92,72.38
ORD-004919,2025-07-18,2025-07-24,Second Class,CUST-00181,Consumer,West,PROD-0119,Office Supplies,Labels,9,801.13,0.2,5768.14,1499.98
ORD-004920,2023-08-22,2023-08-26,Same Day,CUST-00295,Home Office,East,PROD-0120,Technology,Machines,8,472.87,0.0,3782.96,915.73
ORD-004921,2025-05-27,2025-05-28,Standard Class,CUST-00267,Consumer,West,PROD-0121,Office Supplies,Labels,10,750.13,0.15,6376.1,2170.43
ORD-004922,2024-05-18,2024-05-21,Standard Class,CUST-00164,Corporate,Central,PROD-0122,Office Supplies,Paper,5,351.75,0.0,1758.75,105.91
ORD-004923,2023-08-22,2023-08-24,Same Day,CUST-00472,Corporate,West,PROD-0123,Furniture,Chairs,2,28.57,0.1,51.43,0.9
ORD-004924,2025-11-10,2025-11-11,Standard Class,CUST-00498,Consumer,South,PROD-0124,Technology,Copiers,10,159.86,0.0,1598.6,436.66
ORD-004925,2024-07-24,2024-07-29,Standard Class,CUST-00640,Corporate,South,PROD-0125,Furniture,Bookcases,10,677.73,0.0,6777.3,1795.44
ORD-004926,2025-03-19,2025-03-23,First Class,CUST-00605,Corporate,South,PROD-0126,Furniture,Tables,9,288.54,0.2,2077.49,38.23
ORD-004927,2023-11-02,2023-11-06,First Class,CUST-00416,Consumer,South,PROD-0127,Office Supplies,Binders,7,466.72,0.0,3267.04,968.46
ORD-004928,2023-07-03,2023-07-06,Second Class,CUST-00582,Consumer,West,PROD-0128,Office Supplies,Art,7,97.41,0.0,681.87,75.65
ORD-004929,2025-01-14,2025-01-21,Standard Class,CUST-00466,Consumer,West,PROD-0129,Office Supplies,Art,10,382.91,0.3,2680.37,-226.89
ORD-004930,2023-08-24,2023-08-30,Second Class,CUST-00183,Consumer,East,PROD-0130,Furniture,Bookcases,10,190.44,0.2,1523.52,328.89
ORD-004931,2025-06-03,2025-06-05,Standard Class,CUST-00801,Home Office,West,PROD-0131,Office Supplies,Storage,5,837.71,0.15,3560.27,1022.27
ORD-004932,2024-05-11,2024-05-16,Second Class,CUST-00206,Consumer,South,PROD-0132,Office Supplies,Labels,2,495.77,0.0,991.54,158.91
ORD-004933,2026-03-04,2026-03-06,Standard Class,CUST-00897,Corporate,South,PROD-0133,Technology,Copiers,7,783.92,0.0,5487.44,1631.04
ORD-004934,2025-01-05,2025-01-10,Second Class,CUST-00788,Corporate,South,PROD-0134,Office Supplies,Art,1,522.92,0.0,522.92,139.67
ORD-004935,2026-06-15,2026-06-22,Standard Class,CUST-00495,Consumer,East,PROD-0135,Technology,Accessories,10,65.07,0.0,650.7,-38.47
ORD-004936,2025-02-05,2025-02-10,Standard Class,CUST-00439,Home Office,Central,PROD-0136,Furniture,Bookcases,10,98.44,0.2,787.52,152.33
ORD-004937,2024-01-18,2024-01-23,First Class,CUST-00032,Corporate,South,PROD-0137,Technology,Accessories,11,334.94,0.3,2579.04,656.54
ORD-004938,2025-07-24,2025-07-25,Standard Class,CUST-00439,Consumer,West,PROD-0138,Technology,Machines,8,274.57,0.0,2196.56,722.69
ORD-004939,2023-09-25,2023-09-28,Standard Class,CUST-00390,Home Office,Central,PROD-0139,Technology,Copiers,6,153.24,0.3,643.61,200.8
ORD-004940,2024-06-04,2024-06-06,Standard Class,CUST-00812,Consumer,East,PROD-0140,Furniture,Chairs,1,793.65,0.0,793.65,181.58
ORD-004941,2023-03-25,2023-03-30,Standard Class,CUST-00860,Home Office,West,PROD-0141,Technology,Machines,5,129.62,0.1,583.29,177.15
ORD-004942,2025-06-18,2025-06-23,First Class,CUST-00885,Consumer,West,PROD-0142,Office Supplies,Art,2,267.72,0.0,535.44,-19.07
ORD-004943,2025-05-17,2025-05-19,Standard Class,CUST-00027,Corporate,South,PROD-0143,Technology,Phones,7,256.07,0.0,1792.49,-95.56
ORD-004944,2024-08-10,2024-08-14,Standard Class,CUST-00571,Consumer,South,PROD-0144,Technology,Accessories,3,831.66,0.0,2494.98,13.33
ORD-004945,2023-08-24,2023-08-30,Standard Class,CUST-00052,Corporate,Central,PROD-0145,Office Supplies,Labels,8,777.31,0.2,4974.78,8.73
ORD-004946,2025-10-15,2025-10-19,Standard Class,CUST-00099,Consumer,Central,PROD-0146,Technology,Machines,2,365.89,0.0,731.78,-13.08
ORD-004947,2024-02-29,2024-03-03,Standard Class,CUST-00062,Consumer,South,PROD-0147,Office Supplies,Art,1,582.26,0.2,465.81,145.8
ORD-004948,2024-05-29,2024-06-02,Standard Class,CUST-00417,Consumer,Central,PROD-0148,Office Supplies,Storage,11,369.12,0.0,4060.32,-149.08
ORD-004949,2026-06-12,2026-06-14,First Class,CUST-00257,Corporate,South,PROD-0149,Office Supplies,Storage,11,460.7,0.0,5067.7,-333.46
ORD-004950,2024-08-27,2024-08-29,Second Class,CUST-00719,Corporate,South,PROD-0150,Technology,Phones,7,688.99,0.0,4822.93,966.66
ORD-004951,2025-10-09,2025-10-12,First Class,CUST-00530,Consumer,West,PROD-0151,Office Supplies,Storage,6,177.97,0.2,854.26,187.66
ORD-004952,2024-05-20,2024-05-23,First Class,CUST-00705,Consumer,East,PROD-0152,Office Supplies,Storage,9,220.77,0.1,1788.24,481.04
ORD-004953,2023-03-28,2023-03-30,Standard Class,CUST-00350,Consumer,East,PROD-0153,Technology,Copiers,3,351.7,0.0,1055.1,-16.93
ORD-004954,2023-11-18,2023-11-21,Second Class,CUST-00825,Corporate,West,PROD-0154,Technology,Accessories,8,820.54,0.0,6564.32,2028.76
ORD-004955,2023-02-28,2023-03-03,Second Class,CUST-00731,Corporate,East,PROD-0155,Office Supplies,Storage,4,686.16,0.3,1921.25,706.74
ORD-004956,2024-09-19,2024-09-21,Standard Class,CUST-00306,Corporate,West,PROD-0156,Office Supplies,Labels,7,319.82,0.1,2014.87,581.2
ORD-004957,2024-09-22,2024-09-29,First Class,CUST-00065,Corporate,West,PROD-0157,Technology,Phones,5,736.96,0.0,3684.8,1024.64
ORD-004958,2026-03-20,2026-03-27,Standard Class,CUST-00694,Consumer,Central,PROD-0158,Office Supplies,Labels,2,382.37,0.0,764.74,208.76
ORD-004959,2023-12-17,2023-12-18,First Class,CUST-00182,Home Office,West,PROD-0159,Furniture,Chairs,4,536.19,0.0,2144.76,-75.02
ORD-004960,2026-05-11,2026-05-16,Second Class,CUST-00664,Consumer,South,PROD-0160,Office Supplies,Labels,6,665.83,0.0,3994.98,-308.44
ORD-004961,2025-11-25,2025-11-29,Same Day,CUST-00343,Consumer,East,PROD-0161,Furniture,Bookcases,7,724.09,0.0,5068.63,1429.17
ORD-004962,2025-09-24,2025-09-27,Standard Class,CUST-00460,Corporate,West,PROD-0162,Furniture,Furnishings,9,107.35,0.0,966.15,254.87
ORD-004963,2025-10-28,2025-11-03,First Class,CUST-00323,Consumer,West,PROD-0163,Office Supplies,Art,10,865.64,0.0,8656.4,-335.39
ORD-004964,2025-01-13,2025-01-16,Standard Class,CUST-00836,Corporate,Central,PROD-0164,Technology,Copiers,11,259.86,0.0,2858.46,112.79
ORD-004965,2023-05-25,2023-06-01,Standard Class,CUST-00278,Consumer,West,PROD-0165,Office Supplies,Binders,8,836.62,0.1,6023.66,555.01
ORD-004966,2025-06-14,2025-06-20,First Class,CUST-00179,Consumer,East,PROD-0166,Furniture,Tables,5,55.09,0.0,275.45,55.47
ORD-004967,2026-02-09,2026-02-15,First Class,CUST-00601,Consumer,East,PROD-0167,Technology,Accessories,5,488.08,0.0,2440.4,-51.6
ORD-004968,2026-02-18,2026-02-24,Standard Class,CUST-00661,Corporate,West,PROD-0168,Office Supplies,Binders,7,703.29,0.0,4923.03,-68.51
ORD-004969,2026-04-24,2026-04-30,Second Class,CUST-00366,Consumer,East,PROD-0169,Office Supplies,Storage,2,32.73,0.0,65.46,16.33
ORD-004970,2026-02-24,2026-02-26,Same Day,CUST-00252,Corporate,South,PROD-0170,Office Supplies,Art,9,198.73,0.0,1788.57,290.03
ORD-004971,2024-10-30,2024-11-05,Standard Class,CUST-00077,Consumer,East,PROD-0171,Office Supplies,Paper,10,858.23,0.1,7724.07,2049.3
ORD-004972,2024-08-17,2024-08-18,Standard Class,CUST-00340,Consumer,East,PROD-0172,Technology,Phones,6,440.0,0.1,2376.0,868.36
ORD-004973,2025-04-26,2025-04-30,Same Day,CUST-00707,Corporate,West,PROD-0173,Office Supplies,Art,6,39.68,0.0,238.08,69.77
ORD-004974,2024-10-18,2024-10-24,Standard Class,CUST-00205,Consumer,West,PROD-0174,Office Supplies,Art,4,399.11,0.15,1356.97,-78.28
ORD-004975,2024-05-12,2024-05-18,Standard Class,CUST-00696,Home Office,Central,PROD-0175,Office Supplies,Art,5,297.23,0.0,1486.15,121.62
ORD-004976,2023-07-07,2023-07-11,Second Class,CUST-00314,Consumer,South,PROD-0176,Furniture,Bookcases,6,303.18,0.0,1819.08,279.33
ORD-004977,2024-10-20,2024-10-26,Second Class,CUST-00766,Corporate,South,PROD-0177,Office Supplies,Binders,4,821.83,0.0,3287.32,828.5
ORD-004978,2024-11-22,2024-11-28,Same Day,CUST-00168,Consumer,East,PROD-0178,Office Supplies,Binders,2,310.54,0.1,558.97,135.92
ORD-004979,2025-03-23,2025-03-26,Standard Class,CUST-00111,Home Office,South,PROD-0179,Office Supplies,Art,2,427.13,0.1,768.83,265.56
ORD-004980,2025-01-13,2025-01-18,Standard Class,CUST-00565,Corporate,Central,PROD-0180,Office Supplies,Art,10,38.11,0.0,381.1,44.37
ORD-004981,2024-01-06,2024-01-07,Second Class,CUST-00530,Corporate,Central,PROD-0181,Office Supplies,Art,8,19.22,0.0,153.76,40.14
ORD-004982,2026-04-07,2026-04-08,Standard Class,CUST-00577,Consumer,Central,PROD-0182,Technology,Accessories,2,309.74,0.2,495.58,-43.06
ORD-004983,2023-01-02,2023-01-09,Standard Class,CUST-00201,Consumer,East,PROD-0183,Office Supplies,Paper,4,596.03,0.15,2026.5,-136.79
ORD-004984,2024-09-29,2024-10-01,Second Class,CUST-00473,Consumer,West,PROD-0184,Office Supplies,Art,1,679.75,0.0,679.75,42.28
ORD-004985,2026-05-11,2026-05-15,Standard Class,CUST-00074,Consumer,East,PROD-0185,Technology,Machines,5,75.22,0.1,338.49,69.78
ORD-004986,2025-02-16,2025-02-19,Second Class,CUST-00307,Corporate,South,PROD-0186,Technology,Accessories,7,861.57,0.0,6030.99,1549.08
ORD-004987,2025-06-27,2025-06-28,Standard Class,CUST-00072,Consumer,South,PROD-0187,Furniture,Bookcases,11,494.36,0.0,5437.96,-541.13
ORD-004988,2026-04-05,2026-04-11,Same Day,CUST-00344,Consumer,Central,PROD-0188,Office Supplies,Storage,3,700.59,0.0,2101.77,-81.79
ORD-004989,2024-09-11,2024-09-16,Standard Class,CUST-00345,Corporate,Central,PROD-0189,Technology,Phones,11,830.26,0.0,9132.86,812.96
ORD-004990,2026-03-09,2026-03-11,First Class,CUST-00524,Consumer,Central,PROD-0190,Office Supplies,Storage,3,271.06,0.0,813.18,176.32
ORD-004991,2024-03-28,2024-04-02,Second Class,CUST-00419,Consumer,Central,PROD-0191,Office Supplies,Binders,4,726.81,0.1,2616.52,907.21
ORD-004992,2024-10-31,2024-11-06,Standard Class,CUST-00892,Home Office,West,PROD-0192,Office Supplies,Binders,11,457.81,0.0,5035.91,199.09
ORD-004993,2023-09-26,2023-09-29,Standard Class,CUST-00622,Consumer,South,PROD-0193,Office Supplies,Paper,3,167.62,0.15,427.43,103.89
ORD-004994,2024-05-26,2024-06-01,Standard Class,CUST-00004,Consumer,West,PROD-0194,Technology,Accessories,7,337.74,0.0,2364.18,712.87
ORD-004995,2023-09-13,2023-09-20,Second Class,CUST-00793,Corporate,Central,PROD-0195,Technology,Copiers,8,515.45,0.15,3505.06,-82.67
ORD-004996,2026-01-02,2026-01-04,Standard Class,CUST-00196,Home Office,Central,PROD-0196,Furniture,Bookcases,2,212.7,0.0,425.4,166.01
ORD-004997,2024-04-21,2024-04-22,Standard Class,CUST-00576,Corporate,Central,PROD-0197,Office Supplies,Art,6,831.85,0.0,4991.1,681.97
ORD-004998,2023-09-02,2023-09-07,Standard Class,CUST-00124,Consumer,South,PROD-0198,Office Supplies,Storage,7,70.71,0.1,445.47,94.07
ORD-004999,2025-04-01,2025-04-06,Standard Class,CUST-00894,Consumer,Central,PROD-0199,Technology,Phones,10,316.05,0.0,3160.5,18.51
ORD-005000,2024-10-28,2024-10-31,Second Class,CUST-00141,Corporate,East,PROD-0200,Office Supplies,Storage,10,385.97,0.1,3473.73,617.11
